utc,station_id,station_name,precip1h_mm,precip3h_mm,precip24h_mm,wind_m_s,wind_dir_deg,temp_C,humidity_pct
2026-09-18T01:20:00Z,33472,宮古,0.0,0.0,0.0,3.9,1.0,19.9,76.0
2026-09-18T01:20:00Z,34392,仙台,0.0,0.0,0.0,3.7,16.0,21.2,72.0
2026-09-18T01:20:00Z,40201,水戸,0.0,0.0,0.0,5.9,2.0,23.2,73.0
2026-09-18T01:20:00Z,44132,東京,0.0,0.0,0.0,3.7,1.0,23.4,68.0
2026-09-18T01:20:00Z,44172,大島,0.0,0.0,0.0,9.0,1.0,22.6,73.0
2026-09-18T01:20:00Z,44226,三宅島,0.0,0.0,0.0,12.7,2.0,23.6,82.0
2026-09-18T01:20:00Z,44263,八丈島,0.0,0.0,26.5,11.5,2.0,24.9,100.0
2026-09-18T01:20:00Z,45148,銚子,0.0,0.0,0.0,8.1,16.0,21.8,91.0
2026-09-18T01:20:00Z,45212,千葉,0.0,0.0,0.0,5.6,1.0,23.0,73.0
2026-09-18T01:20:00Z,46106,横浜,0.0,0.0,0.0,4.8,16.0,23.2,65.0
2026-09-18T01:20:00Z,49142,甲府,0.0,0.0,0.0,2.6,5.0,25.8,55.0
2026-09-18T01:20:00Z,50331,静岡,0.0,0.0,0.0,3.5,4.0,27.3,56.0
2026-09-18T01:20:00Z,62078,大阪,0.0,0.0,0.0,3.2,3.0,28.2,63.0
2026-09-18T01:20:00Z,74182,高知,0.0,0.0,0.0,1.7,11.0,26.9,74.0
2026-09-18T02:20:00Z,33472,宮古,0.0,0.0,0.0,3.2,2.0,19.4,78.0
2026-09-18T02:20:00Z,34392,仙台,0.0,0.0,0.0,3.6,1.0,21.7,70.0
2026-09-18T02:20:00Z,40201,水戸,0.0,0.0,0.0,7.0,2.0,23.2,73.0
2026-09-18T02:20:00Z,44132,東京,0.0,0.0,0.0,2.7,1.0,23.4,70.0
2026-09-18T02:20:00Z,44172,大島,0.0,0.0,0.0,7.8,1.0,23.1,73.0
2026-09-18T02:20:00Z,44226,三宅島,0.0,0.0,0.0,15.0,2.0,23.6,81.0
2026-09-18T02:20:00Z,44263,八丈島,0.5,0.5,27.0,11.8,2.0,24.6,100.0
2026-09-18T02:20:00Z,45148,銚子,0.0,0.0,0.0,8.3,16.0,21.6,93.0
2026-09-18T02:20:00Z,45212,千葉,0.0,0.0,0.0,5.2,1.0,22.6,79.0
2026-09-18T02:20:00Z,46106,横浜,0.0,0.0,0.0,4.6,1.0,23.9,65.0
2026-09-18T02:20:00Z,49142,甲府,0.0,0.0,0.0,1.9,8.0,27.1,54.0
2026-09-18T02:20:00Z,50331,静岡,0.0,0.0,0.0,3.9,4.0,28.5,55.0
2026-09-18T02:20:00Z,62078,大阪,0.0,0.0,0.0,3.5,3.0,28.0,61.0
2026-09-18T02:20:00Z,74182,高知,0.0,0.0,0.0,2.0,9.0,27.7,71.0
2026-09-18T03:20:00Z,33472,宮古,0.0,0.0,0.0,4.0,1.0,19.5,78.0
2026-09-18T03:20:00Z,34392,仙台,0.0,0.0,0.0,4.9,3.0,23.6,55.0
2026-09-18T03:20:00Z,40201,水戸,0.0,0.0,0.0,6.6,2.0,24.0,70.0
2026-09-18T03:20:00Z,44132,東京,0.0,0.0,0.0,3.1,1.0,23.6,68.0
2026-09-18T03:20:00Z,44172,大島,0.0,0.0,0.0,7.9,1.0,23.1,73.0
2026-09-18T03:20:00Z,44226,三宅島,0.0,0.0,0.0,14.9,2.0,23.7,80.0
2026-09-18T03:20:00Z,44263,八丈島,0.0,0.5,27.0,10.6,2.0,25.3,100.0
2026-09-18T03:20:00Z,45148,銚子,0.0,0.0,0.0,8.0,1.0,21.9,90.0
2026-09-18T03:20:00Z,45212,千葉,0.0,0.0,0.0,4.5,1.0,23.5,78.0
2026-09-18T03:20:00Z,46106,横浜,0.0,0.0,0.0,5.9,16.0,23.9,66.0
2026-09-18T03:20:00Z,49142,甲府,0.0,0.0,0.0,2.3,6.0,27.1,50.0
2026-09-18T03:20:00Z,50331,静岡,0.0,0.0,0.0,4.4,4.0,28.3,53.0
2026-09-18T03:20:00Z,62078,大阪,0.0,0.0,0.0,3.1,2.0,28.6,60.0
2026-09-18T03:20:00Z,74182,高知,0.0,0.0,0.0,1.5,8.0,27.8,68.0
2026-09-18T04:20:00Z,33472,宮古,0.0,0.0,0.0,2.7,15.0,18.6,85.0
2026-09-18T04:20:00Z,34392,仙台,0.0,0.0,0.0,3.5,3.0,24.2,58.0
2026-09-18T04:20:00Z,40201,水戸,0.0,0.0,0.0,6.1,2.0,24.6,67.0
2026-09-18T04:20:00Z,44132,東京,0.0,0.0,0.0,3.8,1.0,25.0,68.0
2026-09-18T04:20:00Z,44172,大島,0.0,0.0,0.0,8.9,1.0,23.0,75.0
2026-09-18T04:20:00Z,44226,三宅島,0.0,0.0,0.0,15.2,2.0,23.8,81.0
2026-09-18T04:20:00Z,44263,八丈島,0.0,0.5,27.0,10.7,2.0,25.3,100.0
2026-09-18T04:20:00Z,45148,銚子,0.0,0.0,0.0,8.4,16.0,21.5,90.0
2026-09-18T04:20:00Z,45212,千葉,0.0,0.0,0.0,3.8,1.0,23.9,73.0
2026-09-18T04:20:00Z,46106,横浜,0.0,0.0,0.0,4.6,16.0,24.4,65.0
2026-09-18T04:20:00Z,49142,甲府,0.0,0.0,0.0,3.4,4.0,27.9,48.0
2026-09-18T04:20:00Z,50331,静岡,0.0,0.0,0.0,3.6,4.0,28.3,53.0
2026-09-18T04:20:00Z,62078,大阪,0.0,0.0,0.0,2.3,1.0,28.9,57.0
2026-09-18T04:20:00Z,74182,高知,0.0,0.0,0.0,2.2,10.0,27.7,68.0
2026-09-18T05:20:00Z,33472,宮古,0.0,0.0,0.0,2.1,15.0,19.4,81.0
2026-09-18T05:20:00Z,34392,仙台,0.0,0.0,0.0,4.0,3.0,23.2,61.0
2026-09-18T05:20:00Z,40201,水戸,0.0,0.0,0.0,5.6,2.0,23.6,71.0
2026-09-18T05:20:00Z,44132,東京,0.0,0.0,0.0,3.1,16.0,24.6,67.0
2026-09-18T05:20:00Z,44172,大島,0.0,0.0,0.0,9.7,1.0,23.1,77.0
2026-09-18T05:20:00Z,44226,三宅島,0.0,0.0,0.0,14.1,2.0,23.9,82.0
2026-09-18T05:20:00Z,44263,八丈島,0.0,0.0,27.0,10.0,2.0,25.4,100.0
2026-09-18T05:20:00Z,45148,銚子,0.0,0.0,0.0,8.8,1.0,21.7,91.0
2026-09-18T05:20:00Z,45212,千葉,0.0,0.0,0.0,4.8,1.0,24.7,69.0
2026-09-18T05:20:00Z,46106,横浜,0.0,0.0,0.0,3.5,16.0,24.6,65.0
2026-09-18T05:20:00Z,49142,甲府,0.0,0.0,0.0,4.8,5.0,27.9,49.0
2026-09-18T05:20:00Z,50331,静岡,0.0,0.0,0.0,4.4,3.0,28.6,50.0
2026-09-18T05:20:00Z,62078,大阪,0.0,0.0,0.0,1.9,2.0,29.2,58.0
2026-09-18T05:20:00Z,74182,高知,0.0,0.0,0.0,1.6,10.0,28.0,67.0
2026-09-18T06:20:00Z,33472,宮古,0.0,0.0,0.0,4.5,1.0,19.6,77.0
2026-09-18T06:20:00Z,34392,仙台,0.0,0.0,0.0,2.7,4.0,22.9,64.0
2026-09-18T06:20:00Z,40201,水戸,0.0,0.0,0.0,5.6,2.0,23.3,74.0
2026-09-18T06:20:00Z,44132,東京,0.0,0.0,0.0,4.0,1.0,24.4,65.0
2026-09-18T06:20:00Z,44172,大島,0.0,0.0,0.0,9.2,1.0,23.3,75.0
2026-09-18T06:20:00Z,44226,三宅島,0.0,0.0,0.0,15.6,2.0,23.7,83.0
2026-09-18T06:20:00Z,44263,八丈島,0.0,0.0,27.0,9.4,2.0,25.4,100.0
2026-09-18T06:20:00Z,45148,銚子,0.0,0.0,0.0,8.0,1.0,21.5,90.0
2026-09-18T06:20:00Z,45212,千葉,0.0,0.0,0.0,6.5,1.0,23.7,72.0
2026-09-18T06:20:00Z,46106,横浜,0.0,0.0,0.0,2.8,1.0,24.7,66.0
2026-09-18T06:20:00Z,49142,甲府,0.0,0.0,0.0,4.3,5.0,28.2,51.0
2026-09-18T06:20:00Z,50331,静岡,0.0,0.0,0.0,3.0,3.0,27.7,53.0
2026-09-18T06:20:00Z,62078,大阪,0.0,0.0,0.0,2.1,2.0,29.0,57.0
2026-09-18T06:20:00Z,74182,高知,0.0,0.0,0.0,1.8,9.0,27.4,70.0
2026-09-18T07:20:00Z,33472,宮古,0.0,0.0,0.0,3.3,16.0,19.5,80.0
2026-09-18T07:20:00Z,34392,仙台,0.0,0.0,0.0,3.5,4.0,21.7,73.0
2026-09-18T07:20:00Z,40201,水戸,0.0,0.0,0.0,4.2,2.0,23.2,73.0
2026-09-18T07:20:00Z,44132,東京,0.0,0.0,0.0,2.2,1.0,24.2,68.0
2026-09-18T07:20:00Z,44172,大島,0.0,0.0,0.0,9.0,2.0,23.4,75.0
2026-09-18T07:20:00Z,44226,三宅島,0.0,0.0,0.0,14.8,2.0,23.6,85.0
2026-09-18T07:20:00Z,44263,八丈島,0.0,0.0,26.5,9.1,1.0,24.5,100.0
2026-09-18T07:20:00Z,45148,銚子,0.0,0.0,0.0,8.5,1.0,20.9,92.0
2026-09-18T07:20:00Z,45212,千葉,0.0,0.0,0.0,7.0,2.0,23.2,73.0
2026-09-18T07:20:00Z,46106,横浜,0.0,0.0,0.0,1.9,16.0,24.6,68.0
2026-09-18T07:20:00Z,49142,甲府,0.0,0.0,0.0,4.2,4.0,26.5,55.0
2026-09-18T07:20:00Z,50331,静岡,0.0,0.0,0.0,3.0,3.0,26.8,57.0
2026-09-18T07:20:00Z,62078,大阪,0.0,0.0,0.0,3.5,2.0,28.9,59.0
2026-09-18T07:20:00Z,74182,高知,0.0,0.0,0.0,1.3,10.0,26.9,71.0
2026-09-18T08:20:00Z,33472,宮古,0.0,0.0,0.0,5.8,1.0,19.0,86.0
2026-09-18T08:20:00Z,34392,仙台,0.0,0.0,0.0,1.7,3.0,20.6,79.0
2026-09-18T08:20:00Z,40201,水戸,0.0,0.0,0.0,4.1,3.0,21.6,79.0
2026-09-18T08:20:00Z,44132,東京,0.0,0.0,0.0,2.9,2.0,24.1,70.0
2026-09-18T08:20:00Z,44172,大島,0.0,0.0,0.0,8.7,2.0,23.2,77.0
2026-09-18T08:20:00Z,44226,三宅島,0.0,0.0,0.0,14.0,2.0,23.6,85.0
2026-09-18T08:20:00Z,44263,八丈島,0.0,0.0,26.5,10.1,1.0,24.5,100.0
2026-09-18T08:20:00Z,45148,銚子,0.0,0.0,0.0,8.8,16.0,20.8,95.0
2026-09-18T08:20:00Z,45212,千葉,0.0,0.0,0.0,5.7,1.0,22.5,75.0
2026-09-18T08:20:00Z,46106,横浜,0.0,0.0,0.0,2.0,2.0,24.2,70.0
2026-09-18T08:20:00Z,49142,甲府,0.0,0.0,0.0,4.5,4.0,25.4,58.0
2026-09-18T08:20:00Z,50331,静岡,0.0,0.0,0.0,3.2,3.0,26.5,59.0
2026-09-18T08:20:00Z,62078,大阪,0.0,0.0,0.0,3.2,2.0,28.6,61.0
2026-09-18T08:20:00Z,74182,高知,0.0,0.0,0.0,2.3,12.0,26.7,73.0
2026-09-18T09:20:00Z,33472,宮古,0.0,0.0,0.0,2.7,16.0,18.2,96.0
2026-09-18T09:20:00Z,34392,仙台,0.0,0.0,0.0,2.3,16.0,19.9,81.0
2026-09-18T09:20:00Z,40201,水戸,0.0,0.0,0.0,3.9,2.0,21.6,78.0
2026-09-18T09:20:00Z,44132,東京,0.0,0.0,0.0,4.5,2.0,23.2,74.0
2026-09-18T09:20:00Z,44172,大島,0.0,0.0,0.0,8.6,2.0,22.8,78.0
2026-09-18T09:20:00Z,44226,三宅島,0.0,0.0,0.0,15.4,2.0,23.4,86.0
2026-09-18T09:20:00Z,44263,八丈島,0.0,0.0,26.5,10.7,2.0,24.5,100.0
2026-09-18T09:20:00Z,45148,銚子,0.0,0.0,0.0,8.0,1.0,20.8,95.0
2026-09-18T09:20:00Z,45212,千葉,0.0,0.0,0.0,5.9,1.0,21.9,78.0
2026-09-18T09:20:00Z,46106,横浜,0.0,0.0,0.0,2.1,1.0,23.3,75.0
2026-09-18T09:20:00Z,49142,甲府,0.0,0.0,0.0,4.2,4.0,24.3,61.0
2026-09-18T09:20:00Z,50331,静岡,0.0,0.0,0.0,3.4,2.0,25.4,64.0
2026-09-18T09:20:00Z,62078,大阪,0.0,0.0,0.0,1.7,4.0,28.3,62.0
2026-09-18T09:20:00Z,74182,高知,0.0,0.0,0.0,3.0,12.0,26.2,77.0
2026-09-18T10:20:00Z,33472,宮古,0.5,0.5,0.5,2.9,16.0,18.1,98.0
2026-09-18T10:20:00Z,34392,仙台,0.0,0.0,0.0,2.1,16.0,19.1,88.0
2026-09-18T10:20:00Z,40201,水戸,0.0,0.0,0.0,2.4,1.0,21.6,78.0
2026-09-18T10:20:00Z,44132,東京,0.0,0.0,0.0,4.0,2.0,23.0,74.0
2026-09-18T10:20:00Z,44172,大島,0.0,0.0,0.0,9.0,2.0,22.2,81.0
2026-09-18T10:20:00Z,44226,三宅島,0.0,0.0,0.0,13.9,2.0,23.0,88.0
2026-09-18T10:20:00Z,44263,八丈島,0.0,0.0,26.5,10.3,1.0,24.5,100.0
2026-09-18T10:20:00Z,45148,銚子,0.0,0.0,0.0,7.4,1.0,20.7,97.0
2026-09-18T10:20:00Z,45212,千葉,0.0,0.0,0.0,5.4,1.0,21.8,79.0
2026-09-18T10:20:00Z,46106,横浜,0.0,0.0,0.0,2.1,2.0,23.1,74.0
2026-09-18T10:20:00Z,49142,甲府,0.0,0.0,0.0,1.8,4.0,23.7,64.0
2026-09-18T10:20:00Z,50331,静岡,0.0,0.0,0.0,2.3,3.0,25.0,67.0
2026-09-18T10:20:00Z,62078,大阪,0.0,0.0,0.0,1.2,2.0,27.8,65.0
2026-09-18T10:20:00Z,74182,高知,0.0,0.0,0.0,1.7,11.0,25.6,81.0
2026-09-18T11:20:00Z,33472,宮古,0.5,1.0,1.0,2.2,15.0,18.3,98.0
2026-09-18T11:20:00Z,34392,仙台,0.0,0.0,0.0,2.4,14.0,19.1,92.0
2026-09-18T11:20:00Z,40201,水戸,0.0,0.0,0.0,3.4,1.0,21.7,78.0
2026-09-18T11:20:00Z,44132,東京,0.0,0.0,0.0,4.0,2.0,22.5,77.0
2026-09-18T11:20:00Z,44172,大島,0.0,0.0,0.0,8.8,2.0,21.9,83.0
2026-09-18T11:20:00Z,44226,三宅島,0.0,0.0,0.0,13.8,2.0,23.1,89.0
2026-09-18T11:20:00Z,44263,八丈島,0.0,0.0,25.5,10.4,2.0,24.8,100.0
2026-09-18T11:20:00Z,45148,銚子,0.0,0.0,0.0,7.6,1.0,20.9,98.0
2026-09-18T11:20:00Z,45212,千葉,0.0,0.0,0.0,4.8,1.0,21.5,81.0
2026-09-18T11:20:00Z,46106,横浜,0.0,0.0,0.0,2.4,2.0,22.7,75.0
2026-09-18T11:20:00Z,49142,甲府,0.0,0.0,0.0,1.2,16.0,23.1,68.0
2026-09-18T11:20:00Z,50331,静岡,0.0,0.0,0.0,3.1,3.0,25.1,63.0
2026-09-18T11:20:00Z,62078,大阪,0.0,0.0,0.0,1.8,1.0,27.0,68.0
2026-09-18T11:20:00Z,74182,高知,0.0,0.0,0.0,2.6,12.0,24.9,86.0
2026-09-18T12:20:00Z,33472,宮古,0.5,1.5,1.5,2.0,15.0,18.3,99.0
2026-09-18T12:20:00Z,34392,仙台,0.0,0.0,0.0,2.3,15.0,19.2,88.0
2026-09-18T12:20:00Z,40201,水戸,0.0,0.0,0.0,3.3,1.0,21.5,78.0
2026-09-18T12:20:00Z,44132,東京,0.0,0.0,0.0,3.1,2.0,22.3,77.0
2026-09-18T12:20:00Z,44172,大島,0.0,0.0,0.0,9.7,2.0,21.8,85.0
2026-09-18T12:20:00Z,44226,三宅島,0.0,0.0,0.0,14.5,2.0,23.0,88.0
2026-09-18T12:20:00Z,44263,八丈島,0.0,0.0,24.5,9.4,2.0,24.5,100.0
2026-09-18T12:20:00Z,45148,銚子,0.0,0.0,0.0,7.0,16.0,21.1,99.0
2026-09-18T12:20:00Z,45212,千葉,0.0,0.0,0.0,5.2,1.0,21.5,82.0
2026-09-18T12:20:00Z,46106,横浜,0.0,0.0,0.0,2.4,2.0,22.4,77.0
2026-09-18T12:20:00Z,49142,甲府,0.0,0.0,0.0,1.5,15.0,22.6,73.0
2026-09-18T12:20:00Z,50331,静岡,0.0,0.0,0.0,1.9,1.0,24.6,67.0
2026-09-18T12:20:00Z,62078,大阪,0.0,0.0,0.0,1.1,1.0,26.4,69.0
2026-09-18T12:20:00Z,74182,高知,0.0,0.0,0.0,2.6,12.0,24.6,89.0
2026-09-18T13:20:00Z,33472,宮古,2.0,3.0,3.5,1.6,15.0,18.4,99.0
2026-09-18T13:20:00Z,34392,仙台,0.0,0.0,0.0,2.2,14.0,19.6,83.0
2026-09-18T13:20:00Z,40201,水戸,0.0,0.0,0.0,2.1,16.0,20.6,83.0
2026-09-18T13:20:00Z,44132,東京,0.0,0.0,0.0,3.0,1.0,22.2,77.0
2026-09-18T13:20:00Z,44172,大島,0.0,0.0,0.0,9.7,2.0,22.1,83.0
2026-09-18T13:20:00Z,44226,三宅島,0.0,0.0,0.0,14.4,2.0,23.1,90.0
2026-09-18T13:20:00Z,44263,八丈島,0.5,0.5,24.5,9.5,2.0,24.4,100.0
2026-09-18T13:20:00Z,45148,銚子,0.0,0.0,0.0,6.8,16.0,21.2,99.0
2026-09-18T13:20:00Z,45212,千葉,0.0,0.0,0.0,4.0,1.0,21.5,82.0
2026-09-18T13:20:00Z,46106,横浜,0.0,0.0,0.0,2.6,16.0,22.4,77.0
2026-09-18T13:20:00Z,49142,甲府,0.0,0.0,0.0,2.7,13.0,22.1,76.0
2026-09-18T13:20:00Z,50331,静岡,0.0,0.0,0.0,1.7,16.0,23.6,74.0
2026-09-18T13:20:00Z,62078,大阪,0.0,0.0,0.0,1.7,2.0,26.6,67.0
2026-09-18T13:20:00Z,74182,高知,0.0,0.0,0.0,2.1,12.0,24.5,88.0
2026-09-18T14:20:00Z,33472,宮古,1.0,3.5,4.5,2.0,14.0,18.5,99.0
2026-09-18T14:20:00Z,34392,仙台,0.0,0.0,0.0,1.6,15.0,19.8,81.0
2026-09-18T14:20:00Z,40201,水戸,0.0,0.0,0.0,1.8,15.0,20.3,84.0
2026-09-18T14:20:00Z,44132,東京,0.0,0.0,0.0,2.6,2.0,22.3,74.0
2026-09-18T14:20:00Z,44172,大島,0.0,0.0,0.0,7.8,2.0,21.8,85.0
2026-09-18T14:20:00Z,44226,三宅島,0.0,0.0,0.0,13.0,2.0,23.2,89.0
2026-09-18T14:20:00Z,44263,八丈島,0.0,0.5,24.0,9.5,2.0,24.5,100.0
2026-09-18T14:20:00Z,45148,銚子,0.0,0.0,0.0,6.0,16.0,21.2,98.0
2026-09-18T14:20:00Z,45212,千葉,0.0,0.0,0.0,3.8,16.0,21.6,81.0
2026-09-18T14:20:00Z,46106,横浜,0.0,0.0,0.0,2.2,2.0,21.9,81.0
2026-09-18T14:20:00Z,49142,甲府,0.0,0.0,0.0,0.9,12.0,21.4,80.0
2026-09-18T14:20:00Z,50331,静岡,0.0,0.0,0.0,1.9,2.0,23.7,73.0
2026-09-18T14:20:00Z,62078,大阪,0.0,0.0,0.0,1.8,2.0,25.7,72.0
2026-09-18T14:20:00Z,74182,高知,0.0,0.0,0.0,2.9,14.0,24.2,90.0
2026-09-18T15:20:00Z,33472,宮古,1.0,4.0,5.5,1.7,14.0,18.4,99.0
2026-09-18T15:20:00Z,34392,仙台,0.0,0.0,0.0,1.9,15.0,19.9,80.0
2026-09-18T15:20:00Z,40201,水戸,0.0,0.0,0.0,2.6,16.0,20.1,85.0
2026-09-18T15:20:00Z,44132,東京,0.0,0.0,0.0,3.2,16.0,21.3,79.0
2026-09-18T15:20:00Z,44172,大島,0.0,0.0,0.0,6.0,1.0,21.7,85.0
2026-09-18T15:20:00Z,44226,三宅島,0.0,0.0,0.0,11.5,2.0,23.2,90.0
2026-09-18T15:20:00Z,44263,八丈島,0.0,0.5,23.5,9.7,2.0,24.3,100.0
2026-09-18T15:20:00Z,45148,銚子,0.0,0.0,0.0,7.3,16.0,21.3,98.0
2026-09-18T15:20:00Z,45212,千葉,0.0,0.0,0.0,3.4,1.0,21.5,81.0
2026-09-18T15:20:00Z,46106,横浜,0.0,0.0,0.0,2.5,1.0,21.3,84.0
2026-09-18T15:20:00Z,49142,甲府,0.0,0.0,0.0,1.0,1.0,21.0,78.0
2026-09-18T15:20:00Z,50331,静岡,0.0,0.0,0.0,1.9,1.0,23.3,74.0
2026-09-18T15:20:00Z,62078,大阪,0.0,0.0,0.0,2.1,1.0,25.5,72.0
2026-09-18T15:20:00Z,74182,高知,0.0,0.0,0.0,1.9,12.0,24.4,88.0
2026-09-18T16:20:00Z,33472,宮古,0.5,2.5,6.0,1.9,12.0,17.7,100.0
2026-09-18T16:20:00Z,34392,仙台,0.0,0.0,0.0,2.9,15.0,19.8,80.0
2026-09-18T16:20:00Z,40201,水戸,0.0,0.0,0.0,1.9,15.0,19.9,86.0
2026-09-18T16:20:00Z,44132,東京,0.0,0.0,0.0,2.3,16.0,21.1,79.0
2026-09-18T16:20:00Z,44172,大島,0.0,0.0,0.0,8.7,2.0,21.5,86.0
2026-09-18T16:20:00Z,44226,三宅島,0.0,0.0,0.0,12.7,2.0,23.3,90.0
2026-09-18T16:20:00Z,44263,八丈島,0.0,0.0,20.5,8.6,2.0,24.5,100.0
2026-09-18T16:20:00Z,45148,銚子,0.0,0.0,0.0,7.0,16.0,21.2,98.0
2026-09-18T16:20:00Z,45212,千葉,0.0,0.0,0.0,3.4,1.0,21.5,82.0
2026-09-18T16:20:00Z,46106,横浜,0.0,0.0,0.0,5.7,16.0,21.3,80.0
2026-09-18T16:20:00Z,49142,甲府,0.0,0.0,0.0,0.6,16.0,20.3,84.0
2026-09-18T16:20:00Z,50331,静岡,0.0,0.0,0.0,1.8,16.0,23.0,76.0
2026-09-18T16:20:00Z,62078,大阪,0.0,0.0,0.0,2.9,1.0,25.4,70.0
2026-09-18T16:20:00Z,74182,高知,0.0,0.0,0.0,3.4,12.0,24.2,89.0
2026-09-18T17:20:00Z,33472,宮古,1.5,3.0,7.5,1.5,11.0,17.5,100.0
2026-09-18T17:20:00Z,34392,仙台,0.0,0.0,0.0,2.1,15.0,19.7,82.0
2026-09-18T17:20:00Z,40201,水戸,0.0,0.0,0.0,2.0,15.0,19.7,87.0
2026-09-18T17:20:00Z,44132,東京,0.0,0.0,0.0,2.7,16.0,21.2,78.0
2026-09-18T17:20:00Z,44172,大島,0.0,0.0,0.0,7.5,2.0,21.5,85.0
2026-09-18T17:20:00Z,44226,三宅島,0.0,0.0,0.0,11.9,2.0,22.9,93.0
2026-09-18T17:20:00Z,44263,八丈島,0.0,0.0,9.0,8.6,2.0,24.2,100.0
2026-09-18T17:20:00Z,45148,銚子,0.0,0.0,0.0,7.3,16.0,21.1,99.0
2026-09-18T17:20:00Z,45212,千葉,0.0,0.0,0.0,2.4,16.0,21.4,80.0
2026-09-18T17:20:00Z,46106,横浜,0.0,0.0,0.0,6.2,16.0,21.2,81.0
2026-09-18T17:20:00Z,49142,甲府,0.0,0.0,0.0,1.1,7.0,20.1,82.0
2026-09-18T17:20:00Z,50331,静岡,0.0,0.0,0.0,1.6,16.0,22.4,80.0
2026-09-18T17:20:00Z,62078,大阪,0.0,0.0,0.0,3.0,1.0,24.9,77.0
2026-09-18T17:20:00Z,74182,高知,0.0,0.0,0.0,1.8,12.0,24.3,88.0
2026-09-18T18:20:00Z,33472,宮古,1.5,3.5,9.0,1.3,7.0,17.6,100.0
2026-09-18T18:20:00Z,34392,仙台,0.0,0.0,0.0,2.1,15.0,19.8,80.0
2026-09-18T18:20:00Z,40201,水戸,0.0,0.0,0.0,2.1,16.0,19.6,88.0
2026-09-18T18:20:00Z,44132,東京,0.0,0.0,0.0,2.6,14.0,21.3,78.0
2026-09-18T18:20:00Z,44172,大島,0.0,0.0,0.0,7.9,1.0,21.4,85.0
2026-09-18T18:20:00Z,44226,三宅島,0.5,0.5,0.5,13.3,2.0,22.5,95.0
2026-09-18T18:20:00Z,44263,八丈島,2.5,2.5,11.5,9.7,1.0,24.2,100.0
2026-09-18T18:20:00Z,45148,銚子,0.5,0.5,0.5,7.7,16.0,20.7,99.0
2026-09-18T18:20:00Z,45212,千葉,0.0,0.0,0.0,2.9,16.0,21.2,81.0
2026-09-18T18:20:00Z,46106,横浜,0.0,0.0,0.0,5.8,16.0,21.1,82.0
2026-09-18T18:20:00Z,49142,甲府,0.0,0.0,0.0,1.1,1.0,20.0,85.0
2026-09-18T18:20:00Z,50331,静岡,0.0,0.0,0.0,1.7,1.0,22.2,78.0
2026-09-18T18:20:00Z,62078,大阪,0.0,0.0,0.0,2.5,2.0,24.8,79.0
2026-09-18T18:20:00Z,74182,高知,0.0,0.0,0.0,1.3,12.0,24.2,88.0
2026-09-18T19:20:00Z,33472,宮古,3.0,6.0,12.0,1.0,10.0,17.6,100.0
2026-09-18T19:20:00Z,34392,仙台,0.0,0.0,0.0,3.8,15.0,20.1,78.0
2026-09-18T19:20:00Z,40201,水戸,0.0,0.0,0.0,1.2,15.0,19.4,89.0
2026-09-18T19:20:00Z,44132,東京,0.0,0.0,0.0,2.4,15.0,21.2,77.0
2026-09-18T19:20:00Z,44172,大島,0.0,0.0,0.0,7.7,1.0,21.3,85.0
2026-09-18T19:20:00Z,44226,三宅島,0.0,0.5,0.5,12.5,2.0,22.9,92.0
2026-09-18T19:20:00Z,44263,八丈島,0.5,3.0,9.0,8.8,2.0,24.5,100.0
2026-09-18T19:20:00Z,45148,銚子,0.0,0.5,0.5,7.5,16.0,20.6,99.0
2026-09-18T19:20:00Z,45212,千葉,0.0,0.0,0.0,3.0,15.0,21.1,81.0
2026-09-18T19:20:00Z,46106,横浜,0.0,0.0,0.0,6.7,16.0,21.0,81.0
2026-09-18T19:20:00Z,49142,甲府,0.0,0.0,0.0,0.7,1.0,19.7,85.0
2026-09-18T19:20:00Z,50331,静岡,0.0,0.0,0.0,1.6,1.0,22.5,78.0
2026-09-18T19:20:00Z,62078,大阪,0.0,0.0,0.0,2.8,1.0,24.4,80.0
2026-09-18T19:20:00Z,74182,高知,0.0,0.0,0.0,2.2,11.0,24.0,88.0
2026-09-18T20:20:00Z,33472,宮古,0.5,5.0,12.5,0.5,10.0,17.7,100.0
2026-09-18T20:20:00Z,34392,仙台,0.0,0.0,0.0,3.0,15.0,20.0,79.0
2026-09-18T20:20:00Z,40201,水戸,0.0,0.0,0.0,2.0,15.0,19.2,89.0
2026-09-18T20:20:00Z,44132,東京,0.0,0.0,0.0,2.1,16.0,21.3,76.0
2026-09-18T20:20:00Z,44172,大島,1.0,1.0,1.0,7.3,1.0,20.5,91.0
2026-09-18T20:20:00Z,44226,三宅島,0.0,0.5,0.5,13.8,2.0,22.9,91.0
2026-09-18T20:20:00Z,44263,八丈島,4.5,7.5,10.5,9.0,2.0,24.8,100.0
2026-09-18T20:20:00Z,45148,銚子,0.0,0.5,0.5,7.9,16.0,20.6,99.0
2026-09-18T20:20:00Z,45212,千葉,0.0,0.0,0.0,3.2,15.0,21.2,81.0
2026-09-18T20:20:00Z,46106,横浜,0.0,0.0,0.0,4.7,16.0,21.2,78.0
2026-09-18T20:20:00Z,49142,甲府,0.0,0.0,0.0,1.2,6.0,19.0,88.0
2026-09-18T20:20:00Z,50331,静岡,0.0,0.0,0.0,3.0,16.0,22.2,78.0
2026-09-18T20:20:00Z,62078,大阪,0.0,0.0,0.0,2.9,1.0,24.1,82.0
2026-09-18T20:20:00Z,74182,高知,0.0,0.0,0.0,2.7,12.0,23.5,90.0
2026-09-18T21:20:00Z,33472,宮古,0.5,4.0,13.0,1.3,9.0,18.0,100.0
2026-09-18T21:20:00Z,34392,仙台,0.0,0.0,0.0,3.3,15.0,20.3,80.0
2026-09-18T21:20:00Z,40201,水戸,0.0,0.0,0.0,1.7,15.0,19.3,90.0
2026-09-18T21:20:00Z,44132,東京,0.0,0.0,0.0,2.5,16.0,21.3,77.0
2026-09-18T21:20:00Z,44172,大島,0.5,1.5,1.5,7.1,2.0,20.7,91.0
2026-09-18T21:20:00Z,44226,三宅島,0.0,0.0,0.5,14.1,2.0,23.0,89.0
2026-09-18T21:20:00Z,44263,八丈島,1.5,6.5,11.0,8.3,2.0,24.8,100.0
2026-09-18T21:20:00Z,45148,銚子,0.0,0.0,0.5,8.0,16.0,20.6,99.0
2026-09-18T21:20:00Z,45212,千葉,0.0,0.0,0.0,2.5,16.0,20.9,88.0
2026-09-18T21:20:00Z,46106,横浜,0.0,0.0,0.0,4.1,16.0,21.4,78.0
2026-09-18T21:20:00Z,49142,甲府,0.0,0.0,0.0,1.0,14.0,19.3,88.0
2026-09-18T21:20:00Z,50331,静岡,0.0,0.0,0.0,0.8,16.0,21.9,83.0
2026-09-18T21:20:00Z,62078,大阪,0.0,0.0,0.0,3.4,1.0,24.0,82.0
2026-09-18T21:20:00Z,74182,高知,0.0,0.0,0.0,0.5,12.0,23.5,91.0
2026-09-18T22:20:00Z,33472,宮古,0.0,1.0,13.0,1.2,10.0,18.2,100.0
2026-09-18T22:20:00Z,34392,仙台,0.0,0.0,0.0,2.7,15.0,20.2,86.0
2026-09-18T22:20:00Z,40201,水戸,0.0,0.0,0.0,2.5,16.0,20.3,87.0
2026-09-18T22:20:00Z,44132,東京,0.0,0.0,0.0,2.3,16.0,21.3,80.0
2026-09-18T22:20:00Z,44172,大島,0.0,1.5,1.5,7.1,2.0,21.3,87.0
2026-09-18T22:20:00Z,44226,三宅島,0.0,0.0,0.5,13.2,2.0,23.3,89.0
2026-09-18T22:20:00Z,44263,八丈島,5.5,11.5,15.5,10.1,2.0,24.5,100.0
2026-09-18T22:20:00Z,45148,銚子,0.0,0.0,0.5,6.8,16.0,21.1,98.0
2026-09-18T22:20:00Z,45212,千葉,0.0,0.0,0.0,2.9,16.0,21.0,87.0
2026-09-18T22:20:00Z,46106,横浜,0.0,0.0,0.0,5.5,16.0,20.5,86.0
2026-09-18T22:20:00Z,49142,甲府,0.0,0.0,0.0,0.5,6.0,19.7,85.0
2026-09-18T22:20:00Z,50331,静岡,0.0,0.0,0.0,2.5,16.0,22.8,82.0
2026-09-18T22:20:00Z,62078,大阪,0.0,0.0,0.0,3.6,1.0,24.7,80.0
2026-09-18T22:20:00Z,74182,高知,0.0,0.0,0.0,1.2,12.0,25.1,82.0
2026-09-18T23:20:00Z,33472,宮古,0.5,1.0,13.5,1.4,10.0,18.4,100.0
2026-09-18T23:20:00Z,34392,仙台,0.0,0.0,0.0,3.6,16.0,20.3,88.0
2026-09-18T23:20:00Z,40201,水戸,0.0,0.0,0.0,2.0,16.0,22.4,79.0
2026-09-18T23:20:00Z,44132,東京,0.0,0.0,0.0,3.3,15.0,22.3,75.0
2026-09-18T23:20:00Z,44172,大島,0.0,0.5,1.5,8.4,1.0,21.7,85.0
2026-09-18T23:20:00Z,44226,三宅島,0.0,0.0,0.5,13.1,2.0,23.5,89.0
2026-09-18T23:20:00Z,44263,八丈島,0.0,7.0,15.5,9.0,1.0,25.1,100.0
2026-09-18T23:20:00Z,45148,銚子,0.0,0.0,0.5,7.1,16.0,21.4,95.0
2026-09-18T23:20:00Z,45212,千葉,0.0,0.0,0.0,3.3,16.0,22.0,82.0
2026-09-18T23:20:00Z,46106,横浜,0.5,0.5,0.5,4.5,16.0,21.8,81.0
2026-09-18T23:20:00Z,49142,甲府,0.0,0.0,0.0,1.7,6.0,21.3,78.0
2026-09-18T23:20:00Z,50331,静岡,0.0,0.0,0.0,2.3,3.0,24.8,67.0
2026-09-18T23:20:00Z,62078,大阪,0.0,0.0,0.0,3.2,1.0,26.3,73.0
2026-09-18T23:20:00Z,74182,高知,0.0,0.0,0.0,2.0,11.0,27.1,74.0
2026-09-19T00:20:00Z,33472,宮古,0.0,0.5,13.5,1.8,8.0,18.8,100.0
2026-09-19T00:20:00Z,34392,仙台,0.0,0.0,0.0,1.4,14.0,21.9,81.0
2026-09-19T00:20:00Z,40201,水戸,0.0,0.0,0.0,1.8,15.0,22.6,78.0
2026-09-19T00:20:00Z,44132,東京,0.0,0.0,0.0,3.2,16.0,22.7,77.0
2026-09-19T00:20:00Z,44172,大島,0.0,0.0,1.5,8.9,2.0,21.9,85.0
2026-09-19T00:20:00Z,44226,三宅島,0.0,0.0,0.5,12.0,2.0,23.6,90.0
2026-09-19T00:20:00Z,44263,八丈島,0.0,5.5,15.5,7.0,3.0,25.8,99.0
2026-09-19T00:20:00Z,45148,銚子,0.0,0.0,0.5,6.7,16.0,21.3,96.0
2026-09-19T00:20:00Z,45212,千葉,0.0,0.0,0.0,4.1,1.0,22.5,80.0
2026-09-19T00:20:00Z,46106,横浜,0.0,0.5,0.5,6.8,16.0,23.1,73.0
2026-09-19T00:20:00Z,49142,甲府,0.0,0.0,0.0,0.7,5.0,22.0,73.0
2026-09-19T00:20:00Z,50331,静岡,0.0,0.0,0.0,2.9,2.0,26.2,65.0
2026-09-19T00:20:00Z,62078,大阪,0.0,0.0,0.0,4.4,2.0,28.1,65.0
2026-09-19T00:20:00Z,74182,高知,0.0,0.0,0.0,2.0,10.0,29.4,58.0
2026-09-19T01:20:00Z,33472,宮古,1.5,2.0,15.0,2.0,1.0,20.1,100.0
2026-09-19T01:20:00Z,34392,仙台,0.0,0.0,0.0,2.5,15.0,23.0,76.0
2026-09-19T01:20:00Z,40201,水戸,0.0,0.0,0.0,1.5,16.0,23.8,78.0
2026-09-19T01:20:00Z,44132,東京,0.0,0.0,0.0,2.9,15.0,23.5,73.0
2026-09-19T01:20:00Z,44172,大島,0.0,0.0,1.5,6.1,1.0,22.4,82.0
2026-09-19T01:20:00Z,44226,三宅島,0.0,0.0,0.5,13.2,2.0,23.5,91.0
2026-09-19T01:20:00Z,44263,八丈島,0.0,0.0,15.5,6.8,2.0,26.8,99.0
2026-09-19T01:20:00Z,45148,銚子,0.0,0.0,0.5,7.2,16.0,21.3,96.0
2026-09-19T01:20:00Z,45212,千葉,0.0,0.0,0.0,3.5,1.0,23.1,80.0
2026-09-19T01:20:00Z,46106,横浜,0.0,0.5,0.5,5.6,16.0,23.3,73.0
2026-09-19T01:20:00Z,49142,甲府,0.0,0.0,0.0,1.0,6.0,23.1,68.0
2026-09-19T01:20:00Z,50331,静岡,0.0,0.0,0.0,3.0,2.0,26.5,66.0
2026-09-19T01:20:00Z,62078,大阪,0.0,0.0,0.0,3.9,2.0,29.2,59.0
2026-09-19T01:20:00Z,74182,高知,0.0,0.0,0.0,2.7,10.0,30.6,58.0
2026-09-19T02:20:00Z,33472,宮古,2.0,3.5,17.0,1.8,2.0,20.1,100.0
2026-09-19T02:20:00Z,34392,仙台,0.0,0.0,0.0,1.5,15.0,23.6,76.0
2026-09-19T02:20:00Z,40201,水戸,0.0,0.0,0.0,3.9,2.0,25.3,75.0
2026-09-19T02:20:00Z,44132,東京,0.0,0.0,0.0,2.1,15.0,23.2,73.0
2026-09-19T02:20:00Z,44172,大島,0.0,0.0,1.5,8.9,2.0,23.0,81.0
2026-09-19T02:20:00Z,44226,三宅島,0.0,0.0,0.5,13.6,2.0,24.1,91.0
2026-09-19T02:20:00Z,44263,八丈島,0.0,0.0,15.0,7.2,2.0,27.4,100.0
2026-09-19T02:20:00Z,45148,銚子,0.0,0.0,0.5,6.7,1.0,21.8,95.0
2026-09-19T02:20:00Z,45212,千葉,0.0,0.0,0.0,4.2,1.0,23.2,82.0
2026-09-19T02:20:00Z,46106,横浜,0.0,0.0,0.5,4.0,16.0,22.5,81.0
2026-09-19T02:20:00Z,49142,甲府,0.0,0.0,0.0,1.0,7.0,25.1,64.0
2026-09-19T02:20:00Z,50331,静岡,0.0,0.0,0.0,1.9,4.0,27.0,66.0
2026-09-19T02:20:00Z,62078,大阪,0.0,0.0,0.0,4.7,2.0,29.7,58.0
2026-09-19T02:20:00Z,74182,高知,0.0,0.0,0.0,3.6,7.0,30.9,53.0
2026-09-19T03:20:00Z,33472,宮古,0.5,4.0,17.5,2.2,1.0,20.1,100.0
2026-09-19T03:20:00Z,34392,仙台,0.0,0.0,0.0,2.3,16.0,23.3,78.0
2026-09-19T03:20:00Z,40201,水戸,0.0,0.0,0.0,4.9,2.0,26.3,72.0
2026-09-19T03:20:00Z,44132,東京,1.0,1.0,1.0,2.5,14.0,21.7,91.0
2026-09-19T03:20:00Z,44172,大島,0.0,0.0,1.5,7.4,2.0,22.0,89.0
2026-09-19T03:20:00Z,44226,三宅島,0.0,0.0,0.5,12.9,2.0,23.8,94.0
2026-09-19T03:20:00Z,44263,八丈島,0.0,0.0,15.0,9.8,2.0,27.9,88.0
2026-09-19T03:20:00Z,45148,銚子,0.0,0.0,0.5,5.9,1.0,21.9,95.0
2026-09-19T03:20:00Z,45212,千葉,0.0,0.0,0.0,3.5,2.0,23.7,82.0
2026-09-19T03:20:00Z,46106,横浜,0.0,0.0,0.5,2.1,1.0,22.9,83.0
2026-09-19T03:20:00Z,49142,甲府,0.0,0.0,0.0,1.4,9.0,26.8,60.0
2026-09-19T03:20:00Z,50331,静岡,0.0,0.0,0.0,2.8,3.0,27.2,67.0
2026-09-19T03:20:00Z,62078,大阪,0.0,0.0,0.0,3.5,2.0,30.0,57.0
2026-09-19T03:20:00Z,74182,高知,0.0,0.0,0.0,5.5,7.0,30.4,56.0
2026-09-19T04:20:00Z,33472,宮古,0.5,3.0,18.0,2.4,2.0,20.8,100.0
2026-09-19T04:20:00Z,34392,仙台,0.0,0.0,0.0,2.1,2.0,24.2,74.0
2026-09-19T04:20:00Z,40201,水戸,0.0,0.0,0.0,4.9,3.0,25.5,75.0
2026-09-19T04:20:00Z,44132,東京,0.0,1.0,1.0,1.8,15.0,22.7,92.0
2026-09-19T04:20:00Z,44172,大島,0.5,0.5,2.0,5.9,1.0,21.7,93.0
2026-09-19T04:20:00Z,44226,三宅島,0.0,0.0,0.5,13.6,2.0,24.1,92.0
2026-09-19T04:20:00Z,44263,八丈島,0.0,0.0,15.0,8.9,3.0,27.6,87.0
2026-09-19T04:20:00Z,45148,銚子,0.0,0.0,0.5,4.6,1.0,21.9,97.0
2026-09-19T04:20:00Z,45212,千葉,1.0,1.0,1.0,4.9,1.0,23.5,87.0
2026-09-19T04:20:00Z,46106,横浜,0.0,0.0,0.5,4.1,16.0,22.9,82.0
2026-09-19T04:20:00Z,49142,甲府,0.0,0.0,0.0,1.1,7.0,27.7,58.0
2026-09-19T04:20:00Z,50331,静岡,0.0,0.0,0.0,2.9,2.0,27.2,71.0
2026-09-19T04:20:00Z,62078,大阪,0.0,0.0,0.0,3.8,3.0,31.2,53.0
2026-09-19T04:20:00Z,74182,高知,0.0,0.0,0.0,3.1,7.0,30.5,58.0
2026-09-19T05:20:00Z,33472,宮古,0.0,1.0,18.0,3.5,2.0,20.9,98.0
2026-09-19T05:20:00Z,34392,仙台,0.0,0.0,0.0,1.5,2.0,24.6,74.0
2026-09-19T05:20:00Z,40201,水戸,0.0,0.0,0.0,5.0,3.0,24.9,78.0
2026-09-19T05:20:00Z,44132,東京,0.5,1.5,1.5,2.2,15.0,22.1,95.0
2026-09-19T05:20:00Z,44172,大島,1.0,1.5,3.0,8.1,2.0,22.0,94.0
2026-09-19T05:20:00Z,44226,三宅島,0.0,0.0,0.5,14.5,2.0,24.3,91.0
2026-09-19T05:20:00Z,44263,八丈島,0.0,0.0,15.0,9.0,3.0,26.8,92.0
2026-09-19T05:20:00Z,45148,銚子,2.5,2.5,3.0,4.4,16.0,22.0,98.0
2026-09-19T05:20:00Z,45212,千葉,0.0,1.0,1.0,3.9,1.0,23.2,89.0
2026-09-19T05:20:00Z,46106,横浜,0.5,0.5,1.0,5.5,16.0,22.3,90.0
2026-09-19T05:20:00Z,49142,甲府,0.0,0.0,0.0,3.6,6.0,28.3,59.0
2026-09-19T05:20:00Z,50331,静岡,0.0,0.0,0.0,4.2,2.0,26.9,73.0
2026-09-19T05:20:00Z,62078,大阪,0.0,0.0,0.0,3.9,2.0,31.0,53.0
2026-09-19T05:20:00Z,74182,高知,0.0,0.0,0.0,4.4,7.0,31.0,58.0
2026-09-19T06:20:00Z,33472,宮古,0.0,0.5,18.0,3.3,1.0,20.6,98.0
2026-09-19T06:20:00Z,34392,仙台,0.0,0.0,0.0,2.0,16.0,24.5,77.0
2026-09-19T06:20:00Z,40201,水戸,0.0,0.0,0.0,4.4,3.0,24.0,82.0
2026-09-19T06:20:00Z,44132,東京,0.5,1.0,2.0,2.5,16.0,22.7,92.0
2026-09-19T06:20:00Z,44172,大島,0.0,1.5,3.0,4.5,1.0,22.1,94.0
2026-09-19T06:20:00Z,44226,三宅島,0.0,0.0,0.5,11.1,2.0,24.3,94.0
2026-09-19T06:20:00Z,44263,八丈島,0.0,0.0,15.0,9.0,3.0,26.5,90.0
2026-09-19T06:20:00Z,45148,銚子,0.5,3.0,3.5,4.9,16.0,21.8,99.0
2026-09-19T06:20:00Z,45212,千葉,0.0,1.0,1.0,3.2,1.0,23.5,87.0
2026-09-19T06:20:00Z,46106,横浜,0.0,0.5,1.0,3.9,16.0,22.6,91.0
2026-09-19T06:20:00Z,49142,甲府,0.0,0.0,0.0,4.7,5.0,28.0,63.0
2026-09-19T06:20:00Z,50331,静岡,0.0,0.0,0.0,3.2,3.0,27.5,71.0
2026-09-19T06:20:00Z,62078,大阪,0.0,0.0,0.0,3.5,2.0,30.7,54.0
2026-09-19T06:20:00Z,74182,高知,0.0,0.0,0.0,4.8,8.0,31.0,59.0
2026-09-19T07:20:00Z,33472,宮古,0.0,0.0,18.0,2.8,1.0,20.3,99.0
2026-09-19T07:20:00Z,34392,仙台,0.0,0.0,0.0,0.9,15.0,23.6,84.0
2026-09-19T07:20:00Z,40201,水戸,0.0,0.0,0.0,3.5,3.0,23.2,86.0
2026-09-19T07:20:00Z,44132,東京,0.0,1.0,2.0,1.0,15.0,22.5,96.0
2026-09-19T07:20:00Z,44172,大島,0.0,1.0,3.0,4.6,1.0,22.4,94.0
2026-09-19T07:20:00Z,44226,三宅島,0.0,0.0,0.5,12.6,2.0,24.5,93.0
2026-09-19T07:20:00Z,44263,八丈島,0.5,0.5,15.5,8.2,3.0,25.6,
2026-09-19T07:20:00Z,45148,銚子,1.0,4.0,4.5,5.0,16.0,21.6,99.0
2026-09-19T07:20:00Z,45212,千葉,0.0,0.0,1.0,3.0,1.0,23.2,91.0
2026-09-19T07:20:00Z,46106,横浜,0.0,0.5,1.0,4.3,16.0,22.5,93.0
2026-09-19T07:20:00Z,49142,甲府,0.0,0.0,0.0,2.4,5.0,27.6,65.0
2026-09-19T07:20:00Z,50331,静岡,0.0,0.0,0.0,2.6,2.0,27.4,72.0
2026-09-19T07:20:00Z,62078,大阪,0.0,0.0,0.0,3.5,3.0,30.7,56.0
2026-09-19T07:20:00Z,74182,高知,0.0,0.0,0.0,2.4,9.0,29.8,65.0
2026-09-19T08:20:00Z,33472,宮古,0.0,0.0,18.0,2.2,1.0,20.0,99.0
2026-09-19T08:20:00Z,34392,仙台,0.0,0.0,0.0,2.1,7.0,23.4,85.0
2026-09-19T08:20:00Z,40201,水戸,0.0,0.0,0.0,3.3,3.0,22.9,88.0
2026-09-19T08:20:00Z,44132,東京,0.0,0.5,2.0,2.6,14.0,22.3,98.0
2026-09-19T08:20:00Z,44172,大島,2.0,2.0,5.0,4.7,1.0,22.5,96.0
2026-09-19T08:20:00Z,44226,三宅島,0.0,0.0,0.5,13.4,2.0,24.5,94.0
2026-09-19T08:20:00Z,44263,八丈島,0.5,1.0,16.0,8.8,3.0,25.6,
2026-09-19T08:20:00Z,45148,銚子,0.0,1.5,4.5,5.1,1.0,21.9,99.0
2026-09-19T08:20:00Z,45212,千葉,0.0,0.0,1.0,3.0,1.0,23.2,90.0
2026-09-19T08:20:00Z,46106,横浜,0.0,0.0,1.0,4.9,16.0,22.6,93.0
2026-09-19T08:20:00Z,49142,甲府,0.0,0.0,0.0,2.4,2.0,27.3,68.0
2026-09-19T08:20:00Z,50331,静岡,0.0,0.0,0.0,3.0,2.0,26.3,79.0
2026-09-19T08:20:00Z,62078,大阪,0.0,0.0,0.0,3.0,3.0,30.4,56.0
2026-09-19T08:20:00Z,74182,高知,0.0,0.0,0.0,2.6,7.0,29.3,67.0
2026-09-19T09:20:00Z,33472,宮古,0.0,0.0,18.0,1.8,16.0,19.9,99.0
2026-09-19T09:20:00Z,34392,仙台,0.0,0.0,0.0,2.8,7.0,22.4,94.0
2026-09-19T09:20:00Z,40201,水戸,0.0,0.0,0.0,4.3,2.0,22.5,90.0
2026-09-19T09:20:00Z,44132,東京,0.0,0.0,2.0,1.2,16.0,22.4,97.0
2026-09-19T09:20:00Z,44172,大島,0.5,2.5,5.5,5.1,1.0,22.6,96.0
2026-09-19T09:20:00Z,44226,三宅島,0.0,0.0,0.5,11.3,2.0,24.6,94.0
2026-09-19T09:20:00Z,44263,八丈島,1.5,2.5,17.5,8.4,3.0,25.6,
2026-09-19T09:20:00Z,45148,銚子,0.0,1.0,4.5,5.8,1.0,22.1,99.0
2026-09-19T09:20:00Z,45212,千葉,0.0,0.0,1.0,4.2,1.0,22.9,90.0
2026-09-19T09:20:00Z,46106,横浜,0.0,0.0,1.0,4.5,16.0,22.7,92.0
2026-09-19T09:20:00Z,49142,甲府,0.0,0.0,0.0,2.9,5.0,25.7,75.0
2026-09-19T09:20:00Z,50331,静岡,0.0,0.0,0.0,2.7,2.0,25.9,81.0
2026-09-19T09:20:00Z,62078,大阪,0.0,0.0,0.0,2.2,3.0,29.6,56.0
2026-09-19T09:20:00Z,74182,高知,0.0,0.0,0.0,2.1,6.0,28.8,67.0
2026-09-19T10:20:00Z,33472,宮古,0.0,0.0,17.5,1.2,15.0,19.8,100.0
2026-09-19T10:20:00Z,34392,仙台,0.0,0.0,0.0,1.7,7.0,21.9,95.0
2026-09-19T10:20:00Z,40201,水戸,0.0,0.0,0.0,3.9,2.0,22.5,89.0
2026-09-19T10:20:00Z,44132,東京,0.0,0.0,2.0,2.2,16.0,22.6,97.0
2026-09-19T10:20:00Z,44172,大島,0.0,2.5,5.5,4.7,2.0,22.8,96.0
2026-09-19T10:20:00Z,44226,三宅島,0.0,0.0,0.5,10.6,2.0,24.9,95.0
2026-09-19T10:20:00Z,44263,八丈島,2.5,4.5,20.0,8.9,3.0,25.6,
2026-09-19T10:20:00Z,45148,銚子,0.0,0.0,4.5,5.6,1.0,22.2,99.0
2026-09-19T10:20:00Z,45212,千葉,0.0,0.0,1.0,3.7,1.0,22.6,92.0
2026-09-19T10:20:00Z,46106,横浜,0.5,0.5,1.5,2.9,16.0,22.7,94.0
2026-09-19T10:20:00Z,49142,甲府,0.0,0.0,0.0,1.8,1.0,25.2,78.0
2026-09-19T10:20:00Z,50331,静岡,0.0,0.0,0.0,2.2,2.0,26.0,81.0
2026-09-19T10:20:00Z,62078,大阪,0.0,0.0,0.0,3.1,16.0,28.1,64.0
2026-09-19T10:20:00Z,74182,高知,0.0,0.0,0.0,1.8,13.0,27.9,74.0
2026-09-19T11:20:00Z,33472,宮古,0.0,0.0,17.0,0.7,14.0,19.8,100.0
2026-09-19T11:20:00Z,34392,仙台,0.0,0.0,0.0,1.5,7.0,22.0,92.0
2026-09-19T11:20:00Z,40201,水戸,0.0,0.0,0.0,3.2,2.0,22.5,92.0
2026-09-19T11:20:00Z,44132,東京,0.0,0.0,2.0,3.0,2.0,22.5,94.0
2026-09-19T11:20:00Z,44172,大島,0.0,0.5,5.5,2.6,16.0,22.8,96.0
2026-09-19T11:20:00Z,44226,三宅島,0.0,0.0,0.5,9.9,2.0,24.7,95.0
2026-09-19T11:20:00Z,44263,八丈島,1.0,5.0,21.0,11.0,3.0,25.4,
2026-09-19T11:20:00Z,45148,銚子,0.0,0.0,4.5,5.3,1.0,22.4,98.0
2026-09-19T11:20:00Z,45212,千葉,0.0,0.0,1.0,3.6,1.0,22.5,93.0
2026-09-19T11:20:00Z,46106,横浜,0.0,0.5,1.5,3.0,1.0,22.8,95.0
2026-09-19T11:20:00Z,49142,甲府,0.0,0.0,0.0,1.1,11.0,25.1,80.0
2026-09-19T11:20:00Z,50331,静岡,0.0,0.0,0.0,1.2,16.0,25.7,83.0
2026-09-19T11:20:00Z,62078,大阪,0.0,0.0,0.0,4.3,1.0,27.4,66.0
2026-09-19T11:20:00Z,74182,高知,0.0,0.0,0.0,0.8,14.0,27.2,75.0
2026-09-19T12:20:00Z,33472,宮古,0.5,0.5,17.0,1.1,10.0,19.6,100.0
2026-09-19T12:20:00Z,34392,仙台,0.0,0.0,0.0,2.1,8.0,21.8,92.0
2026-09-19T12:20:00Z,40201,水戸,0.0,0.0,0.0,2.2,3.0,22.3,93.0
2026-09-19T12:20:00Z,44132,東京,0.0,0.0,2.0,1.7,1.0,22.3,95.0
2026-09-19T12:20:00Z,44172,大島,0.0,0.0,5.5,4.2,1.0,22.8,96.0
2026-09-19T12:20:00Z,44226,三宅島,0.0,0.0,0.5,10.9,2.0,24.8,96.0
2026-09-19T12:20:00Z,44263,八丈島,1.5,5.0,22.5,7.6,3.0,25.4,
2026-09-19T12:20:00Z,45148,銚子,0.0,0.0,4.5,4.6,1.0,22.5,99.0
2026-09-19T12:20:00Z,45212,千葉,0.0,0.0,1.0,3.7,2.0,22.5,93.0
2026-09-19T12:20:00Z,46106,横浜,0.0,0.5,1.5,1.6,1.0,22.9,94.0
2026-09-19T12:20:00Z,49142,甲府,0.0,0.0,0.0,1.2,1.0,24.8,79.0
2026-09-19T12:20:00Z,50331,静岡,0.0,0.0,0.0,0.6,7.0,25.8,81.0
2026-09-19T12:20:00Z,62078,大阪,0.0,0.0,0.0,4.9,1.0,26.4,69.0
2026-09-19T12:20:00Z,74182,高知,0.0,0.0,0.0,2.5,11.0,26.5,80.0
2026-09-19T13:20:00Z,33472,宮古,0.0,0.5,15.0,0.6,10.0,19.5,100.0
2026-09-19T13:20:00Z,34392,仙台,0.0,0.0,0.0,1.7,10.0,21.8,92.0
2026-09-19T13:20:00Z,40201,水戸,0.0,0.0,0.0,2.4,2.0,22.3,95.0
2026-09-19T13:20:00Z,44132,東京,0.0,0.0,2.0,2.0,1.0,22.4,94.0
2026-09-19T13:20:00Z,44172,大島,0.0,0.0,5.5,5.6,1.0,22.8,97.0
2026-09-19T13:20:00Z,44226,三宅島,2.0,2.0,2.5,9.7,2.0,24.9,97.0
2026-09-19T13:20:00Z,44263,八丈島,3.0,5.5,25.0,9.6,3.0,25.6,100.0
2026-09-19T13:20:00Z,45148,銚子,0.0,0.0,4.5,3.6,1.0,22.4,100.0
2026-09-19T13:20:00Z,45212,千葉,0.0,0.0,1.0,3.7,1.0,22.4,94.0
2026-09-19T13:20:00Z,46106,横浜,0.0,0.0,1.5,1.5,1.0,22.8,94.0
2026-09-19T13:20:00Z,49142,甲府,0.0,0.0,0.0,0.6,6.0,24.8,80.0
2026-09-19T13:20:00Z,50331,静岡,0.0,0.0,0.0,0.6,14.0,25.6,82.0
2026-09-19T13:20:00Z,62078,大阪,0.0,0.0,0.0,2.7,16.0,26.2,67.0
2026-09-19T13:20:00Z,74182,高知,0.0,0.0,0.0,2.0,10.0,26.8,78.0
2026-09-19T14:20:00Z,33472,宮古,0.0,0.5,14.0,0.7,10.0,19.3,100.0
2026-09-19T14:20:00Z,34392,仙台,0.0,0.0,0.0,1.9,10.0,21.7,92.0
2026-09-19T14:20:00Z,40201,水戸,0.0,0.0,0.0,2.0,2.0,22.1,96.0
2026-09-19T14:20:00Z,44132,東京,0.0,0.0,2.0,2.7,1.0,22.1,97.0
2026-09-19T14:20:00Z,44172,大島,0.0,0.0,5.5,4.9,1.0,22.9,97.0
2026-09-19T14:20:00Z,44226,三宅島,10.5,12.5,13.0,4.8,3.0,24.9,98.0
2026-09-19T14:20:00Z,44263,八丈島,2.5,7.0,27.5,7.9,2.0,25.5,100.0
2026-09-19T14:20:00Z,45148,銚子,0.0,0.0,4.5,4.4,16.0,22.1,100.0
2026-09-19T14:20:00Z,45212,千葉,0.0,0.0,1.0,4.2,1.0,22.2,95.0
2026-09-19T14:20:00Z,46106,横浜,1.0,1.0,2.5,2.2,1.0,22.5,96.0
2026-09-19T14:20:00Z,49142,甲府,0.0,0.0,0.0,0.7,8.0,24.6,80.0
2026-09-19T14:20:00Z,50331,静岡,0.0,0.0,0.0,1.8,1.0,25.1,85.0
2026-09-19T14:20:00Z,62078,大阪,0.0,0.0,0.0,4.0,16.0,26.2,68.0
2026-09-19T14:20:00Z,74182,高知,0.0,0.0,0.0,1.2,10.0,26.4,77.0
2026-09-19T15:20:00Z,33472,宮古,0.0,0.0,13.0,0.3,7.0,19.2,100.0
2026-09-19T15:20:00Z,34392,仙台,1.0,1.0,1.0,1.2,10.0,21.3,97.0
2026-09-19T15:20:00Z,40201,水戸,0.0,0.0,0.0,2.1,1.0,22.0,97.0
2026-09-19T15:20:00Z,44132,東京,0.0,0.0,2.0,2.2,1.0,22.1,97.0
2026-09-19T15:20:00Z,44172,大島,0.0,0.0,5.5,5.8,1.0,22.9,97.0
2026-09-19T15:20:00Z,44226,三宅島,0.5,13.0,13.5,5.1,3.0,25.0,98.0
2026-09-19T15:20:00Z,44263,八丈島,4.5,10.0,32.0,7.2,3.0,23.8,100.0
2026-09-19T15:20:00Z,45148,銚子,0.0,0.0,4.5,5.0,16.0,21.6,100.0
2026-09-19T15:20:00Z,45212,千葉,0.0,0.0,1.0,3.7,1.0,22.1,96.0
2026-09-19T15:20:00Z,46106,横浜,0.0,1.0,2.5,4.1,16.0,22.3,97.0
2026-09-19T15:20:00Z,49142,甲府,0.0,0.0,0.0,0.7,3.0,24.1,83.0
2026-09-19T15:20:00Z,50331,静岡,0.0,0.0,0.0,1.8,1.0,25.0,84.0
2026-09-19T15:20:00Z,62078,大阪,0.0,0.0,0.0,4.4,16.0,25.7,70.0
2026-09-19T15:20:00Z,74182,高知,0.0,0.0,0.0,1.7,12.0,26.0,78.0
2026-09-19T16:20:00Z,33472,宮古,0.0,0.0,12.5,0.2,0.0,19.2,100.0
2026-09-19T16:20:00Z,34392,仙台,0.0,1.0,1.0,1.4,11.0,21.3,98.0
2026-09-19T16:20:00Z,40201,水戸,0.0,0.0,0.0,0.1,0.0,22.0,98.0
2026-09-19T16:20:00Z,44132,東京,0.0,0.0,2.0,1.9,1.0,22.3,96.0
2026-09-19T16:20:00Z,44172,大島,0.0,0.0,5.5,5.1,1.0,22.9,97.0
2026-09-19T16:20:00Z,44226,三宅島,3.0,14.0,16.5,10.6,2.0,24.8,98.0
2026-09-19T16:20:00Z,44263,八丈島,0.5,7.5,32.5,6.8,3.0,25.0,100.0
2026-09-19T16:20:00Z,45148,銚子,0.0,0.0,4.5,4.5,15.0,21.8,100.0
2026-09-19T16:20:00Z,45212,千葉,0.0,0.0,1.0,4.7,2.0,22.1,96.0
2026-09-19T16:20:00Z,46106,横浜,0.0,1.0,2.5,2.9,16.0,22.3,97.0
2026-09-19T16:20:00Z,49142,甲府,0.0,0.0,0.0,0.5,1.0,24.0,83.0
2026-09-19T16:20:00Z,50331,静岡,0.0,0.0,0.0,0.3,11.0,24.7,85.0
2026-09-19T16:20:00Z,62078,大阪,0.0,0.0,0.0,3.0,16.0,25.3,70.0
2026-09-19T16:20:00Z,74182,高知,0.0,0.0,0.0,2.5,12.0,25.4,82.0
2026-09-19T17:20:00Z,33472,宮古,0.0,0.0,11.0,0.8,9.0,19.1,100.0
2026-09-19T17:20:00Z,34392,仙台,0.0,1.0,1.0,0.4,14.0,21.4,96.0
2026-09-19T17:20:00Z,40201,水戸,0.0,0.0,0.0,0.9,3.0,21.9,98.0
2026-09-19T17:20:00Z,44132,東京,0.5,0.5,2.5,2.0,16.0,22.2,98.0
2026-09-19T17:20:00Z,44172,大島,2.0,2.0,7.5,5.8,1.0,22.6,98.0
2026-09-19T17:20:00Z,44226,三宅島,1.0,4.5,17.5,6.3,3.0,24.4,96.0
2026-09-19T17:20:00Z,44263,八丈島,4.5,9.5,37.0,7.8,3.0,25.5,100.0
2026-09-19T17:20:00Z,45148,銚子,0.0,0.0,4.5,5.0,16.0,21.7,100.0
2026-09-19T17:20:00Z,45212,千葉,0.0,0.0,1.0,3.5,1.0,22.2,96.0
2026-09-19T17:20:00Z,46106,横浜,0.0,0.0,2.5,2.6,16.0,22.5,96.0
2026-09-19T17:20:00Z,49142,甲府,0.0,0.0,0.0,0.0,0.0,23.0,90.0
2026-09-19T17:20:00Z,50331,静岡,0.0,0.0,0.0,1.3,5.0,25.2,82.0
2026-09-19T17:20:00Z,62078,大阪,0.0,0.0,0.0,2.7,1.0,24.7,75.0
2026-09-19T17:20:00Z,74182,高知,0.0,0.0,0.0,2.5,13.0,24.9,83.0
2026-09-19T18:20:00Z,33472,宮古,0.0,0.0,9.5,0.8,11.0,19.1,100.0
2026-09-19T18:20:00Z,34392,仙台,0.0,0.0,1.0,1.4,16.0,21.5,95.0
2026-09-19T18:20:00Z,40201,水戸,0.0,0.0,0.0,1.1,3.0,21.8,98.0
2026-09-19T18:20:00Z,44132,東京,0.0,0.5,2.5,1.7,15.0,22.4,98.0
2026-09-19T18:20:00Z,44172,大島,1.5,3.5,9.0,7.7,2.0,22.6,98.0
2026-09-19T18:20:00Z,44226,三宅島,0.0,4.0,17.0,5.9,3.0,24.4,96.0
2026-09-19T18:20:00Z,44263,八丈島,3.5,8.5,38.0,8.4,3.0,25.6,100.0
2026-09-19T18:20:00Z,45148,銚子,0.0,0.0,4.0,4.9,1.0,21.7,100.0
2026-09-19T18:20:00Z,45212,千葉,0.0,0.0,1.0,4.0,1.0,22.3,95.0
2026-09-19T18:20:00Z,46106,横浜,0.0,0.0,2.5,4.8,16.0,22.4,98.0
2026-09-19T18:20:00Z,49142,甲府,0.0,0.0,0.0,0.4,16.0,23.2,86.0
2026-09-19T18:20:00Z,50331,静岡,0.0,0.0,0.0,2.4,1.0,25.8,76.0
2026-09-19T18:20:00Z,62078,大阪,0.0,0.0,0.0,2.7,1.0,24.7,74.0
2026-09-19T18:20:00Z,74182,高知,0.0,0.0,0.0,2.9,11.0,24.9,83.0
2026-09-19T19:20:00Z,33472,宮古,1.0,1.0,7.5,2.4,11.0,19.1,100.0
2026-09-19T19:20:00Z,34392,仙台,0.0,0.0,1.0,1.4,16.0,21.4,97.0
2026-09-19T19:20:00Z,40201,水戸,0.0,0.0,0.0,1.5,1.0,21.6,98.0
2026-09-19T19:20:00Z,44132,東京,0.0,0.5,2.5,1.7,15.0,22.4,98.0
2026-09-19T19:20:00Z,44172,大島,0.5,4.0,9.5,7.0,1.0,22.7,98.0
2026-09-19T19:20:00Z,44226,三宅島,0.5,1.5,17.5,8.9,2.0,24.8,96.0
2026-09-19T19:20:00Z,44263,八丈島,16.0,24.0,53.5,8.6,3.0,25.5,100.0
2026-09-19T19:20:00Z,45148,銚子,0.0,0.0,4.0,5.8,1.0,21.8,100.0
2026-09-19T19:20:00Z,45212,千葉,0.0,0.0,1.0,3.0,1.0,22.2,96.0
2026-09-19T19:20:00Z,46106,横浜,0.0,0.0,2.5,5.8,16.0,22.3,99.0
2026-09-19T19:20:00Z,49142,甲府,0.0,0.0,0.0,1.0,7.0,23.1,89.0
2026-09-19T19:20:00Z,50331,静岡,0.0,0.0,0.0,1.2,11.0,24.9,83.0
2026-09-19T19:20:00Z,62078,大阪,0.0,0.0,0.0,2.9,1.0,24.5,73.0
2026-09-19T19:20:00Z,74182,高知,0.0,0.0,0.0,1.5,11.0,24.8,82.0
2026-09-19T20:20:00Z,33472,宮古,5.0,6.0,12.0,1.9,11.0,19.1,100.0
2026-09-19T20:20:00Z,34392,仙台,0.0,0.0,1.0,2.3,15.0,21.2,97.0
2026-09-19T20:20:00Z,40201,水戸,0.0,0.0,0.0,1.0,3.0,21.6,98.0
2026-09-19T20:20:00Z,44132,東京,0.0,0.0,2.5,1.8,16.0,22.4,99.0
2026-09-19T20:20:00Z,44172,大島,1.0,3.0,9.5,7.8,2.0,22.8,98.0
2026-09-19T20:20:00Z,44226,三宅島,3.5,4.0,21.0,8.0,3.0,24.6,97.0
2026-09-19T20:20:00Z,44263,八丈島,25.0,44.5,74.0,10.3,3.0,24.4,100.0
2026-09-19T20:20:00Z,45148,銚子,0.0,0.0,4.0,4.9,1.0,21.9,100.0
2026-09-19T20:20:00Z,45212,千葉,0.5,0.5,1.5,4.2,1.0,22.2,96.0
2026-09-19T20:20:00Z,46106,横浜,0.0,0.0,2.5,3.9,16.0,22.3,99.0
2026-09-19T20:20:00Z,49142,甲府,0.0,0.0,0.0,1.1,5.0,23.0,89.0
2026-09-19T20:20:00Z,50331,静岡,0.0,0.0,0.0,0.9,2.0,24.5,82.0
2026-09-19T20:20:00Z,62078,大阪,0.0,0.0,0.0,2.5,1.0,24.4,74.0
2026-09-19T20:20:00Z,74182,高知,0.0,0.0,0.0,1.3,10.0,24.4,84.0
2026-09-19T21:20:00Z,33472,宮古,1.5,7.5,13.0,0.9,13.0,19.2,100.0
2026-09-19T21:20:00Z,34392,仙台,0.0,0.0,1.0,1.6,15.0,21.2,97.0
2026-09-19T21:20:00Z,40201,水戸,0.0,0.0,0.0,1.3,3.0,21.9,97.0
2026-09-19T21:20:00Z,44132,東京,0.5,0.5,3.0,2.3,16.0,22.4,99.0
2026-09-19T21:20:00Z,44172,大島,2.5,4.0,11.5,6.2,1.0,22.9,98.0
2026-09-19T21:20:00Z,44226,三宅島,13.5,17.5,34.5,13.4,2.0,24.7,98.0
2026-09-19T21:20:00Z,44263,八丈島,2.5,43.5,75.0,8.6,3.0,24.6,100.0
2026-09-19T21:20:00Z,45148,銚子,0.5,0.5,4.5,5.7,1.0,22.1,100.0
2026-09-19T21:20:00Z,45212,千葉,1.0,1.5,2.5,3.8,1.0,22.2,97.0
2026-09-19T21:20:00Z,46106,横浜,0.0,0.0,2.5,7.2,16.0,22.3,99.0
2026-09-19T21:20:00Z,49142,甲府,0.0,0.0,0.0,0.3,10.0,23.0,88.0
2026-09-19T21:20:00Z,50331,静岡,0.0,0.0,0.0,2.8,3.0,26.3,74.0
2026-09-19T21:20:00Z,62078,大阪,0.0,0.0,0.0,2.7,2.0,24.4,75.0
2026-09-19T21:20:00Z,74182,高知,0.0,0.0,0.0,1.8,1.0,24.5,83.0
2026-09-19T22:20:00Z,33472,宮古,0.0,6.5,13.0,0.7,8.0,19.5,100.0
2026-09-19T22:20:00Z,34392,仙台,0.0,0.0,1.0,1.9,16.0,21.6,95.0
2026-09-19T22:20:00Z,40201,水戸,0.0,0.0,0.0,2.2,1.0,22.0,95.0
2026-09-19T22:20:00Z,44132,東京,0.0,0.5,3.0,2.3,16.0,22.5,99.0
2026-09-19T22:20:00Z,44172,大島,8.5,12.0,20.0,7.9,1.0,22.9,98.0
2026-09-19T22:20:00Z,44226,三宅島,7.5,24.5,42.0,14.8,2.0,24.3,98.0
2026-09-19T22:20:00Z,44263,八丈島,0.5,28.0,70.0,8.6,3.0,25.5,100.0
2026-09-19T22:20:00Z,45148,銚子,1.0,1.5,5.5,5.8,1.0,21.8,100.0
2026-09-19T22:20:00Z,45212,千葉,1.5,3.0,4.0,2.8,16.0,22.2,97.0
2026-09-19T22:20:00Z,46106,横浜,1.0,1.0,3.5,3.3,16.0,22.7,98.0
2026-09-19T22:20:00Z,49142,甲府,0.0,0.0,0.0,0.6,8.0,23.2,87.0
2026-09-19T22:20:00Z,50331,静岡,0.0,0.0,0.0,2.1,2.0,26.2,78.0
2026-09-19T22:20:00Z,62078,大阪,0.0,0.0,0.0,2.3,2.0,24.6,73.0
2026-09-19T22:20:00Z,74182,高知,0.0,0.0,0.0,2.8,16.0,26.5,70.0
2026-09-19T23:20:00Z,33472,宮古,0.0,1.5,12.5,1.1,11.0,19.9,100.0
2026-09-19T23:20:00Z,34392,仙台,0.0,0.0,1.0,1.4,15.0,21.8,93.0
2026-09-19T23:20:00Z,40201,水戸,0.5,0.5,0.5,2.0,3.0,22.1,97.0
2026-09-19T23:20:00Z,44132,東京,2.0,2.5,5.0,2.2,1.0,22.6,99.0
2026-09-19T23:20:00Z,44172,大島,19.5,30.5,39.5,7.5,1.0,22.7,98.0
2026-09-19T23:20:00Z,44226,三宅島,2.5,23.5,44.5,14.0,2.0,24.1,97.0
2026-09-19T23:20:00Z,44263,八丈島,0.5,3.5,70.5,7.9,3.0,25.6,100.0
2026-09-19T23:20:00Z,45148,銚子,6.5,8.0,12.0,6.6,2.0,22.2,100.0
2026-09-19T23:20:00Z,45212,千葉,5.5,8.0,9.5,3.6,2.0,22.2,98.0
2026-09-19T23:20:00Z,46106,横浜,5.0,6.0,8.0,4.0,16.0,22.7,99.0
2026-09-19T23:20:00Z,49142,甲府,0.0,0.0,0.0,0.6,12.0,24.1,82.0
2026-09-19T23:20:00Z,50331,静岡,0.0,0.0,0.0,4.0,3.0,26.9,73.0
2026-09-19T23:20:00Z,62078,大阪,0.0,0.0,0.0,2.7,1.0,25.0,71.0
2026-09-19T23:20:00Z,74182,高知,0.0,0.0,0.0,3.4,1.0,29.0,54.0
2026-09-20T00:20:00Z,33472,宮古,4.5,4.5,17.0,2.0,11.0,20.2,100.0
2026-09-20T00:20:00Z,34392,仙台,0.0,0.0,1.0,3.3,16.0,21.9,97.0
2026-09-20T00:20:00Z,40201,水戸,2.0,2.5,2.5,4.8,3.0,22.0,96.0
2026-09-20T00:20:00Z,44132,東京,4.0,6.0,9.0,2.4,1.0,22.5,99.0
2026-09-20T00:20:00Z,44172,大島,16.5,44.5,56.0,9.0,2.0,22.4,97.0
2026-09-20T00:20:00Z,44226,三宅島,4.5,14.5,49.0,13.6,2.0,23.9,98.0
2026-09-20T00:20:00Z,44263,八丈島,1.0,2.0,71.5,8.6,2.0,26.1,100.0
2026-09-20T00:20:00Z,45148,銚子,10.5,18.0,22.5,6.2,16.0,21.2,99.0
2026-09-20T00:20:00Z,45212,千葉,8.0,15.0,17.5,4.0,1.0,22.2,98.0
2026-09-20T00:20:00Z,46106,横浜,4.0,10.0,12.0,3.6,1.0,21.8,97.0
2026-09-20T00:20:00Z,49142,甲府,0.0,0.0,0.0,0.2,0.0,24.6,78.0
2026-09-20T00:20:00Z,50331,静岡,0.0,0.0,0.0,3.7,3.0,26.2,78.0
2026-09-20T00:20:00Z,62078,大阪,0.0,0.0,0.0,5.7,16.0,26.1,68.0
2026-09-20T00:20:00Z,74182,高知,0.0,0.0,0.0,6.1,1.0,30.9,50.0
2026-09-20T01:20:00Z,33472,宮古,4.0,8.5,19.5,0.2,0.0,20.5,100.0
2026-09-20T01:20:00Z,34392,仙台,0.0,0.0,1.0,0.6,2.0,22.3,92.0
2026-09-20T01:20:00Z,40201,水戸,1.0,3.5,3.5,3.6,2.0,22.2,96.0
2026-09-20T01:20:00Z,44132,東京,4.5,10.5,13.5,3.0,1.0,22.7,99.0
2026-09-20T01:20:00Z,44172,大島,14.0,50.0,70.0,9.4,2.0,21.9,97.0
2026-09-20T01:20:00Z,44226,三宅島,2.5,9.5,51.5,14.6,2.0,23.9,97.0
2026-09-20T01:20:00Z,44263,八丈島,1.5,3.0,73.0,9.9,3.0,25.8,100.0
2026-09-20T01:20:00Z,45148,銚子,5.0,22.0,27.5,5.4,2.0,22.1,99.0
2026-09-20T01:20:00Z,45212,千葉,8.5,22.0,26.0,3.6,1.0,22.3,98.0
2026-09-20T01:20:00Z,46106,横浜,5.5,14.5,17.5,3.0,16.0,22.5,98.0
2026-09-20T01:20:00Z,49142,甲府,0.0,0.0,0.0,0.4,12.0,24.8,80.0
2026-09-20T01:20:00Z,50331,静岡,0.0,0.0,0.0,2.5,3.0,25.3,84.0
2026-09-20T01:20:00Z,62078,大阪,0.0,0.0,0.0,4.5,1.0,26.9,66.0
2026-09-20T01:20:00Z,74182,高知,0.0,0.0,0.0,5.6,1.0,29.9,54.0
2026-09-20T02:20:00Z,33472,宮古,0.5,9.0,18.0,0.7,16.0,21.3,99.0
2026-09-20T02:20:00Z,34392,仙台,0.0,0.0,1.0,0.4,1.0,22.7,89.0
2026-09-20T02:20:00Z,40201,水戸,0.5,3.5,4.0,3.5,2.0,22.6,97.0
2026-09-20T02:20:00Z,44132,東京,2.0,10.5,15.5,2.9,1.0,23.1,98.0
2026-09-20T02:20:00Z,44172,大島,4.0,34.5,74.0,9.5,2.0,22.1,97.0
2026-09-20T02:20:00Z,44226,三宅島,9.5,16.5,61.0,18.8,2.0,23.2,97.0
2026-09-20T02:20:00Z,44263,八丈島,12.5,15.0,85.5,10.0,2.0,23.9,100.0
2026-09-20T02:20:00Z,45148,銚子,12.0,27.5,39.5,7.4,1.0,20.8,99.0
2026-09-20T02:20:00Z,45212,千葉,4.0,20.5,30.0,4.6,2.0,22.4,95.0
2026-09-20T02:20:00Z,46106,横浜,3.0,12.5,20.5,2.3,1.0,23.1,98.0
2026-09-20T02:20:00Z,49142,甲府,0.0,0.0,0.0,1.0,12.0,26.2,72.0
2026-09-20T02:20:00Z,50331,静岡,0.0,0.0,0.0,3.6,3.0,26.3,78.0
2026-09-20T02:20:00Z,62078,大阪,0.0,0.0,0.0,4.0,16.0,28.1,63.0
2026-09-20T02:20:00Z,74182,高知,0.0,0.0,0.0,5.0,15.0,30.1,53.0
2026-09-20T03:20:00Z,33472,宮古,0.0,4.5,17.5,0.9,16.0,20.9,99.0
2026-09-20T03:20:00Z,34392,仙台,0.0,0.0,1.0,2.0,8.0,23.7,88.0
2026-09-20T03:20:00Z,40201,水戸,0.5,2.0,4.5,4.5,2.0,22.8,96.0
2026-09-20T03:20:00Z,44132,東京,0.5,7.0,15.0,4.0,3.0,23.4,95.0
2026-09-20T03:20:00Z,44172,大島,19.0,37.0,93.0,10.3,2.0,21.8,97.0
2026-09-20T03:20:00Z,44226,三宅島,3.5,15.5,64.5,19.7,2.0,23.2,97.0
2026-09-20T03:20:00Z,44263,八丈島,12.5,26.5,98.0,8.3,2.0,25.7,100.0
2026-09-20T03:20:00Z,45148,銚子,11.5,28.5,51.0,7.2,1.0,20.7,99.0
2026-09-20T03:20:00Z,45212,千葉,1.0,13.5,31.0,3.8,1.0,22.3,93.0
2026-09-20T03:20:00Z,46106,横浜,0.0,8.5,20.5,3.3,2.0,22.9,91.0
2026-09-20T03:20:00Z,49142,甲府,0.0,0.0,0.0,0.8,15.0,26.9,69.0
2026-09-20T03:20:00Z,50331,静岡,0.0,0.0,0.0,3.9,2.0,26.6,75.0
2026-09-20T03:20:00Z,62078,大阪,0.0,0.0,0.0,4.3,16.0,28.9,59.0
2026-09-20T03:20:00Z,74182,高知,0.0,0.0,0.0,6.0,1.0,29.7,55.0
2026-09-20T04:20:00Z,33472,宮古,0.0,0.5,17.0,1.2,1.0,20.4,99.0
2026-09-20T04:20:00Z,34392,仙台,0.0,0.0,1.0,2.2,7.0,23.8,82.0
2026-09-20T04:20:00Z,40201,水戸,0.0,1.0,4.5,4.4,2.0,22.9,93.0
2026-09-20T04:20:00Z,44132,東京,0.0,2.5,15.0,3.1,1.0,22.8,92.0
2026-09-20T04:20:00Z,44172,大島,15.0,38.0,107.5,7.4,1.0,21.0,97.0
2026-09-20T04:20:00Z,44226,三宅島,5.0,18.0,69.5,16.1,2.0,23.5,97.0
2026-09-20T04:20:00Z,44263,八丈島,5.5,30.5,103.5,4.9,3.0,25.8,100.0
2026-09-20T04:20:00Z,45148,銚子,13.5,37.0,64.5,7.8,2.0,21.3,100.0
2026-09-20T04:20:00Z,45212,千葉,1.0,6.0,31.0,4.6,2.0,22.3,92.0
2026-09-20T04:20:00Z,46106,横浜,1.5,4.5,22.0,2.2,2.0,21.9,93.0
2026-09-20T04:20:00Z,49142,甲府,0.0,0.0,0.0,2.7,4.0,27.2,65.0
2026-09-20T04:20:00Z,50331,静岡,0.0,0.0,0.0,3.4,2.0,25.8,80.0
2026-09-20T04:20:00Z,62078,大阪,0.0,0.0,0.0,5.0,16.0,28.9,56.0
2026-09-20T04:20:00Z,74182,高知,0.0,0.0,0.0,4.4,1.0,29.6,56.0
2026-09-20T05:20:00Z,33472,宮古,0.0,0.0,17.0,2.0,2.0,20.8,99.0
2026-09-20T05:20:00Z,34392,仙台,0.0,0.0,1.0,2.0,7.0,24.2,82.0
2026-09-20T05:20:00Z,40201,水戸,0.0,0.5,4.5,3.5,2.0,22.7,94.0
2026-09-20T05:20:00Z,44132,東京,2.0,2.5,16.5,2.6,1.0,22.2,96.0
2026-09-20T05:20:00Z,44172,大島,5.5,39.5,112.0,6.0,1.0,21.1,97.0
2026-09-20T05:20:00Z,44226,三宅島,9.0,17.5,78.5,17.6,2.0,23.3,98.0
2026-09-20T05:20:00Z,44263,八丈島,1.5,19.5,105.0,8.5,3.0,26.1,99.0
2026-09-20T05:20:00Z,45148,銚子,13.0,38.0,75.0,7.4,2.0,21.7,100.0
2026-09-20T05:20:00Z,45212,千葉,5.0,7.0,36.0,4.6,2.0,21.7,95.0
2026-09-20T05:20:00Z,46106,横浜,3.0,4.5,24.5,3.7,16.0,22.1,97.0
2026-09-20T05:20:00Z,49142,甲府,0.0,0.0,0.0,4.6,5.0,26.7,66.0
2026-09-20T05:20:00Z,50331,静岡,0.0,0.0,0.0,3.1,2.0,24.9,81.0
2026-09-20T05:20:00Z,62078,大阪,0.0,0.0,0.0,5.9,16.0,28.3,56.0
2026-09-20T05:20:00Z,74182,高知,0.0,0.0,0.0,3.5,2.0,29.5,53.0
2026-09-20T06:20:00Z,33472,宮古,0.0,0.0,17.0,2.0,2.0,20.5,99.0
2026-09-20T06:20:00Z,34392,仙台,0.0,0.0,1.0,1.9,6.0,24.2,83.0
2026-09-20T06:20:00Z,40201,水戸,1.5,1.5,6.0,4.0,2.0,22.2,97.0
2026-09-20T06:20:00Z,44132,東京,2.0,4.0,18.0,2.5,1.0,21.4,97.0
2026-09-20T06:20:00Z,44172,大島,6.0,26.5,118.0,8.9,1.0,21.6,97.0
2026-09-20T06:20:00Z,44226,三宅島,12.5,26.5,91.0,15.6,2.0,23.8,98.0
2026-09-20T06:20:00Z,44263,八丈島,0.0,7.0,105.0,6.8,3.0,26.3,100.0
2026-09-20T06:20:00Z,45148,銚子,7.0,33.5,81.5,5.6,2.0,21.9,100.0
2026-09-20T06:20:00Z,45212,千葉,1.0,7.0,37.0,2.5,2.0,21.7,97.0
2026-09-20T06:20:00Z,46106,横浜,1.5,6.0,26.0,2.9,1.0,22.0,95.0
2026-09-20T06:20:00Z,49142,甲府,0.0,0.0,0.0,4.8,5.0,26.2,62.0
2026-09-20T06:20:00Z,50331,静岡,0.0,0.0,0.0,4.5,3.0,24.7,82.0
2026-09-20T06:20:00Z,62078,大阪,0.0,0.0,0.0,6.1,1.0,27.6,58.0
2026-09-20T06:20:00Z,74182,高知,0.0,0.0,0.0,2.0,2.0,30.0,52.0
2026-09-20T07:20:00Z,33472,宮古,0.0,0.0,17.0,0.7,2.0,20.8,99.0
2026-09-20T07:20:00Z,34392,仙台,0.0,0.0,1.0,3.1,7.0,22.7,90.0
2026-09-20T07:20:00Z,40201,水戸,0.5,2.0,6.5,5.0,2.0,22.0,97.0
2026-09-20T07:20:00Z,44132,東京,3.0,7.0,21.0,1.8,16.0,21.6,99.0
2026-09-20T07:20:00Z,44172,大島,9.0,20.5,127.0,8.4,1.0,21.7,98.0
2026-09-20T07:20:00Z,44226,三宅島,5.5,27.0,96.5,16.3,2.0,23.7,98.0
2026-09-20T07:20:00Z,44263,八丈島,0.0,1.5,104.5,6.5,4.0,26.9,100.0
2026-09-20T07:20:00Z,45148,銚子,0.5,20.5,81.0,5.1,2.0,22.1,99.0
2026-09-20T07:20:00Z,45212,千葉,3.0,9.0,40.0,2.6,2.0,22.0,98.0
2026-09-20T07:20:00Z,46106,横浜,4.0,8.5,30.0,3.6,1.0,21.5,97.0
2026-09-20T07:20:00Z,49142,甲府,0.0,0.0,0.0,4.2,5.0,25.6,64.0
2026-09-20T07:20:00Z,50331,静岡,2.0,2.0,2.0,2.9,3.0,23.6,89.0
2026-09-20T07:20:00Z,62078,大阪,0.0,0.0,0.0,5.4,1.0,27.4,60.0
2026-09-20T07:20:00Z,74182,高知,0.0,0.0,0.0,2.1,2.0,29.8,53.0
2026-09-20T08:20:00Z,33472,宮古,0.0,0.0,17.0,0.5,13.0,20.6,99.0
2026-09-20T08:20:00Z,34392,仙台,0.0,0.0,1.0,2.9,7.0,22.1,94.0
2026-09-20T08:20:00Z,40201,水戸,1.0,3.0,7.5,4.0,2.0,21.8,97.0
2026-09-20T08:20:00Z,44132,東京,4.0,9.0,25.0,2.6,16.0,21.8,99.0
2026-09-20T08:20:00Z,44172,大島,7.0,22.0,132.0,7.1,1.0,21.9,98.0
2026-09-20T08:20:00Z,44226,三宅島,11.5,29.5,108.0,15.4,2.0,23.8,99.0
2026-09-20T08:20:00Z,44263,八丈島,0.0,0.0,104.0,7.0,4.0,26.8,100.0
2026-09-20T08:20:00Z,45148,銚子,1.5,9.0,82.5,4.8,1.0,22.4,99.0
2026-09-20T08:20:00Z,45212,千葉,3.0,7.0,43.0,3.8,1.0,22.2,98.0
2026-09-20T08:20:00Z,46106,横浜,4.0,9.5,34.0,5.3,16.0,21.6,98.0
2026-09-20T08:20:00Z,49142,甲府,0.5,0.5,0.5,3.6,4.0,23.2,79.0
2026-09-20T08:20:00Z,50331,静岡,3.0,5.0,5.0,3.0,2.0,23.1,92.0
2026-09-20T08:20:00Z,62078,大阪,0.0,0.0,0.0,4.7,16.0,26.9,63.0
2026-09-20T08:20:00Z,74182,高知,0.0,0.0,0.0,2.1,16.0,29.5,53.0
2026-09-20T09:20:00Z,33472,宮古,0.0,0.0,17.0,0.3,13.0,20.3,100.0
2026-09-20T09:20:00Z,34392,仙台,0.0,0.0,1.0,1.5,8.0,22.0,96.0
2026-09-20T09:20:00Z,40201,水戸,4.5,6.0,12.0,4.2,1.0,21.8,98.0
2026-09-20T09:20:00Z,44132,東京,1.5,8.5,26.5,2.8,16.0,22.0,99.0
2026-09-20T09:20:00Z,44172,大島,22.0,38.0,153.5,9.3,1.0,22.0,98.0
2026-09-20T09:20:00Z,44226,三宅島,12.5,29.5,120.5,13.5,2.0,23.1,98.0
2026-09-20T09:20:00Z,44263,八丈島,0.0,0.0,102.5,9.4,3.0,27.1,100.0
2026-09-20T09:20:00Z,45148,銚子,2.5,4.5,85.0,5.7,3.0,22.9,99.0
2026-09-20T09:20:00Z,45212,千葉,4.0,10.0,47.0,3.9,1.0,22.3,98.0
2026-09-20T09:20:00Z,46106,横浜,5.0,13.0,39.0,3.5,16.0,22.0,99.0
2026-09-20T09:20:00Z,49142,甲府,3.5,4.0,4.0,1.5,15.0,21.7,93.0
2026-09-20T09:20:00Z,50331,静岡,3.0,8.0,8.0,2.0,2.0,22.8,93.0
2026-09-20T09:20:00Z,62078,大阪,0.0,0.0,0.0,4.4,16.0,26.4,65.0
2026-09-20T09:20:00Z,74182,高知,0.0,0.0,0.0,3.0,15.0,28.8,54.0
2026-09-20T10:20:00Z,33472,宮古,0.0,0.0,17.0,0.3,12.0,20.5,100.0
2026-09-20T10:20:00Z,34392,仙台,0.0,0.0,1.0,1.0,5.0,22.1,95.0
2026-09-20T10:20:00Z,40201,水戸,1.5,7.0,13.5,3.2,2.0,21.7,97.0
2026-09-20T10:20:00Z,44132,東京,7.5,13.0,34.0,1.9,16.0,21.9,100.0
2026-09-20T10:20:00Z,44172,大島,20.5,49.5,174.0,8.4,1.0,22.1,98.0
2026-09-20T10:20:00Z,44226,三宅島,25.5,49.5,146.0,9.7,1.0,23.7,99.0
2026-09-20T10:20:00Z,44263,八丈島,0.0,0.0,100.0,6.6,3.0,27.2,99.0
2026-09-20T10:20:00Z,45148,銚子,2.5,6.5,87.5,7.8,2.0,23.0,99.0
2026-09-20T10:20:00Z,45212,千葉,10.0,17.0,57.0,4.2,2.0,22.5,98.0
2026-09-20T10:20:00Z,46106,横浜,14.5,23.5,53.0,5.4,16.0,22.0,99.0
2026-09-20T10:20:00Z,49142,甲府,1.0,5.0,5.0,0.6,9.0,21.6,94.0
2026-09-20T10:20:00Z,50331,静岡,2.5,8.5,10.5,0.5,2.0,22.4,97.0
2026-09-20T10:20:00Z,62078,大阪,0.0,0.0,0.0,3.8,16.0,26.1,66.0
2026-09-20T10:20:00Z,74182,高知,0.0,0.0,0.0,3.3,1.0,28.5,54.0
2026-09-20T11:20:00Z,33472,宮古,0.0,0.0,17.0,0.4,16.0,20.4,100.0
2026-09-20T11:20:00Z,34392,仙台,0.0,0.0,1.0,1.8,4.0,21.7,95.0
2026-09-20T11:20:00Z,40201,水戸,1.0,7.0,14.5,5.3,2.0,21.7,97.0
2026-09-20T11:20:00Z,44132,東京,11.0,20.0,45.0,2.6,1.0,21.9,100.0
2026-09-20T11:20:00Z,44172,大島,24.5,67.0,198.5,9.2,1.0,22.4,98.0
2026-09-20T11:20:00Z,44226,三宅島,14.0,52.0,160.0,13.9,2.0,23.8,98.0
2026-09-20T11:20:00Z,44263,八丈島,0.0,0.0,99.0,5.2,4.0,27.0,98.0
2026-09-20T11:20:00Z,45148,銚子,0.0,5.0,87.5,7.2,2.0,22.8,99.0
2026-09-20T11:20:00Z,45212,千葉,7.5,21.5,64.5,2.6,16.0,22.5,98.0
2026-09-20T11:20:00Z,46106,横浜,21.0,40.5,74.0,3.1,16.0,22.0,100.0
2026-09-20T11:20:00Z,49142,甲府,2.5,7.0,7.5,0.5,14.0,21.2,96.0
2026-09-20T11:20:00Z,50331,静岡,3.0,8.5,13.5,2.7,1.0,22.0,96.0
2026-09-20T11:20:00Z,62078,大阪,0.0,0.0,0.0,4.1,1.0,26.0,68.0
2026-09-20T11:20:00Z,74182,高知,0.0,0.0,0.0,1.7,12.0,28.1,59.0
2026-09-20T12:20:00Z,33472,宮古,0.0,0.0,16.5,0.4,14.0,20.1,100.0
2026-09-20T12:20:00Z,34392,仙台,0.0,0.0,1.0,1.8,2.0,21.6,95.0
2026-09-20T12:20:00Z,40201,水戸,0.5,3.0,15.0,4.3,1.0,21.7,98.0
2026-09-20T12:20:00Z,44132,東京,17.5,36.0,62.5,2.8,15.0,21.8,100.0
2026-09-20T12:20:00Z,44172,大島,10.5,55.5,209.0,8.7,1.0,22.0,99.0
2026-09-20T12:20:00Z,44226,三宅島,2.0,41.5,162.0,2.1,13.0,24.4,99.0
2026-09-20T12:20:00Z,44263,八丈島,0.5,0.5,98.0,9.5,3.0,26.9,100.0
2026-09-20T12:20:00Z,45148,銚子,0.0,2.5,87.5,5.5,2.0,22.9,99.0
2026-09-20T12:20:00Z,45212,千葉,3.5,21.0,68.0,4.1,1.0,22.4,98.0
2026-09-20T12:20:00Z,46106,横浜,15.0,50.5,89.0,7.6,16.0,21.9,100.0
2026-09-20T12:20:00Z,49142,甲府,0.5,4.0,8.0,1.4,6.0,21.3,98.0
2026-09-20T12:20:00Z,50331,静岡,0.5,6.0,14.0,2.6,2.0,22.6,90.0
2026-09-20T12:20:00Z,62078,大阪,0.0,0.0,0.0,5.6,1.0,26.0,68.0
2026-09-20T12:20:00Z,74182,高知,0.0,0.0,0.0,4.8,2.0,28.0,57.0
2026-09-20T13:20:00Z,33472,宮古,0.0,0.0,16.5,0.9,3.0,20.3,100.0
2026-09-20T13:20:00Z,34392,仙台,0.0,0.0,1.0,2.0,4.0,21.6,92.0
2026-09-20T13:20:00Z,40201,水戸,4.0,5.5,19.0,5.5,1.0,21.5,98.0
2026-09-20T13:20:00Z,44132,東京,12.0,40.5,74.5,3.6,16.0,21.8,100.0
2026-09-20T13:20:00Z,44172,大島,9.5,44.5,218.5,8.6,1.0,22.0,99.0
2026-09-20T13:20:00Z,44226,三宅島,3.0,19.0,163.0,9.3,2.0,25.0,98.0
2026-09-20T13:20:00Z,44263,八丈島,0.0,0.5,95.0,5.9,3.0,26.6,99.0
2026-09-20T13:20:00Z,45148,銚子,0.0,0.0,87.5,7.6,2.0,23.2,96.0
2026-09-20T13:20:00Z,45212,千葉,10.5,21.5,78.5,5.1,16.0,22.1,98.0
2026-09-20T13:20:00Z,46106,横浜,7.5,43.5,96.5,7.6,16.0,21.9,99.0
2026-09-20T13:20:00Z,49142,甲府,3.0,6.0,11.0,0.6,6.0,20.9,98.0
2026-09-20T13:20:00Z,50331,静岡,2.0,5.5,16.0,1.8,3.0,22.3,95.0
2026-09-20T13:20:00Z,62078,大阪,0.0,0.0,0.0,3.5,16.0,25.9,69.0
2026-09-20T13:20:00Z,74182,高知,0.0,0.0,0.0,6.8,2.0,27.6,55.0
2026-09-20T14:20:00Z,33472,宮古,0.0,0.0,16.5,1.8,1.0,19.9,100.0
2026-09-20T14:20:00Z,34392,仙台,0.0,0.0,1.0,0.9,2.0,21.6,93.0
2026-09-20T14:20:00Z,40201,水戸,5.0,9.5,24.0,4.2,1.0,21.5,98.0
2026-09-20T14:20:00Z,44132,東京,22.0,51.5,96.5,1.9,15.0,21.6,100.0
2026-09-20T14:20:00Z,44172,大島,14.5,34.5,233.0,7.9,1.0,22.0,98.0
2026-09-20T14:20:00Z,44226,三宅島,1.0,6.0,153.5,4.6,4.0,26.4,98.0
2026-09-20T14:20:00Z,44263,八丈島,3.0,3.5,95.5,5.0,3.0,26.2,
2026-09-20T14:20:00Z,45148,銚子,1.5,1.5,89.0,7.4,3.0,23.3,98.0
2026-09-20T14:20:00Z,45212,千葉,17.5,31.5,96.0,4.9,15.0,22.3,98.0
2026-09-20T14:20:00Z,46106,横浜,18.5,41.0,114.0,6.1,16.0,21.8,100.0
2026-09-20T14:20:00Z,49142,甲府,0.5,4.0,11.5,1.1,7.0,20.9,98.0
2026-09-20T14:20:00Z,50331,静岡,4.5,7.0,20.5,2.2,2.0,22.3,97.0
2026-09-20T14:20:00Z,62078,大阪,0.0,0.0,0.0,4.8,16.0,25.7,71.0
2026-09-20T14:20:00Z,74182,高知,0.0,0.0,0.0,5.6,2.0,27.3,56.0
2026-09-20T15:20:00Z,33472,宮古,0.0,0.0,16.5,1.6,1.0,19.8,100.0
2026-09-20T15:20:00Z,34392,仙台,0.0,0.0,0.0,1.5,3.0,21.2,97.0
2026-09-20T15:20:00Z,40201,水戸,1.0,10.0,25.0,5.2,1.0,21.8,97.0
2026-09-20T15:20:00Z,44132,東京,12.0,46.0,108.5,3.0,1.0,21.6,100.0
2026-09-20T15:20:00Z,44172,大島,9.5,33.5,242.5,7.2,1.0,22.1,98.0
2026-09-20T15:20:00Z,44226,三宅島,2.0,6.0,155.0,4.3,4.0,26.4,98.0
2026-09-20T15:20:00Z,44263,八丈島,3.0,6.0,94.0,4.4,3.0,26.3,
2026-09-20T15:20:00Z,45148,銚子,13.5,15.0,102.5,5.4,3.0,23.5,99.0
2026-09-20T15:20:00Z,45212,千葉,19.5,47.5,115.5,5.4,15.0,22.0,99.0
2026-09-20T15:20:00Z,46106,横浜,5.0,31.0,119.0,5.6,16.0,21.6,100.0
2026-09-20T15:20:00Z,49142,甲府,6.0,9.5,17.5,0.2,0.0,20.7,100.0
2026-09-20T15:20:00Z,50331,静岡,1.0,7.5,21.5,3.2,16.0,22.2,97.0
2026-09-20T15:20:00Z,62078,大阪,0.0,0.0,0.0,2.9,16.0,25.7,71.0
2026-09-20T15:20:00Z,74182,高知,0.0,0.0,0.0,3.5,2.0,27.3,55.0
2026-09-20T16:20:00Z,33472,宮古,0.0,0.0,16.5,1.1,3.0,19.8,100.0
2026-09-20T16:20:00Z,34392,仙台,0.5,0.5,0.5,2.3,16.0,21.0,99.0
2026-09-20T16:20:00Z,40201,水戸,4.0,10.0,29.0,5.0,1.0,21.9,98.0
2026-09-20T16:20:00Z,44132,東京,8.5,42.5,117.0,3.4,16.0,21.5,100.0
2026-09-20T16:20:00Z,44172,大島,16.0,40.0,258.5,6.6,2.0,22.0,98.0
2026-09-20T16:20:00Z,44226,三宅島,5.5,8.5,157.5,4.9,4.0,26.3,98.0
2026-09-20T16:20:00Z,44263,八丈島,2.5,8.5,96.0,4.6,3.0,26.3,
2026-09-20T16:20:00Z,45148,銚子,6.5,21.5,109.0,4.2,5.0,24.7,100.0
2026-09-20T16:20:00Z,45212,千葉,33.5,70.5,149.0,5.1,16.0,21.7,99.0
2026-09-20T16:20:00Z,46106,横浜,16.5,40.0,135.5,5.8,16.0,21.5,100.0
2026-09-20T16:20:00Z,49142,甲府,2.0,8.5,19.5,1.7,9.0,20.7,100.0
2026-09-20T16:20:00Z,50331,静岡,0.5,6.0,22.0,1.0,16.0,22.5,95.0
2026-09-20T16:20:00Z,62078,大阪,0.0,0.0,0.0,4.7,1.0,25.3,72.0
2026-09-20T16:20:00Z,74182,高知,0.0,0.0,0.0,2.3,8.0,27.0,58.0
2026-09-20T17:20:00Z,33472,宮古,0.0,0.0,16.5,1.8,1.0,19.7,100.0
2026-09-20T17:20:00Z,34392,仙台,1.0,1.5,1.5,2.6,15.0,20.8,99.0
2026-09-20T17:20:00Z,40201,水戸,22.0,27.0,51.0,5.0,16.0,21.9,99.0
2026-09-20T17:20:00Z,44132,東京,3.5,24.0,120.0,2.9,15.0,21.5,100.0
2026-09-20T17:20:00Z,44172,大島,21.5,47.0,278.0,8.5,2.0,22.0,98.0
2026-09-20T17:20:00Z,44226,三宅島,0.0,7.5,156.5,4.2,5.0,26.6,96.0
2026-09-20T17:20:00Z,44263,八丈島,0.5,6.0,92.0,5.9,4.0,26.3,100.0
2026-09-20T17:20:00Z,45148,銚子,1.0,21.0,110.0,6.3,6.0,25.3,99.0
2026-09-20T17:20:00Z,45212,千葉,16.0,69.0,165.0,4.5,16.0,21.9,98.0
2026-09-20T17:20:00Z,46106,横浜,2.5,24.0,138.0,6.4,16.0,21.5,100.0
2026-09-20T17:20:00Z,49142,甲府,2.0,10.0,21.5,0.9,11.0,20.6,99.0
2026-09-20T17:20:00Z,50331,静岡,0.0,1.5,22.0,0.5,11.0,22.8,93.0
2026-09-20T17:20:00Z,62078,大阪,0.0,0.0,0.0,3.7,1.0,25.3,73.0
2026-09-20T17:20:00Z,74182,高知,0.0,0.0,0.0,4.1,13.0,26.9,59.0
2026-09-20T18:20:00Z,33472,宮古,1.0,1.0,17.5,1.5,16.0,19.6,100.0
2026-09-20T18:20:00Z,34392,仙台,4.5,6.0,6.0,2.2,14.0,20.7,99.0
2026-09-20T18:20:00Z,40201,水戸,26.5,52.5,77.5,4.1,16.0,21.9,99.0
2026-09-20T18:20:00Z,44132,東京,0.5,12.5,120.5,2.6,16.0,21.5,100.0
2026-09-20T18:20:00Z,44172,大島,15.0,52.5,291.5,6.9,2.0,22.1,98.0
2026-09-20T18:20:00Z,44226,三宅島,3.5,9.0,160.0,4.9,6.0,26.2,97.0
2026-09-20T18:20:00Z,44263,八丈島,0.5,3.5,89.0,5.1,3.0,26.6,100.0
2026-09-20T18:20:00Z,45148,銚子,0.0,7.5,110.0,6.0,7.0,25.6,98.0
2026-09-20T18:20:00Z,45212,千葉,6.0,55.5,171.0,4.1,16.0,22.2,98.0
2026-09-20T18:20:00Z,46106,横浜,1.0,20.0,139.0,6.6,16.0,21.5,99.0
2026-09-20T18:20:00Z,49142,甲府,1.0,5.0,22.5,0.9,8.0,20.6,100.0
2026-09-20T18:20:00Z,50331,静岡,1.5,2.0,23.5,1.3,3.0,23.0,95.0
2026-09-20T18:20:00Z,62078,大阪,0.0,0.0,0.0,3.9,16.0,25.5,73.0
2026-09-20T18:20:00Z,74182,高知,0.0,0.0,0.0,3.7,14.0,26.7,61.0
2026-09-20T19:20:00Z,33472,宮古,2.5,3.5,19.0,0.7,1.0,19.6,100.0
2026-09-20T19:20:00Z,34392,仙台,4.0,9.5,10.0,3.3,15.0,20.8,99.0
2026-09-20T19:20:00Z,40201,水戸,4.5,53.0,82.0,2.3,16.0,21.5,99.0
2026-09-20T19:20:00Z,44132,東京,0.5,4.5,121.0,2.6,15.0,21.5,100.0
2026-09-20T19:20:00Z,44172,大島,57.0,93.5,348.0,7.6,1.0,22.1,98.0
2026-09-20T19:20:00Z,44226,三宅島,2.0,5.5,161.5,4.3,5.0,26.5,97.0
2026-09-20T19:20:00Z,44263,八丈島,0.0,1.0,73.0,5.3,2.0,26.8,93.0
2026-09-20T19:20:00Z,45148,銚子,0.5,1.5,110.5,3.1,6.0,25.5,98.0
2026-09-20T19:20:00Z,45212,千葉,0.5,22.5,171.5,4.0,16.0,22.4,98.0
2026-09-20T19:20:00Z,46106,横浜,1.0,4.5,140.0,5.9,16.0,21.5,100.0
2026-09-20T19:20:00Z,49142,甲府,3.5,6.5,26.0,0.6,12.0,20.4,100.0
2026-09-20T19:20:00Z,50331,静岡,0.5,2.0,24.0,2.2,15.0,22.6,98.0
2026-09-20T19:20:00Z,62078,大阪,0.0,0.0,0.0,3.6,16.0,25.3,75.0
2026-09-20T19:20:00Z,74182,高知,0.0,0.0,0.0,3.4,14.0,26.6,61.0
2026-09-20T20:20:00Z,33472,宮古,1.0,4.5,15.0,1.2,15.0,19.6,100.0
2026-09-20T20:20:00Z,34392,仙台,3.0,11.5,13.0,1.8,16.0,20.8,99.0
2026-09-20T20:20:00Z,40201,水戸,1.5,32.5,83.5,1.6,1.0,21.4,99.0
2026-09-20T20:20:00Z,44132,東京,1.0,2.0,122.0,3.1,15.0,21.2,99.0
2026-09-20T20:20:00Z,44172,大島,28.0,100.0,375.0,8.6,2.0,22.2,98.0
2026-09-20T20:20:00Z,44226,三宅島,0.0,5.5,158.0,5.4,4.0,26.6,97.0
2026-09-20T20:20:00Z,44263,八丈島,1.5,2.0,49.5,5.3,3.0,26.2,100.0
2026-09-20T20:20:00Z,45148,銚子,0.0,0.5,110.5,3.8,6.0,25.5,98.0
2026-09-20T20:20:00Z,45212,千葉,2.5,9.0,173.5,3.9,16.0,22.4,98.0
2026-09-20T20:20:00Z,46106,横浜,2.0,4.0,142.0,5.9,15.0,21.4,99.0
2026-09-20T20:20:00Z,49142,甲府,1.0,5.5,27.0,1.4,6.0,20.6,100.0
2026-09-20T20:20:00Z,50331,静岡,1.0,3.0,25.0,2.1,16.0,22.7,96.0
2026-09-20T20:20:00Z,62078,大阪,0.0,0.0,0.0,3.0,16.0,25.7,73.0
2026-09-20T20:20:00Z,74182,高知,0.0,0.0,0.0,3.5,14.0,26.9,59.0
2026-09-20T21:20:00Z,33472,宮古,0.5,4.0,14.0,0.4,1.0,19.7,100.0
2026-09-20T21:20:00Z,34392,仙台,6.0,13.0,19.0,3.3,16.0,20.8,99.0
2026-09-20T21:20:00Z,40201,水戸,1.0,7.0,84.5,2.2,16.0,21.3,99.0
2026-09-20T21:20:00Z,44132,東京,15.0,16.5,136.5,3.1,15.0,20.9,100.0
2026-09-20T21:20:00Z,44172,大島,16.5,101.5,389.0,7.4,2.0,22.1,98.0
2026-09-20T21:20:00Z,44226,三宅島,0.0,2.0,144.5,6.5,4.0,26.6,96.0
2026-09-20T21:20:00Z,44263,八丈島,2.0,3.5,49.0,4.7,2.0,26.2,100.0
2026-09-20T21:20:00Z,45148,銚子,0.5,1.0,110.5,4.8,6.0,25.9,97.0
2026-09-20T21:20:00Z,45212,千葉,6.5,9.5,179.0,3.5,16.0,22.3,99.0
2026-09-20T21:20:00Z,46106,横浜,9.5,12.5,151.5,5.6,15.0,21.2,99.0
2026-09-20T21:20:00Z,49142,甲府,3.0,7.5,30.0,0.9,12.0,20.6,100.0
2026-09-20T21:20:00Z,50331,静岡,2.0,3.5,27.0,2.4,1.0,23.0,97.0
2026-09-20T21:20:00Z,62078,大阪,0.0,0.0,0.0,2.9,16.0,25.5,75.0
2026-09-20T21:20:00Z,74182,高知,0.0,0.0,0.0,3.1,16.0,26.6,60.0
2026-09-20T22:20:00Z,33472,宮古,0.5,2.0,14.5,0.8,15.0,19.9,100.0
2026-09-20T22:20:00Z,34392,仙台,3.5,12.5,22.5,2.2,15.0,21.0,99.0
2026-09-20T22:20:00Z,40201,水戸,5.5,8.0,90.0,1.4,16.0,21.6,100.0
2026-09-20T22:20:00Z,44132,東京,8.0,24.0,144.5,2.8,15.0,20.9,100.0
2026-09-20T22:20:00Z,44172,大島,12.5,57.0,393.0,4.2,2.0,22.2,98.0
2026-09-20T22:20:00Z,44226,三宅島,1.5,1.5,138.5,8.4,4.0,26.6,96.0
2026-09-20T22:20:00Z,44263,八丈島,5.0,8.5,53.5,6.1,3.0,26.1,100.0
2026-09-20T22:20:00Z,45148,銚子,0.0,0.5,109.5,4.3,6.0,26.5,94.0
2026-09-20T22:20:00Z,45212,千葉,22.0,31.0,199.5,2.6,16.0,22.2,99.0
2026-09-20T22:20:00Z,46106,横浜,1.5,13.0,152.0,6.8,16.0,21.2,99.0
2026-09-20T22:20:00Z,49142,甲府,0.0,4.0,30.0,0.8,14.0,20.8,99.0
2026-09-20T22:20:00Z,50331,静岡,0.0,3.0,27.0,1.4,2.0,23.5,96.0
2026-09-20T22:20:00Z,62078,大阪,0.0,0.0,0.0,3.0,16.0,26.0,73.0
2026-09-20T22:20:00Z,74182,高知,0.0,0.0,0.0,3.1,15.0,27.4,59.0
2026-09-20T23:20:00Z,33472,宮古,0.5,1.5,15.0,1.6,9.0,20.1,100.0
2026-09-20T23:20:00Z,34392,仙台,0.0,9.5,22.5,3.5,16.0,21.2,98.0
2026-09-20T23:20:00Z,40201,水戸,7.0,13.5,96.5,3.8,2.0,22.4,99.0
2026-09-20T23:20:00Z,44132,東京,7.5,30.5,150.0,2.2,16.0,21.0,100.0
2026-09-20T23:20:00Z,44172,大島,10.0,39.0,383.5,7.1,2.0,22.0,98.0
2026-09-20T23:20:00Z,44226,三宅島,19.5,21.0,155.5,6.7,3.0,26.4,98.0
2026-09-20T23:20:00Z,44263,八丈島,1.0,8.0,54.0,9.9,4.0,25.9,100.0
2026-09-20T23:20:00Z,45148,銚子,0.5,1.0,103.5,4.1,6.0,26.4,97.0
2026-09-20T23:20:00Z,45212,千葉,11.0,39.5,205.0,3.7,15.0,22.4,99.0
2026-09-20T23:20:00Z,46106,横浜,4.5,15.5,151.5,6.1,16.0,21.2,99.0
2026-09-20T23:20:00Z,49142,甲府,0.0,3.0,30.0,1.7,7.0,21.4,98.0
2026-09-20T23:20:00Z,50331,静岡,0.0,2.0,27.0,2.9,2.0,24.7,82.0
2026-09-20T23:20:00Z,62078,大阪,0.0,0.0,0.0,4.2,16.0,26.6,71.0
2026-09-20T23:20:00Z,74182,高知,0.0,0.0,0.0,2.6,15.0,28.4,57.0
2026-09-21T00:20:00Z,33472,宮古,0.0,1.0,10.5,1.3,6.0,20.2,100.0
2026-09-21T00:20:00Z,34392,仙台,0.5,4.0,23.0,3.1,16.0,21.5,98.0
2026-09-21T00:20:00Z,40201,水戸,3.5,16.0,98.0,2.7,2.0,22.8,99.0
2026-09-21T00:20:00Z,44132,東京,11.0,26.5,157.0,1.7,1.0,21.4,100.0
2026-09-21T00:20:00Z,44172,大島,15.0,37.5,382.0,5.8,2.0,22.5,98.0
2026-09-21T00:20:00Z,44226,三宅島,7.5,28.5,158.5,10.7,4.0,26.3,98.0
2026-09-21T00:20:00Z,44263,八丈島,4.5,10.5,57.5,7.1,3.0,26.0,
2026-09-21T00:20:00Z,45148,銚子,0.0,0.5,93.0,4.8,6.0,26.6,93.0
2026-09-21T00:20:00Z,45212,千葉,3.5,36.5,200.5,2.9,1.0,23.4,100.0
2026-09-21T00:20:00Z,46106,横浜,7.5,13.5,155.0,4.8,15.0,21.4,99.0
2026-09-21T00:20:00Z,49142,甲府,0.5,0.5,30.5,2.3,6.0,21.7,96.0
2026-09-21T00:20:00Z,50331,静岡,0.0,0.0,27.0,1.9,1.0,25.1,84.0
2026-09-21T00:20:00Z,62078,大阪,0.0,0.0,0.0,3.7,16.0,27.8,68.0
2026-09-21T00:20:00Z,74182,高知,0.0,0.0,0.0,4.0,16.0,30.0,54.0
