site,area,lead_h,stamp_jst,dist_km,track_src,official_peak_mm_h,go,breach,n_breach,wind_m_s,gust_m_s,rain_mm_h,visibility_m,lightning_risk,condition,density_kg_m3,prop_factor,extra_cd,margin,v_stall_m_s,alpha_trim_deg
三宅島,130020,0.0,09/21 08:00,232.3,公式,80.0,False,"wind,gust",2,21.2,30.3,6.9,17579.0,0.17,rain,1.1501,0.976,0.0,6.805,6.74,2.5
三宅島,130020,3.0,09/21 11:00,167.6,公式,80.0,False,"wind,gust",2,26.2,37.4,4.4,18476.0,0.11,rain,1.1502,0.983,0.0,6.855,6.74,2.49
三宅島,130020,6.0,09/21 14:00,102.5,公式,80.0,False,"wind,gust",2,33.4,47.6,2.6,19093.0,0.06,rain,1.1503,0.989,0.0,6.894,6.74,2.49
三宅島,130020,9.0,09/21 17:00,52.4,公式,80.0,False,"wind,gust",2,32.0,45.7,1.6,19447.0,0.04,rain,1.1503,0.992,0.0,6.919,6.74,2.49
三宅島,130020,12.0,09/21 20:00,121.6,公式,80.0,False,"wind,gust",2,28.0,40.0,0.9,19687.0,0.02,rain,1.1503,0.995,0.0,6.939,6.74,2.49
三宅島,130020,15.0,09/21 23:00,230.8,公式,80.0,False,"wind,gust",2,22.4,31.9,0.5,19824.0,0.01,rain,1.1503,0.997,0.0,6.951,6.74,2.49
三宅島,130020,18.0,09/22 02:00,363.4,公式,80.0,False,"wind,gust",2,19.1,27.2,0.3,19904.0,0.01,rain,1.1503,0.998,0.0,6.96,6.74,2.49
三宅島,130020,21.0,09/22 05:00,512.2,公式,80.0,False,"wind,gust",2,16.7,23.8,0.1,19954.0,0.0,rain,1.1503,0.999,0.0,6.966,6.74,2.49
三宅島,130020,24.0,09/22 08:00,670.6,公式,80.0,False,"wind,gust",2,15.2,21.7,0.1,19978.0,0.0,rain,1.1525,0.999,0.0,6.977,6.74,2.48
三宅島,130020,27.0,09/22 11:00,831.7,公式,80.0,False,"wind,gust",2,13.9,19.9,0.0,19991.0,0.0,rain,1.1558,1.0,0.0,6.99,6.73,2.46
三宅島,130020,30.0,09/22 14:00,992.2,公式,80.0,False,"wind,gust",2,12.9,18.5,0.0,19996.0,0.0,rain,1.1591,1.0,0.0,7.002,6.72,2.45
三宅島,130020,33.0,09/22 17:00,1151.9,公式,80.0,False,"wind,gust",2,12.2,17.4,0.0,19998.0,0.0,rain,1.1623,1.0,0.0,7.013,6.71,2.43
三宅島,130020,36.0,09/22 20:00,1310.6,公式,80.0,False,"wind,gust",2,11.5,16.5,0.0,19999.0,0.0,rain,1.1656,1.0,0.0,7.024,6.7,2.41
三宅島,130020,39.0,09/22 23:00,1468.2,公式,80.0,False,"wind,gust",2,11.0,15.7,0.0,20000.0,0.0,rain,1.1689,1.0,0.0,7.034,6.69,2.39
三宅島,130020,42.0,09/23 02:00,1624.7,公式,80.0,False,"wind,gust",2,10.6,15.1,0.0,20000.0,0.0,rain,1.1721,1.0,0.0,7.045,6.68,2.38
三宅島,130020,45.0,09/23 05:00,1727.1,モデル延長,80.0,True,,0,5.7,8.1,0.0,20000.0,0.0,rain,1.1737,1.0,0.0,7.05,6.68,2.37
三宅島,130020,48.0,09/23 08:00,1804.8,モデル延長,80.0,True,,0,5.4,7.8,0.0,20000.0,0.0,rain,1.1751,1.0,0.0,7.054,6.67,2.36
三宅島,130020,51.0,09/23 11:00,1884.4,モデル延長,80.0,True,,0,5.2,7.4,0.0,20000.0,0.0,rain,1.1764,1.0,0.0,7.058,6.67,2.36
三宅島,130020,54.0,09/23 14:00,1965.6,モデル延長,80.0,True,,0,5.0,7.1,0.0,20000.0,0.0,rain,1.1775,1.0,0.0,7.062,6.66,2.35
三宅島,130020,57.0,09/23 17:00,2048.5,モデル延長,80.0,True,,0,4.8,6.9,0.0,20000.0,0.0,rain,1.1785,1.0,0.0,7.065,6.66,2.34
三宅島,130020,60.0,09/23 20:00,2132.7,モデル延長,80.0,True,,0,4.6,6.6,0.0,20000.0,0.0,rain,1.1794,1.0,0.0,7.068,6.66,2.34
三宅島,130020,63.0,09/23 23:00,2218.4,モデル延長,80.0,True,,0,4.5,6.4,0.0,20000.0,0.0,rain,1.1802,1.0,0.0,7.07,6.66,2.34
三宅島,130020,66.0,09/24 02:00,2305.4,モデル延長,80.0,True,,0,4.3,6.2,0.0,20000.0,0.0,rain,1.181,1.0,0.0,7.073,6.65,2.33
三宅島,130020,69.0,09/24 05:00,2393.6,モデル延長,80.0,True,,0,4.2,6.0,0.0,20000.0,0.0,rain,1.1816,1.0,0.0,7.075,6.65,2.33
三宅島,130020,72.0,09/24 08:00,2482.9,モデル延長,80.0,True,,0,4.0,5.8,0.0,20000.0,0.0,rain,1.1822,1.0,0.0,7.077,6.65,2.32
仙台,040010,0.0,09/21 08:00,703.5,公式,30.0,False,"wind,gust",2,13.3,19.0,0.8,19714.0,0.02,rain,1.1503,0.995,0.0,6.941,6.74,2.49
仙台,040010,3.0,09/21 11:00,641.6,公式,30.0,False,"wind,gust",2,13.9,19.9,1.2,19563.0,0.03,rain,1.1503,0.993,0.0,6.928,6.74,2.49
仙台,040010,6.0,09/21 14:00,578.9,公式,30.0,False,"wind,gust",2,15.9,22.7,2.4,19177.0,0.06,rain,1.1503,0.989,0.0,6.9,6.74,2.49
仙台,040010,9.0,09/21 17:00,503.6,公式,30.0,False,"wind,gust",2,15.7,22.4,1.7,19400.0,0.04,rain,1.1503,0.992,0.0,6.916,6.74,2.49
仙台,040010,12.0,09/21 20:00,429.5,公式,30.0,False,"wind,gust",2,16.7,23.9,1.6,19424.0,0.04,rain,1.1503,0.992,0.0,6.918,6.74,2.49
仙台,040010,15.0,09/21 23:00,363.6,公式,30.0,False,"wind,gust",2,17.7,25.3,1.2,19576.0,0.03,rain,1.1503,0.994,0.0,6.93,6.74,2.49
仙台,040010,18.0,09/22 02:00,332.8,公式,30.0,False,"wind,gust",2,18.3,26.1,0.7,19753.0,0.02,rain,1.1503,0.996,0.0,6.945,6.74,2.49
仙台,040010,21.0,09/22 05:00,359.3,公式,30.0,False,"wind,gust",2,17.8,25.4,0.3,19885.0,0.01,rain,1.1503,0.998,0.0,6.958,6.74,2.49
仙台,040010,24.0,09/22 08:00,459.6,公式,30.0,False,"wind,gust",2,16.5,23.6,0.1,19949.0,0.0,rain,1.1525,0.999,0.0,6.973,6.74,2.48
仙台,040010,27.0,09/22 11:00,593.5,公式,30.0,False,"wind,gust",2,15.1,21.6,0.1,19978.0,0.0,rain,1.1558,0.999,0.0,6.988,6.73,2.46
仙台,040010,30.0,09/22 14:00,736.4,公式,30.0,False,"wind,gust",2,14.0,19.9,0.0,19991.0,0.0,rain,1.1591,1.0,0.0,7.0,6.72,2.45
仙台,040010,33.0,09/22 17:00,883.3,公式,30.0,False,"wind,gust",2,13.0,18.6,0.0,19996.0,0.0,rain,1.1623,1.0,0.0,7.012,6.71,2.43
仙台,040010,36.0,09/22 20:00,1031.9,公式,30.0,False,"wind,gust",2,12.3,17.6,0.0,19998.0,0.0,rain,1.1656,1.0,0.0,7.023,6.7,2.41
仙台,040010,39.0,09/22 23:00,1181.2,公式,30.0,False,"wind,gust",2,11.7,16.7,0.0,19999.0,0.0,rain,1.1689,1.0,0.0,7.034,6.69,2.39
仙台,040010,42.0,09/23 02:00,1330.3,公式,30.0,False,"wind,gust",2,11.2,16.0,0.0,20000.0,0.0,rain,1.1721,1.0,0.0,7.045,6.68,2.38
仙台,040010,45.0,09/23 05:00,1422.7,モデル延長,30.0,True,,0,6.2,8.9,0.0,20000.0,0.0,rain,1.1737,1.0,0.0,7.05,6.68,2.37
仙台,040010,48.0,09/23 08:00,1489.7,モデル延長,30.0,True,,0,5.9,8.5,0.0,20000.0,0.0,rain,1.1751,1.0,0.0,7.054,6.67,2.36
仙台,040010,51.0,09/23 11:00,1559.7,モデル延長,30.0,True,,0,5.7,8.1,0.0,20000.0,0.0,rain,1.1764,1.0,0.0,7.058,6.67,2.36
仙台,040010,54.0,09/23 14:00,1632.3,モデル延長,30.0,True,,0,5.4,7.8,0.0,20000.0,0.0,rain,1.1775,1.0,0.0,7.062,6.66,2.35
仙台,040010,57.0,09/23 17:00,1707.4,モデル延長,30.0,True,,0,5.2,7.5,0.0,20000.0,0.0,rain,1.1785,1.0,0.0,7.065,6.66,2.34
仙台,040010,60.0,09/23 20:00,1784.6,モデル延長,30.0,True,,0,5.0,7.2,0.0,20000.0,0.0,rain,1.1794,1.0,0.0,7.068,6.66,2.34
仙台,040010,63.0,09/23 23:00,1863.9,モデル延長,30.0,True,,0,4.8,6.9,0.0,20000.0,0.0,rain,1.1802,1.0,0.0,7.07,6.66,2.34
仙台,040010,66.0,09/24 02:00,1945.1,モデル延長,30.0,True,,0,4.7,6.7,0.0,20000.0,0.0,rain,1.181,1.0,0.0,7.073,6.65,2.33
仙台,040010,69.0,09/24 05:00,2027.9,モデル延長,30.0,True,,0,4.5,6.4,0.0,20000.0,0.0,rain,1.1816,1.0,0.0,7.075,6.65,2.33
仙台,040010,72.0,09/24 08:00,2112.4,モデル延長,30.0,True,,0,4.4,6.2,0.0,20000.0,0.0,rain,1.1822,1.0,0.0,7.077,6.65,2.32
八丈島,130030,0.0,09/21 08:00,165.8,公式,80.0,False,"wind,gust",2,24.1,34.5,4.8,18319.0,0.12,rain,1.1502,0.982,0.0,6.846,6.74,2.49
八丈島,130030,3.0,09/21 11:00,105.2,公式,80.0,False,"wind,gust",2,32.6,46.6,3.1,18931.0,0.08,rain,1.1502,0.987,0.0,6.884,6.74,2.49
八丈島,130030,6.0,09/21 14:00,52.2,公式,80.0,False,"wind,gust",2,17.0,24.3,2.0,19294.0,0.05,rain,1.1503,0.991,0.0,6.908,6.74,2.49
八丈島,130030,9.0,09/21 17:00,76.8,公式,80.0,False,"wind,gust",2,31.5,44.9,1.3,19530.0,0.03,rain,1.1503,0.993,0.0,6.926,6.74,2.49
八丈島,130030,12.0,09/21 20:00,170.7,公式,80.0,False,"wind,gust",2,26.3,37.5,0.8,19712.0,0.02,rain,1.1503,0.995,0.0,6.941,6.74,2.49
八丈島,130030,15.0,09/21 23:00,283.4,公式,80.0,False,"wind,gust",2,21.4,30.5,0.5,19837.0,0.01,rain,1.1503,0.997,0.0,6.953,6.74,2.49
八丈島,130030,18.0,09/22 02:00,414.7,公式,80.0,False,"wind,gust",2,18.5,26.5,0.3,19910.0,0.01,rain,1.1503,0.998,0.0,6.961,6.74,2.49
八丈島,130030,21.0,09/22 05:00,562.7,公式,80.0,False,"wind,gust",2,16.4,23.4,0.1,19956.0,0.0,rain,1.1503,0.999,0.0,6.966,6.74,2.49
八丈島,130030,24.0,09/22 08:00,717.4,公式,80.0,False,"wind,gust",2,15.0,21.4,0.1,19978.0,0.0,rain,1.1525,0.999,0.0,6.977,6.74,2.48
八丈島,130030,27.0,09/22 11:00,874.9,公式,80.0,False,"wind,gust",2,13.8,19.7,0.0,19991.0,0.0,rain,1.1558,1.0,0.0,6.99,6.73,2.46
八丈島,130030,30.0,09/22 14:00,1033.3,公式,80.0,False,"wind,gust",2,12.9,18.4,0.0,19996.0,0.0,rain,1.1591,1.0,0.0,7.002,6.72,2.45
八丈島,130030,33.0,09/22 17:00,1191.8,公式,80.0,False,"wind,gust",2,12.1,17.3,0.0,19998.0,0.0,rain,1.1623,1.0,0.0,7.013,6.71,2.43
八丈島,130030,36.0,09/22 20:00,1349.8,公式,80.0,False,"wind,gust",2,11.5,16.4,0.0,19999.0,0.0,rain,1.1656,1.0,0.0,7.024,6.7,2.41
八丈島,130030,39.0,09/22 23:00,1507.2,公式,80.0,False,"wind,gust",2,11.0,15.7,0.0,20000.0,0.0,rain,1.1689,1.0,0.0,7.034,6.69,2.39
八丈島,130030,42.0,09/23 02:00,1663.6,公式,80.0,False,"wind,gust",2,10.5,15.1,0.0,20000.0,0.0,rain,1.1721,1.0,0.0,7.045,6.68,2.38
八丈島,130030,45.0,09/23 05:00,1767.7,モデル延長,80.0,True,,0,5.6,8.0,0.0,20000.0,0.0,rain,1.1737,1.0,0.0,7.05,6.68,2.37
八丈島,130030,48.0,09/23 08:00,1847.6,モデル延長,80.0,True,,0,5.4,7.7,0.0,20000.0,0.0,rain,1.1751,1.0,0.0,7.054,6.67,2.36
八丈島,130030,51.0,09/23 11:00,1929.1,モデル延長,80.0,True,,0,5.1,7.4,0.0,20000.0,0.0,rain,1.1764,1.0,0.0,7.058,6.67,2.36
八丈島,130030,54.0,09/23 14:00,2012.1,モデル延長,80.0,True,,0,4.9,7.1,0.0,20000.0,0.0,rain,1.1775,1.0,0.0,7.062,6.66,2.35
八丈島,130030,57.0,09/23 17:00,2096.6,モデル延長,80.0,True,,0,4.7,6.8,0.0,20000.0,0.0,rain,1.1785,1.0,0.0,7.065,6.66,2.34
八丈島,130030,60.0,09/23 20:00,2182.4,モデル延長,80.0,True,,0,4.6,6.5,0.0,20000.0,0.0,rain,1.1794,1.0,0.0,7.068,6.66,2.34
八丈島,130030,63.0,09/23 23:00,2269.5,モデル延長,80.0,True,,0,4.4,6.3,0.0,20000.0,0.0,rain,1.1802,1.0,0.0,7.07,6.66,2.34
八丈島,130030,66.0,09/24 02:00,2357.8,モデル延長,80.0,True,,0,4.3,6.1,0.0,20000.0,0.0,rain,1.181,1.0,0.0,7.073,6.65,2.33
八丈島,130030,69.0,09/24 05:00,2447.2,モデル延長,80.0,True,,0,4.1,5.9,0.0,20000.0,0.0,rain,1.1816,1.0,0.0,7.075,6.65,2.33
八丈島,130030,72.0,09/24 08:00,2537.7,モデル延長,80.0,True,,0,4.0,5.7,0.0,20000.0,0.0,rain,1.1822,1.0,0.0,7.077,6.65,2.32
千葉,120010,0.0,09/21 08:00,403.0,公式,70.0,False,"wind,gust",2,16.8,24.0,4.8,18306.0,0.12,rain,1.1502,0.982,0.0,6.845,6.74,2.49
千葉,120010,3.0,09/21 11:00,339.5,公式,70.0,False,"wind,gust",2,18.8,26.8,5.5,18064.0,0.14,rain,1.1502,0.98,0.0,6.832,6.74,2.49
千葉,120010,6.0,09/21 14:00,275.2,公式,70.0,False,"wind,gust",2,22.5,32.1,4.0,18615.0,0.1,rain,1.1502,0.984,0.0,6.864,6.74,2.49
千葉,120010,9.0,09/21 17:00,200.9,公式,70.0,False,"wind,gust",2,22.3,31.8,2.6,19076.0,0.07,rain,1.1503,0.988,0.0,6.893,6.74,2.49
千葉,120010,12.0,09/21 20:00,147.9,公式,70.0,False,"wind,gust",2,24.6,35.2,1.5,19483.0,0.04,rain,1.1503,0.993,0.0,6.922,6.74,2.49
千葉,120010,15.0,09/21 23:00,162.2,公式,70.0,False,"wind,gust",2,24.1,34.5,0.8,19736.0,0.02,rain,1.1503,0.996,0.0,6.943,6.74,2.49
千葉,120010,18.0,09/22 02:00,259.3,公式,70.0,False,"wind,gust",2,20.9,29.9,0.4,19863.0,0.01,rain,1.1503,0.997,0.0,6.955,6.74,2.49
千葉,120010,21.0,09/22 05:00,394.0,公式,70.0,False,"wind,gust",2,18.0,25.7,0.2,19935.0,0.0,rain,1.1503,0.998,0.0,6.964,6.74,2.49
千葉,120010,24.0,09/22 08:00,549.9,公式,70.0,False,"wind,gust",2,16.1,23.0,0.1,19970.0,0.0,rain,1.1525,0.999,0.0,6.976,6.74,2.48
千葉,120010,27.0,09/22 11:00,711.0,公式,70.0,False,"wind,gust",2,14.6,20.8,0.0,19987.0,0.0,rain,1.1558,1.0,0.0,6.989,6.73,2.46
千葉,120010,30.0,09/22 14:00,871.1,公式,70.0,False,"wind,gust",2,13.4,19.2,0.0,19995.0,0.0,rain,1.1591,1.0,0.0,7.001,6.72,2.45
千葉,120010,33.0,09/22 17:00,1030.2,公式,70.0,False,"wind,gust",2,12.6,18.0,0.0,19998.0,0.0,rain,1.1623,1.0,0.0,7.013,6.71,2.43
千葉,120010,36.0,09/22 20:00,1188.1,公式,70.0,False,"wind,gust",2,11.9,17.0,0.0,19999.0,0.0,rain,1.1656,1.0,0.0,7.024,6.7,2.41
千葉,120010,39.0,09/22 23:00,1344.8,公式,70.0,False,"wind,gust",2,11.3,16.2,0.0,20000.0,0.0,rain,1.1689,1.0,0.0,7.034,6.69,2.39
千葉,120010,42.0,09/23 02:00,1500.4,公式,70.0,False,"wind,gust",2,10.8,15.5,0.0,20000.0,0.0,rain,1.1721,1.0,0.0,7.045,6.68,2.38
千葉,120010,45.0,09/23 05:00,1600.4,モデル延長,70.0,True,,0,5.9,8.4,0.0,20000.0,0.0,rain,1.1737,1.0,0.0,7.05,6.68,2.37
千葉,120010,48.0,09/23 08:00,1675.3,モデル延長,70.0,True,,0,5.6,8.0,0.0,20000.0,0.0,rain,1.1751,1.0,0.0,7.054,6.67,2.36
千葉,120010,51.0,09/23 11:00,1752.3,モデル延長,70.0,True,,0,5.4,7.7,0.0,20000.0,0.0,rain,1.1764,1.0,0.0,7.058,6.67,2.36
千葉,120010,54.0,09/23 14:00,1831.3,モデル延長,70.0,True,,0,5.2,7.4,0.0,20000.0,0.0,rain,1.1775,1.0,0.0,7.062,6.66,2.35
千葉,120010,57.0,09/23 17:00,1912.1,モデル延長,70.0,True,,0,5.0,7.1,0.0,20000.0,0.0,rain,1.1785,1.0,0.0,7.065,6.66,2.34
千葉,120010,60.0,09/23 20:00,1994.5,モデル延長,70.0,True,,0,4.8,6.8,0.0,20000.0,0.0,rain,1.1794,1.0,0.0,7.068,6.66,2.34
千葉,120010,63.0,09/23 23:00,2078.5,モデル延長,70.0,True,,0,4.6,6.6,0.0,20000.0,0.0,rain,1.1802,1.0,0.0,7.07,6.66,2.34
千葉,120010,66.0,09/24 02:00,2163.9,モデル延長,70.0,True,,0,4.4,6.3,0.0,20000.0,0.0,rain,1.181,1.0,0.0,7.073,6.65,2.33
千葉,120010,69.0,09/24 05:00,2250.7,モデル延長,70.0,True,,0,4.3,6.1,0.0,20000.0,0.0,rain,1.1816,1.0,0.0,7.075,6.65,2.33
千葉,120010,72.0,09/24 08:00,2338.7,モデル延長,70.0,True,,0,4.2,5.9,0.0,20000.0,0.0,rain,1.1822,1.0,0.0,7.077,6.65,2.32
大島,130020,0.0,09/21 08:00,289.5,公式,80.0,False,"wind,gust",2,19.5,27.8,7.3,17450.0,0.18,rain,1.1501,0.975,0.0,6.798,6.74,2.5
大島,130020,3.0,09/21 11:00,227.9,公式,80.0,False,"wind,gust",2,22.7,32.4,5.3,18144.0,0.13,rain,1.1502,0.98,0.0,6.836,6.74,2.49
大島,130020,6.0,09/21 14:00,168.9,公式,80.0,False,"wind,gust",2,28.3,40.4,3.2,18869.0,0.08,rain,1.1502,0.986,0.0,6.88,6.74,2.49
大島,130020,9.0,09/21 17:00,117.8,公式,80.0,False,"wind,gust",2,26.5,37.9,2.0,19306.0,0.05,rain,1.1503,0.991,0.0,6.909,6.74,2.49
大島,130020,12.0,09/21 20:00,137.3,公式,80.0,False,"wind,gust",2,25.6,36.5,1.1,19630.0,0.03,rain,1.1503,0.994,0.0,6.934,6.74,2.49
大島,130020,15.0,09/21 23:00,222.1,公式,80.0,False,"wind,gust",2,22.1,31.5,0.6,19794.0,0.01,rain,1.1503,0.996,0.0,6.949,6.74,2.49
大島,130020,18.0,09/22 02:00,346.3,公式,80.0,False,"wind,gust",2,19.1,27.3,0.3,19889.0,0.01,rain,1.1503,0.998,0.0,6.958,6.74,2.49
大島,130020,21.0,09/22 05:00,491.1,公式,80.0,False,"wind,gust",2,16.7,23.9,0.2,19947.0,0.0,rain,1.1503,0.999,0.0,6.965,6.74,2.49
大島,130020,24.0,09/22 08:00,649.3,公式,80.0,False,"wind,gust",2,15.2,21.8,0.1,19975.0,0.0,rain,1.1525,0.999,0.0,6.976,6.74,2.48
大島,130020,27.0,09/22 11:00,811.1,公式,80.0,False,"wind,gust",2,13.9,19.9,0.0,19989.0,0.0,rain,1.1558,1.0,0.0,6.99,6.73,2.46
大島,130020,30.0,09/22 14:00,971.9,公式,80.0,False,"wind,gust",2,13.0,18.5,0.0,19996.0,0.0,rain,1.1591,1.0,0.0,7.002,6.72,2.45
大島,130020,33.0,09/22 17:00,1131.5,公式,80.0,False,"wind,gust",2,12.2,17.4,0.0,19998.0,0.0,rain,1.1623,1.0,0.0,7.013,6.71,2.43
大島,130020,36.0,09/22 20:00,1290.0,公式,80.0,False,"wind,gust",2,11.6,16.5,0.0,19999.0,0.0,rain,1.1656,1.0,0.0,7.024,6.7,2.41
大島,130020,39.0,09/22 23:00,1447.3,公式,80.0,False,"wind,gust",2,11.0,15.8,0.0,20000.0,0.0,rain,1.1689,1.0,0.0,7.034,6.69,2.39
大島,130020,42.0,09/23 02:00,1603.4,公式,80.0,False,"wind,gust",2,10.6,15.1,0.0,20000.0,0.0,rain,1.1721,1.0,0.0,7.045,6.68,2.38
大島,130020,45.0,09/23 05:00,1704.6,モデル延長,80.0,True,,0,5.7,8.2,0.0,20000.0,0.0,rain,1.1737,1.0,0.0,7.05,6.68,2.37
大島,130020,48.0,09/23 08:00,1780.8,モデル延長,80.0,True,,0,5.5,7.8,0.0,20000.0,0.0,rain,1.1751,1.0,0.0,7.054,6.67,2.36
大島,130020,51.0,09/23 11:00,1858.9,モデル延長,80.0,True,,0,5.2,7.5,0.0,20000.0,0.0,rain,1.1764,1.0,0.0,7.058,6.67,2.36
大島,130020,54.0,09/23 14:00,1938.9,モデル延長,80.0,True,,0,5.0,7.2,0.0,20000.0,0.0,rain,1.1775,1.0,0.0,7.062,6.66,2.35
大島,130020,57.0,09/23 17:00,2020.5,モデル延長,80.0,True,,0,4.8,6.9,0.0,20000.0,0.0,rain,1.1785,1.0,0.0,7.065,6.66,2.34
大島,130020,60.0,09/23 20:00,2103.7,モデル延長,80.0,True,,0,4.7,6.6,0.0,20000.0,0.0,rain,1.1794,1.0,0.0,7.068,6.66,2.34
大島,130020,63.0,09/23 23:00,2188.4,モデル延長,80.0,True,,0,4.5,6.4,0.0,20000.0,0.0,rain,1.1802,1.0,0.0,7.07,6.66,2.34
大島,130020,66.0,09/24 02:00,2274.4,モデル延長,80.0,True,,0,4.3,6.2,0.0,20000.0,0.0,rain,1.181,1.0,0.0,7.073,6.65,2.33
大島,130020,69.0,09/24 05:00,2361.7,モデル延長,80.0,True,,0,4.2,6.0,0.0,20000.0,0.0,rain,1.1816,1.0,0.0,7.075,6.65,2.33
大島,130020,72.0,09/24 08:00,2450.2,モデル延長,80.0,True,,0,4.1,5.8,0.0,20000.0,0.0,rain,1.1822,1.0,0.0,7.077,6.65,2.32
大阪,270000,0.0,09/21 08:00,369.7,公式,,False,"wind,gust",2,18.3,26.2,0.8,19737.0,0.02,rain,1.1503,0.996,0.0,6.943,6.74,2.49
大阪,270000,3.0,09/21 11:00,365.7,公式,,False,"wind,gust",2,18.1,25.9,0.5,19824.0,0.01,rain,1.1503,0.997,0.0,6.951,6.74,2.49
大阪,270000,6.0,09/21 14:00,378.6,公式,,False,"wind,gust",2,19.4,27.7,0.5,19841.0,0.01,rain,1.1503,0.997,0.0,6.953,6.74,2.49
大阪,270000,9.0,09/21 17:00,417.5,公式,,False,"wind,gust",2,16.3,23.3,0.2,19939.0,0.0,rain,1.1503,0.999,0.0,6.964,6.74,2.49
大阪,270000,12.0,09/21 20:00,484.7,公式,,False,"wind,gust",2,15.8,22.6,0.1,19960.0,0.0,rain,1.1503,0.999,0.0,6.967,6.74,2.49
大阪,270000,15.0,09/21 23:00,571.5,公式,,False,"wind,gust",2,15.1,21.5,0.1,19976.0,0.0,rain,1.1503,0.999,0.0,6.969,6.74,2.49
大阪,270000,18.0,09/22 02:00,687.1,公式,,False,"wind,gust",2,14.3,20.5,0.0,19986.0,0.0,rain,1.1503,1.0,0.0,6.971,6.74,2.49
大阪,270000,21.0,09/22 05:00,822.7,公式,,False,"wind,gust",2,13.4,19.2,0.0,19993.0,0.0,rain,1.1503,1.0,0.0,6.973,6.74,2.49
大阪,270000,24.0,09/22 08:00,976.9,公式,,False,"wind,gust",2,12.8,18.3,0.0,19997.0,0.0,rain,1.1525,1.0,0.0,6.98,6.74,2.48
大阪,270000,27.0,09/22 11:00,1137.0,公式,,False,"wind,gust",2,12.0,17.2,0.0,19999.0,0.0,rain,1.1558,1.0,0.0,6.992,6.73,2.46
大阪,270000,30.0,09/22 14:00,1296.0,公式,,False,"wind,gust",2,11.4,16.3,0.0,19999.0,0.0,rain,1.1591,1.0,0.0,7.003,6.72,2.45
大阪,270000,33.0,09/22 17:00,1453.9,公式,,False,"wind,gust",2,10.9,15.6,0.0,20000.0,0.0,rain,1.1623,1.0,0.0,7.013,6.71,2.43
大阪,270000,36.0,09/22 20:00,1610.7,公式,,False,"wind,gust",2,10.5,15.0,0.0,20000.0,0.0,rain,1.1656,1.0,0.0,7.024,6.7,2.41
大阪,270000,39.0,09/22 23:00,1766.3,公式,,False,"wind,gust",2,10.1,14.5,0.0,20000.0,0.0,rain,1.1689,1.0,0.0,7.034,6.69,2.39
大阪,270000,42.0,09/23 02:00,1920.6,公式,,False,"wind,gust",2,9.8,14.0,0.0,20000.0,0.0,rain,1.1721,1.0,0.0,7.045,6.68,2.38
大阪,270000,45.0,09/23 05:00,2018.6,モデル延長,,True,,0,5.3,7.5,0.0,20000.0,0.0,rain,1.1737,1.0,0.0,7.05,6.68,2.37
大阪,270000,48.0,09/23 08:00,2090.9,モデル延長,,True,,0,5.1,7.2,0.0,20000.0,0.0,rain,1.1751,1.0,0.0,7.054,6.67,2.36
大阪,270000,51.0,09/23 11:00,2165.3,モデル延長,,True,,0,4.9,7.0,0.0,20000.0,0.0,rain,1.1764,1.0,0.0,7.058,6.67,2.36
大阪,270000,54.0,09/23 14:00,2241.7,モデル延長,,True,,0,4.7,6.7,0.0,20000.0,0.0,rain,1.1775,1.0,0.0,7.062,6.66,2.35
大阪,270000,57.0,09/23 17:00,2319.8,モデル延長,,True,,0,4.5,6.5,0.0,20000.0,0.0,rain,1.1785,1.0,0.0,7.065,6.66,2.34
大阪,270000,60.0,09/23 20:00,2399.6,モデル延長,,True,,0,4.4,6.2,0.0,20000.0,0.0,rain,1.1794,1.0,0.0,7.068,6.66,2.34
大阪,270000,63.0,09/23 23:00,2481.0,モデル延長,,True,,0,4.2,6.0,0.0,20000.0,0.0,rain,1.1802,1.0,0.0,7.07,6.66,2.34
大阪,270000,66.0,09/24 02:00,2563.9,モデル延長,,True,,0,4.1,5.9,0.0,20000.0,0.0,rain,1.181,1.0,0.0,7.073,6.65,2.33
大阪,270000,69.0,09/24 05:00,2648.1,モデル延長,,True,,0,4.0,5.7,0.0,20000.0,0.0,rain,1.1816,1.0,0.0,7.075,6.65,2.33
大阪,270000,72.0,09/24 08:00,2733.7,モデル延長,,True,,0,3.9,5.5,0.0,20000.0,0.0,rain,1.1822,1.0,0.0,7.077,6.65,2.32
宮古,030020,0.0,09/21 08:00,880.8,公式,30.0,False,"wind,gust",2,12.0,17.2,0.3,19902.0,0.01,rain,1.1503,0.998,0.0,6.96,6.74,2.49
宮古,030020,3.0,09/21 11:00,818.0,公式,30.0,False,"wind,gust",2,12.4,17.8,0.5,19834.0,0.01,rain,1.1503,0.997,0.0,6.952,6.74,2.49
宮古,030020,6.0,09/21 14:00,753.7,公式,30.0,False,"wind,gust",2,14.0,20.0,1.2,19574.0,0.03,rain,1.1503,0.994,0.0,6.929,6.74,2.49
宮古,030020,9.0,09/21 17:00,674.8,公式,30.0,False,"wind,gust",2,14.1,20.1,0.9,19671.0,0.02,rain,1.1503,0.995,0.0,6.937,6.74,2.49
宮古,030020,12.0,09/21 20:00,592.5,公式,30.0,False,"wind,gust",2,14.9,21.3,1.2,19579.0,0.03,rain,1.1503,0.994,0.0,6.93,6.74,2.49
宮古,030020,15.0,09/21 23:00,509.6,公式,30.0,False,"wind,gust",2,15.7,22.5,1.2,19587.0,0.03,rain,1.1503,0.994,0.0,6.93,6.74,2.49
宮古,030020,18.0,09/22 02:00,440.3,公式,30.0,False,"wind,gust",2,16.7,23.8,0.9,19677.0,0.02,rain,1.1503,0.995,0.0,6.938,6.74,2.49
宮古,030020,21.0,09/22 05:00,403.5,公式,30.0,False,"wind,gust",2,17.0,24.3,0.5,19826.0,0.01,rain,1.1503,0.997,0.0,6.952,6.74,2.49
宮古,030020,24.0,09/22 08:00,442.5,公式,30.0,False,"wind,gust",2,16.5,23.6,0.2,19923.0,0.01,rain,1.1525,0.998,0.0,6.969,6.74,2.48
宮古,030020,27.0,09/22 11:00,537.2,公式,30.0,False,"wind,gust",2,15.4,22.0,0.1,19967.0,0.0,rain,1.1558,0.999,0.0,6.986,6.73,2.46
宮古,030020,30.0,09/22 14:00,655.7,公式,30.0,False,"wind,gust",2,14.4,20.5,0.0,19985.0,0.0,rain,1.1591,0.999,0.0,6.999,6.72,2.45
宮古,030020,33.0,09/22 17:00,786.6,公式,30.0,False,"wind,gust",2,13.5,19.3,0.0,19993.0,0.0,rain,1.1623,1.0,0.0,7.012,6.71,2.43
宮古,030020,36.0,09/22 20:00,924.2,公式,30.0,False,"wind,gust",2,12.7,18.2,0.0,19997.0,0.0,rain,1.1656,1.0,0.0,7.023,6.7,2.41
宮古,030020,39.0,09/22 23:00,1065.2,公式,30.0,False,"wind,gust",2,12.1,17.2,0.0,19999.0,0.0,rain,1.1689,1.0,0.0,7.034,6.69,2.39
宮古,030020,42.0,09/23 02:00,1208.0,公式,30.0,False,"wind,gust",2,11.5,16.5,0.0,19999.0,0.0,rain,1.1721,1.0,0.0,7.044,6.68,2.38
宮古,030020,45.0,09/23 05:00,1294.7,モデル延長,30.0,True,,0,6.5,9.3,0.0,20000.0,0.0,rain,1.1737,1.0,0.0,7.05,6.68,2.37
宮古,030020,48.0,09/23 08:00,1356.6,モデル延長,30.0,True,,0,6.2,8.9,0.0,20000.0,0.0,rain,1.1751,1.0,0.0,7.054,6.67,2.36
宮古,030020,51.0,09/23 11:00,1422.0,モデル延長,30.0,True,,0,5.9,8.5,0.0,20000.0,0.0,rain,1.1764,1.0,0.0,7.058,6.67,2.36
宮古,030020,54.0,09/23 14:00,1490.6,モデル延長,30.0,True,,0,5.7,8.1,0.0,20000.0,0.0,rain,1.1775,1.0,0.0,7.062,6.66,2.35
宮古,030020,57.0,09/23 17:00,1562.2,モデル延長,30.0,True,,0,5.5,7.8,0.0,20000.0,0.0,rain,1.1785,1.0,0.0,7.065,6.66,2.34
宮古,030020,60.0,09/23 20:00,1636.3,モデル延長,30.0,True,,0,5.2,7.5,0.0,20000.0,0.0,rain,1.1794,1.0,0.0,7.068,6.66,2.34
宮古,030020,63.0,09/23 23:00,1712.9,モデル延長,30.0,True,,0,5.0,7.2,0.0,20000.0,0.0,rain,1.1802,1.0,0.0,7.07,6.66,2.34
宮古,030020,66.0,09/24 02:00,1791.6,モデル延長,30.0,True,,0,4.9,6.9,0.0,20000.0,0.0,rain,1.181,1.0,0.0,7.073,6.65,2.33
宮古,030020,69.0,09/24 05:00,1872.3,モデル延長,30.0,True,,0,4.7,6.7,0.0,20000.0,0.0,rain,1.1816,1.0,0.0,7.075,6.65,2.33
宮古,030020,72.0,09/24 08:00,1954.8,モデル延長,30.0,True,,0,4.5,6.5,0.0,20000.0,0.0,rain,1.1822,1.0,0.0,7.077,6.65,2.32
東京,130010,0.0,09/21 08:00,400.1,公式,70.0,False,"wind,gust",2,16.9,24.2,4.7,18342.0,0.12,rain,1.1502,0.982,0.0,6.847,6.74,2.49
東京,130010,3.0,09/21 11:00,338.4,公式,70.0,False,"wind,gust",2,18.8,26.9,5.0,18256.0,0.12,rain,1.1502,0.981,0.0,6.842,6.74,2.49
東京,130010,6.0,09/21 14:00,277.4,公式,70.0,False,"wind,gust",2,22.4,32.0,3.7,18708.0,0.09,rain,1.1502,0.985,0.0,6.869,6.74,2.49
東京,130010,9.0,09/21 17:00,211.0,公式,70.0,False,"wind,gust",2,21.6,30.8,2.4,19164.0,0.06,rain,1.1503,0.989,0.0,6.899,6.74,2.49
東京,130010,12.0,09/21 20:00,172.5,公式,70.0,False,"wind,gust",2,23.1,33.0,1.3,19532.0,0.03,rain,1.1503,0.993,0.0,6.926,6.74,2.49
東京,130010,15.0,09/21 23:00,195.6,公式,70.0,False,"wind,gust",2,22.4,32.0,0.7,19755.0,0.02,rain,1.1503,0.996,0.0,6.945,6.74,2.49
東京,130010,18.0,09/22 02:00,290.5,公式,70.0,False,"wind,gust",2,19.9,28.5,0.4,19871.0,0.01,rain,1.1503,0.997,0.0,6.956,6.74,2.49
東京,130010,21.0,09/22 05:00,422.2,公式,70.0,False,"wind,gust",2,17.5,25.0,0.2,19939.0,0.0,rain,1.1503,0.999,0.0,6.964,6.74,2.49
東京,130010,24.0,09/22 08:00,576.7,公式,70.0,False,"wind,gust",2,15.8,22.5,0.1,19972.0,0.0,rain,1.1525,0.999,0.0,6.976,6.74,2.48
東京,130010,27.0,09/22 11:00,737.3,公式,70.0,False,"wind,gust",2,14.3,20.5,0.0,19988.0,0.0,rain,1.1558,1.0,0.0,6.989,6.73,2.46
東京,130010,30.0,09/22 14:00,897.0,公式,70.0,False,"wind,gust",2,13.3,18.9,0.0,19995.0,0.0,rain,1.1591,1.0,0.0,7.001,6.72,2.45
東京,130010,33.0,09/22 17:00,1055.7,公式,70.0,False,"wind,gust",2,12.4,17.8,0.0,19998.0,0.0,rain,1.1623,1.0,0.0,7.013,6.71,2.43
東京,130010,36.0,09/22 20:00,1213.3,公式,70.0,False,"wind,gust",2,11.8,16.8,0.0,19999.0,0.0,rain,1.1656,1.0,0.0,7.024,6.7,2.41
東京,130010,39.0,09/22 23:00,1369.7,公式,70.0,False,"wind,gust",2,11.2,16.0,0.0,20000.0,0.0,rain,1.1689,1.0,0.0,7.034,6.69,2.39
東京,130010,42.0,09/23 02:00,1524.9,公式,70.0,False,"wind,gust",2,10.7,15.4,0.0,20000.0,0.0,rain,1.1721,1.0,0.0,7.045,6.68,2.38
東京,130010,45.0,09/23 05:00,1624.4,モデル延長,70.0,True,,0,5.9,8.4,0.0,20000.0,0.0,rain,1.1737,1.0,0.0,7.05,6.68,2.37
東京,130010,48.0,09/23 08:00,1698.6,モデル延長,70.0,True,,0,5.6,8.0,0.0,20000.0,0.0,rain,1.1751,1.0,0.0,7.054,6.67,2.36
東京,130010,51.0,09/23 11:00,1775.1,モデル延長,70.0,True,,0,5.4,7.6,0.0,20000.0,0.0,rain,1.1764,1.0,0.0,7.058,6.67,2.36
東京,130010,54.0,09/23 14:00,1853.5,モデル延長,70.0,True,,0,5.1,7.3,0.0,20000.0,0.0,rain,1.1775,1.0,0.0,7.062,6.66,2.35
東京,130010,57.0,09/23 17:00,1933.7,モデル延長,70.0,True,,0,4.9,7.0,0.0,20000.0,0.0,rain,1.1785,1.0,0.0,7.065,6.66,2.34
東京,130010,60.0,09/23 20:00,2015.6,モデル延長,70.0,True,,0,4.7,6.8,0.0,20000.0,0.0,rain,1.1794,1.0,0.0,7.068,6.66,2.34
東京,130010,63.0,09/23 23:00,2099.1,モデル延長,70.0,True,,0,4.6,6.5,0.0,20000.0,0.0,rain,1.1802,1.0,0.0,7.07,6.66,2.34
東京,130010,66.0,09/24 02:00,2184.1,モデル延長,70.0,True,,0,4.4,6.3,0.0,20000.0,0.0,rain,1.181,1.0,0.0,7.073,6.65,2.33
東京,130010,69.0,09/24 05:00,2270.5,モデル延長,70.0,True,,0,4.3,6.1,0.0,20000.0,0.0,rain,1.1816,1.0,0.0,7.075,6.65,2.33
東京,130010,72.0,09/24 08:00,2358.1,モデル延長,70.0,True,,0,4.1,5.9,0.0,20000.0,0.0,rain,1.1822,1.0,0.0,7.077,6.65,2.32
横浜,140010,0.0,09/21 08:00,370.6,公式,50.0,False,"wind,gust",2,17.5,25.0,5.8,17980.0,0.14,rain,1.1501,0.979,0.0,6.827,6.74,2.49
横浜,140010,3.0,09/21 11:00,308.9,公式,50.0,False,"wind,gust",2,19.6,28.1,5.5,18071.0,0.14,rain,1.1502,0.98,0.0,6.832,6.74,2.49
横浜,140010,6.0,09/21 14:00,248.2,公式,50.0,False,"wind,gust",2,23.6,33.7,3.7,18688.0,0.09,rain,1.1502,0.985,0.0,6.868,6.74,2.49
横浜,140010,9.0,09/21 17:00,184.0,公式,50.0,False,"wind,gust",2,22.7,32.4,2.4,19160.0,0.06,rain,1.1503,0.989,0.0,6.899,6.74,2.49
横浜,140010,12.0,09/21 20:00,155.9,公式,50.0,False,"wind,gust",2,24.0,34.3,1.3,19543.0,0.03,rain,1.1503,0.993,0.0,6.927,6.74,2.49
横浜,140010,15.0,09/21 23:00,196.4,公式,50.0,False,"wind,gust",2,22.6,32.2,0.7,19758.0,0.02,rain,1.1503,0.996,0.0,6.945,6.74,2.49
横浜,140010,18.0,09/22 02:00,301.9,公式,50.0,False,"wind,gust",2,19.8,28.3,0.4,19872.0,0.01,rain,1.1503,0.997,0.0,6.956,6.74,2.49
横浜,140010,21.0,09/22 05:00,438.4,公式,50.0,False,"wind,gust",2,17.3,24.7,0.2,19939.0,0.0,rain,1.1503,0.999,0.0,6.964,6.74,2.49
横浜,140010,24.0,09/22 08:00,594.5,公式,50.0,False,"wind,gust",2,15.6,22.3,0.1,19971.0,0.0,rain,1.1525,0.999,0.0,6.976,6.74,2.48
横浜,140010,27.0,09/22 11:00,755.7,公式,50.0,False,"wind,gust",2,14.2,20.3,0.0,19988.0,0.0,rain,1.1558,1.0,0.0,6.989,6.73,2.46
横浜,140010,30.0,09/22 14:00,915.9,公式,50.0,False,"wind,gust",2,13.2,18.8,0.0,19995.0,0.0,rain,1.1591,1.0,0.0,7.001,6.72,2.45
横浜,140010,33.0,09/22 17:00,1074.9,公式,50.0,False,"wind,gust",2,12.4,17.7,0.0,19998.0,0.0,rain,1.1623,1.0,0.0,7.013,6.71,2.43
横浜,140010,36.0,09/22 20:00,1232.8,公式,50.0,False,"wind,gust",2,11.7,16.7,0.0,19999.0,0.0,rain,1.1656,1.0,0.0,7.024,6.7,2.41
横浜,140010,39.0,09/22 23:00,1389.6,公式,50.0,False,"wind,gust",2,11.2,16.0,0.0,20000.0,0.0,rain,1.1689,1.0,0.0,7.034,6.69,2.39
横浜,140010,42.0,09/23 02:00,1545.1,公式,50.0,False,"wind,gust",2,10.7,15.3,0.0,20000.0,0.0,rain,1.1721,1.0,0.0,7.045,6.68,2.38
横浜,140010,45.0,09/23 05:00,1645.1,モデル延長,50.0,True,,0,5.8,8.3,0.0,20000.0,0.0,rain,1.1737,1.0,0.0,7.05,6.68,2.37
横浜,140010,48.0,09/23 08:00,1719.9,モデル延長,50.0,True,,0,5.6,7.9,0.0,20000.0,0.0,rain,1.1751,1.0,0.0,7.054,6.67,2.36
横浜,140010,51.0,09/23 11:00,1796.8,モデル延長,50.0,True,,0,5.3,7.6,0.0,20000.0,0.0,rain,1.1764,1.0,0.0,7.058,6.67,2.36
横浜,140010,54.0,09/23 14:00,1875.6,モデル延長,50.0,True,,0,5.1,7.3,0.0,20000.0,0.0,rain,1.1775,1.0,0.0,7.062,6.66,2.35
横浜,140010,57.0,09/23 17:00,1956.3,モデル延長,50.0,True,,0,4.9,7.0,0.0,20000.0,0.0,rain,1.1785,1.0,0.0,7.065,6.66,2.34
横浜,140010,60.0,09/23 20:00,2038.6,モデル延長,50.0,True,,0,4.7,6.7,0.0,20000.0,0.0,rain,1.1794,1.0,0.0,7.068,6.66,2.34
横浜,140010,63.0,09/23 23:00,2122.4,モデル延長,50.0,True,,0,4.6,6.5,0.0,20000.0,0.0,rain,1.1802,1.0,0.0,7.07,6.66,2.34
横浜,140010,66.0,09/24 02:00,2207.7,モデル延長,50.0,True,,0,4.4,6.3,0.0,20000.0,0.0,rain,1.181,1.0,0.0,7.073,6.65,2.33
横浜,140010,69.0,09/24 05:00,2294.3,モデル延長,50.0,True,,0,4.3,6.1,0.0,20000.0,0.0,rain,1.1816,1.0,0.0,7.075,6.65,2.33
横浜,140010,72.0,09/24 08:00,2382.2,モデル延長,50.0,True,,0,4.1,5.9,0.0,20000.0,0.0,rain,1.1822,1.0,0.0,7.077,6.65,2.32
水戸,080020,0.0,09/21 08:00,495.3,公式,60.0,False,"wind,gust",2,15.4,22.0,2.9,18988.0,0.07,rain,1.1502,0.988,0.0,6.887,6.74,2.49
水戸,080020,3.0,09/21 11:00,432.0,公式,60.0,False,"wind,gust",2,16.8,24.0,4.0,18583.0,0.1,rain,1.1502,0.984,0.0,6.862,6.74,2.49
水戸,080020,6.0,09/21 14:00,367.6,公式,60.0,False,"wind,gust",2,19.6,28.1,4.4,18462.0,0.11,rain,1.1502,0.983,0.0,6.855,6.74,2.49
水戸,080020,9.0,09/21 17:00,291.0,公式,60.0,False,"wind,gust",2,19.4,27.7,3.1,18923.0,0.08,rain,1.1502,0.987,0.0,6.883,6.74,2.49
水戸,080020,12.0,09/21 20:00,222.2,公式,60.0,False,"wind,gust",2,21.4,30.6,2.0,19317.0,0.05,rain,1.1503,0.991,0.0,6.91,6.74,2.49
水戸,080020,15.0,09/21 23:00,187.3,公式,60.0,False,"wind,gust",2,22.6,32.3,1.0,19634.0,0.03,rain,1.1503,0.994,0.0,6.934,6.74,2.49
水戸,080020,18.0,09/22 02:00,234.8,公式,60.0,False,"wind,gust",2,21.2,30.3,0.5,19819.0,0.01,rain,1.1503,0.997,0.0,6.951,6.74,2.49
水戸,080020,21.0,09/22 05:00,346.2,公式,60.0,False,"wind,gust",2,18.6,26.6,0.2,19916.0,0.01,rain,1.1503,0.998,0.0,6.961,6.74,2.49
水戸,080020,24.0,09/22 08:00,494.5,公式,60.0,False,"wind,gust",2,16.6,23.7,0.1,19961.0,0.0,rain,1.1525,0.999,0.0,6.974,6.74,2.48
水戸,080020,27.0,09/22 11:00,652.7,公式,60.0,False,"wind,gust",2,14.9,21.3,0.0,19984.0,0.0,rain,1.1558,0.999,0.0,6.989,6.73,2.46
水戸,080020,30.0,09/22 14:00,810.8,公式,60.0,False,"wind,gust",2,13.7,19.6,0.0,19993.0,0.0,rain,1.1591,1.0,0.0,7.001,6.72,2.45
水戸,080020,33.0,09/22 17:00,968.2,公式,60.0,False,"wind,gust",2,12.8,18.3,0.0,19997.0,0.0,rain,1.1623,1.0,0.0,7.012,6.71,2.43
水戸,080020,36.0,09/22 20:00,1124.8,公式,60.0,False,"wind,gust",2,12.1,17.3,0.0,19999.0,0.0,rain,1.1656,1.0,0.0,7.023,6.7,2.41
水戸,080020,39.0,09/22 23:00,1280.4,公式,60.0,False,"wind,gust",2,11.5,16.4,0.0,20000.0,0.0,rain,1.1689,1.0,0.0,7.034,6.69,2.39
水戸,080020,42.0,09/23 02:00,1434.9,公式,60.0,False,"wind,gust",2,11.0,15.7,0.0,20000.0,0.0,rain,1.1721,1.0,0.0,7.045,6.68,2.38
水戸,080020,45.0,09/23 05:00,1533.3,モデル延長,60.0,True,,0,6.0,8.6,0.0,20000.0,0.0,rain,1.1737,1.0,0.0,7.05,6.68,2.37
水戸,080020,48.0,09/23 08:00,1606.4,モデル延長,60.0,True,,0,5.7,8.2,0.0,20000.0,0.0,rain,1.1751,1.0,0.0,7.054,6.67,2.36
水戸,080020,51.0,09/23 11:00,1681.8,モデル延長,60.0,True,,0,5.5,7.8,0.0,20000.0,0.0,rain,1.1764,1.0,0.0,7.058,6.67,2.36
水戸,080020,54.0,09/23 14:00,1759.4,モデル延長,60.0,True,,0,5.3,7.5,0.0,20000.0,0.0,rain,1.1775,1.0,0.0,7.062,6.66,2.35
水戸,080020,57.0,09/23 17:00,1838.9,モデル延長,60.0,True,,0,5.0,7.2,0.0,20000.0,0.0,rain,1.1785,1.0,0.0,7.065,6.66,2.34
水戸,080020,60.0,09/23 20:00,1920.2,モデル延長,60.0,True,,0,4.9,6.9,0.0,20000.0,0.0,rain,1.1794,1.0,0.0,7.068,6.66,2.34
水戸,080020,63.0,09/23 23:00,2003.1,モデル延長,60.0,True,,0,4.7,6.7,0.0,20000.0,0.0,rain,1.1802,1.0,0.0,7.07,6.66,2.34
水戸,080020,66.0,09/24 02:00,2087.6,モデル延長,60.0,True,,0,4.5,6.5,0.0,20000.0,0.0,rain,1.181,1.0,0.0,7.073,6.65,2.33
水戸,080020,69.0,09/24 05:00,2173.5,モデル延長,60.0,True,,0,4.4,6.2,0.0,20000.0,0.0,rain,1.1816,1.0,0.0,7.075,6.65,2.33
水戸,080020,72.0,09/24 08:00,2260.8,モデル延長,60.0,True,,0,4.2,6.0,0.0,20000.0,0.0,rain,1.1822,1.0,0.0,7.077,6.65,2.32
甲府,,0.0,09/21 08:00,375.1,公式,,False,"wind,gust",2,17.6,25.2,3.9,18621.0,0.1,rain,1.1502,0.984,0.0,6.864,6.74,2.49
甲府,,3.0,09/21 11:00,322.9,公式,,False,"wind,gust",2,19.2,27.5,3.4,18802.0,0.09,rain,1.1502,0.986,0.0,6.875,6.74,2.49
甲府,,6.0,09/21 14:00,277.7,公式,,False,"wind,gust",2,22.4,32.0,2.6,19074.0,0.07,rain,1.1503,0.988,0.0,6.893,6.74,2.49
甲府,,9.0,09/21 17:00,242.9,公式,,False,"wind,gust",2,19.9,28.5,1.4,19496.0,0.04,rain,1.1503,0.993,0.0,6.923,6.74,2.49
甲府,,12.0,09/21 20:00,248.3,公式,,False,"wind,gust",2,20.0,28.6,0.8,19707.0,0.02,rain,1.1503,0.995,0.0,6.941,6.74,2.49
甲府,,15.0,09/21 23:00,298.9,公式,,False,"wind,gust",2,19.1,27.3,0.5,19835.0,0.01,rain,1.1503,0.997,0.0,6.953,6.74,2.49
甲府,,18.0,09/22 02:00,398.6,公式,,False,"wind,gust",2,17.6,25.1,0.3,19910.0,0.01,rain,1.1503,0.998,0.0,6.961,6.74,2.49
甲府,,21.0,09/22 05:00,528.1,公式,,False,"wind,gust",2,15.9,22.8,0.1,19957.0,0.0,rain,1.1503,0.999,0.0,6.967,6.74,2.49
甲府,,24.0,09/22 08:00,680.8,公式,,False,"wind,gust",2,14.7,21.0,0.1,19980.0,0.0,rain,1.1525,0.999,0.0,6.977,6.74,2.48
甲府,,27.0,09/22 11:00,840.4,公式,,False,"wind,gust",2,13.5,19.4,0.0,19992.0,0.0,rain,1.1558,1.0,0.0,6.99,6.73,2.46
甲府,,30.0,09/22 14:00,999.2,公式,,False,"wind,gust",2,12.7,18.1,0.0,19996.0,0.0,rain,1.1591,1.0,0.0,7.002,6.72,2.45
甲府,,33.0,09/22 17:00,1157.1,公式,,False,"wind,gust",2,12.0,17.1,0.0,19999.0,0.0,rain,1.1623,1.0,0.0,7.013,6.71,2.43
甲府,,36.0,09/22 20:00,1314.0,公式,,False,"wind,gust",2,11.4,16.2,0.0,19999.0,0.0,rain,1.1656,1.0,0.0,7.024,6.7,2.41
甲府,,39.0,09/22 23:00,1469.7,公式,,False,"wind,gust",2,10.9,15.5,0.0,20000.0,0.0,rain,1.1689,1.0,0.0,7.034,6.69,2.39
甲府,,42.0,09/23 02:00,1624.3,公式,,False,"wind,gust",2,10.5,14.9,0.0,20000.0,0.0,rain,1.1721,1.0,0.0,7.045,6.68,2.38
甲府,,45.0,09/23 05:00,1722.7,モデル延長,,True,,0,5.7,8.1,0.0,20000.0,0.0,rain,1.1737,1.0,0.0,7.05,6.68,2.37
甲府,,48.0,09/23 08:00,1795.7,モデル延長,,True,,0,5.4,7.8,0.0,20000.0,0.0,rain,1.1751,1.0,0.0,7.054,6.67,2.36
甲府,,51.0,09/23 11:00,1870.9,モデル延長,,True,,0,5.2,7.5,0.0,20000.0,0.0,rain,1.1764,1.0,0.0,7.058,6.67,2.36
甲府,,54.0,09/23 14:00,1948.2,モデル延長,,True,,0,5.0,7.2,0.0,20000.0,0.0,rain,1.1775,1.0,0.0,7.062,6.66,2.35
甲府,,57.0,09/23 17:00,2027.3,モデル延長,,True,,0,4.8,6.9,0.0,20000.0,0.0,rain,1.1785,1.0,0.0,7.065,6.66,2.34
甲府,,60.0,09/23 20:00,2108.1,モデル延長,,True,,0,4.6,6.6,0.0,20000.0,0.0,rain,1.1794,1.0,0.0,7.068,6.66,2.34
甲府,,63.0,09/23 23:00,2190.5,モデル延長,,True,,0,4.5,6.4,0.0,20000.0,0.0,rain,1.1802,1.0,0.0,7.07,6.66,2.34
甲府,,66.0,09/24 02:00,2274.5,モデル延長,,True,,0,4.3,6.2,0.0,20000.0,0.0,rain,1.181,1.0,0.0,7.073,6.65,2.33
甲府,,69.0,09/24 05:00,2359.9,モデル延長,,True,,0,4.2,6.0,0.0,20000.0,0.0,rain,1.1816,1.0,0.0,7.075,6.65,2.33
甲府,,72.0,09/24 08:00,2446.6,モデル延長,,True,,0,4.1,5.8,0.0,20000.0,0.0,rain,1.1822,1.0,0.0,7.077,6.65,2.32
銚子,120020,0.0,09/21 08:00,449.1,公式,70.0,False,"wind,gust",2,16.0,22.8,3.9,18630.0,0.1,rain,1.1502,0.984,0.0,6.865,6.74,2.49
銚子,120020,3.0,09/21 11:00,383.7,公式,70.0,False,"wind,gust",2,17.7,25.3,6.0,17886.0,0.15,rain,1.1501,0.978,0.0,6.822,6.74,2.49
銚子,120020,6.0,09/21 14:00,315.8,公式,70.0,False,"wind,gust",2,21.1,30.1,5.3,18160.0,0.13,rain,1.1502,0.98,0.0,6.837,6.74,2.49
銚子,120020,9.0,09/21 17:00,231.4,公式,70.0,False,"wind,gust",2,21.6,30.9,3.6,18741.0,0.09,rain,1.1502,0.985,0.0,6.871,6.74,2.49
銚子,120020,12.0,09/21 20:00,148.9,公式,70.0,False,"wind,gust",2,25.4,36.2,2.1,19263.0,0.05,rain,1.1503,0.99,0.0,6.906,6.74,2.49
銚子,120020,15.0,09/21 23:00,111.3,公式,70.0,False,"wind,gust",2,27.8,39.7,1.1,19624.0,0.03,rain,1.1503,0.994,0.0,6.933,6.74,2.49
銚子,120020,18.0,09/22 02:00,190.4,公式,70.0,False,"wind,gust",2,23.5,33.6,0.5,19815.0,0.01,rain,1.1503,0.997,0.0,6.951,6.74,2.49
銚子,120020,21.0,09/22 05:00,324.5,公式,70.0,False,"wind,gust",2,19.5,27.8,0.3,19912.0,0.01,rain,1.1503,0.998,0.0,6.961,6.74,2.49
銚子,120020,24.0,09/22 08:00,480.8,公式,70.0,False,"wind,gust",2,17.0,24.3,0.1,19960.0,0.0,rain,1.1525,0.999,0.0,6.974,6.74,2.48
銚子,120020,27.0,09/22 11:00,642.2,公式,70.0,False,"wind,gust",2,15.2,21.7,0.0,19983.0,0.0,rain,1.1558,0.999,0.0,6.988,6.73,2.46
銚子,120020,30.0,09/22 14:00,802.5,公式,70.0,False,"wind,gust",2,13.9,19.9,0.0,19993.0,0.0,rain,1.1591,1.0,0.0,7.001,6.72,2.45
銚子,120020,33.0,09/22 17:00,961.7,公式,70.0,False,"wind,gust",2,12.9,18.5,0.0,19997.0,0.0,rain,1.1623,1.0,0.0,7.012,6.71,2.43
銚子,120020,36.0,09/22 20:00,1119.8,公式,70.0,False,"wind,gust",2,12.2,17.4,0.0,19999.0,0.0,rain,1.1656,1.0,0.0,7.023,6.7,2.41
銚子,120020,39.0,09/22 23:00,1276.8,公式,70.0,False,"wind,gust",2,11.6,16.5,0.0,19999.0,0.0,rain,1.1689,1.0,0.0,7.034,6.69,2.39
銚子,120020,42.0,09/23 02:00,1432.5,公式,70.0,False,"wind,gust",2,11.0,15.8,0.0,20000.0,0.0,rain,1.1721,1.0,0.0,7.045,6.68,2.38
銚子,120020,45.0,09/23 05:00,1532.9,モデル延長,70.0,True,,0,6.0,8.6,0.0,20000.0,0.0,rain,1.1737,1.0,0.0,7.05,6.68,2.37
銚子,120020,48.0,09/23 08:00,1608.3,モデル延長,70.0,True,,0,5.7,8.2,0.0,20000.0,0.0,rain,1.1751,1.0,0.0,7.054,6.67,2.36
銚子,120020,51.0,09/23 11:00,1685.8,モデル延長,70.0,True,,0,5.5,7.8,0.0,20000.0,0.0,rain,1.1764,1.0,0.0,7.058,6.67,2.36
銚子,120020,54.0,09/23 14:00,1765.3,モデル延長,70.0,True,,0,5.3,7.5,0.0,20000.0,0.0,rain,1.1775,1.0,0.0,7.062,6.66,2.35
銚子,120020,57.0,09/23 17:00,1846.6,モデル延長,70.0,True,,0,5.0,7.2,0.0,20000.0,0.0,rain,1.1785,1.0,0.0,7.065,6.66,2.34
銚子,120020,60.0,09/23 20:00,1929.5,モデル延長,70.0,True,,0,4.8,6.9,0.0,20000.0,0.0,rain,1.1794,1.0,0.0,7.068,6.66,2.34
銚子,120020,63.0,09/23 23:00,2013.9,モデル延長,70.0,True,,0,4.7,6.7,0.0,20000.0,0.0,rain,1.1802,1.0,0.0,7.07,6.66,2.34
銚子,120020,66.0,09/24 02:00,2099.8,モデル延長,70.0,True,,0,4.5,6.4,0.0,20000.0,0.0,rain,1.181,1.0,0.0,7.073,6.65,2.33
銚子,120020,69.0,09/24 05:00,2187.0,モデル延長,70.0,True,,0,4.4,6.2,0.0,20000.0,0.0,rain,1.1816,1.0,0.0,7.075,6.65,2.33
銚子,120020,72.0,09/24 08:00,2275.5,モデル延長,70.0,True,,0,4.2,6.0,0.0,20000.0,0.0,rain,1.1822,1.0,0.0,7.077,6.65,2.32
静岡,220010,0.0,09/21 08:00,297.6,公式,50.0,False,"wind,gust",2,19.5,27.8,4.1,18549.0,0.1,rain,1.1502,0.984,0.0,6.86,6.74,2.49
静岡,220010,3.0,09/21 11:00,247.4,公式,50.0,False,"wind,gust",2,21.8,31.2,3.2,18890.0,0.08,rain,1.1502,0.987,0.0,6.881,6.74,2.49
静岡,220010,6.0,09/21 14:00,208.2,公式,50.0,False,"wind,gust",2,25.7,36.7,2.2,19229.0,0.06,rain,1.1503,0.99,0.0,6.904,6.74,2.49
静岡,220010,9.0,09/21 17:00,191.8,公式,50.0,False,"wind,gust",2,21.8,31.1,1.2,19590.0,0.03,rain,1.1503,0.994,0.0,6.931,6.74,2.49
静岡,220010,12.0,09/21 20:00,228.3,公式,50.0,False,"wind,gust",2,20.9,29.9,0.7,19764.0,0.02,rain,1.1503,0.996,0.0,6.946,6.74,2.49
静岡,220010,15.0,09/21 23:00,306.4,公式,50.0,False,"wind,gust",2,19.2,27.5,0.4,19866.0,0.01,rain,1.1503,0.997,0.0,6.956,6.74,2.49
静岡,220010,18.0,09/22 02:00,423.0,公式,50.0,False,"wind,gust",2,17.4,24.9,0.2,19926.0,0.01,rain,1.1503,0.998,0.0,6.963,6.74,2.49
静岡,220010,21.0,09/22 05:00,562.4,公式,50.0,False,"wind,gust",2,15.7,22.4,0.1,19965.0,0.0,rain,1.1503,0.999,0.0,6.968,6.74,2.49
静岡,220010,24.0,09/22 08:00,718.9,公式,50.0,False,"wind,gust",2,14.5,20.7,0.0,19983.0,0.0,rain,1.1525,0.999,0.0,6.978,6.74,2.48
静岡,220010,27.0,09/22 11:00,880.2,公式,50.0,False,"wind,gust",2,13.4,19.1,0.0,19993.0,0.0,rain,1.1558,1.0,0.0,6.99,6.73,2.46
静岡,220010,30.0,09/22 14:00,1040.4,公式,50.0,False,"wind,gust",2,12.5,17.9,0.0,19997.0,0.0,rain,1.1591,1.0,0.0,7.002,6.72,2.45
静岡,220010,33.0,09/22 17:00,1199.5,公式,50.0,False,"wind,gust",2,11.9,16.9,0.0,19999.0,0.0,rain,1.1623,1.0,0.0,7.013,6.71,2.43
静岡,220010,36.0,09/22 20:00,1357.4,公式,50.0,False,"wind,gust",2,11.3,16.1,0.0,20000.0,0.0,rain,1.1656,1.0,0.0,7.024,6.7,2.41
静岡,220010,39.0,09/22 23:00,1514.1,公式,50.0,False,"wind,gust",2,10.8,15.4,0.0,20000.0,0.0,rain,1.1689,1.0,0.0,7.034,6.69,2.39
静岡,220010,42.0,09/23 02:00,1669.6,公式,50.0,False,"wind,gust",2,10.4,14.8,0.0,20000.0,0.0,rain,1.1721,1.0,0.0,7.045,6.68,2.38
静岡,220010,45.0,09/23 05:00,1769.4,モデル延長,50.0,True,,0,5.6,8.0,0.0,20000.0,0.0,rain,1.1737,1.0,0.0,7.05,6.68,2.37
静岡,220010,48.0,09/23 08:00,1844.0,モデル延長,50.0,True,,0,5.4,7.7,0.0,20000.0,0.0,rain,1.1751,1.0,0.0,7.054,6.67,2.36
静岡,220010,51.0,09/23 11:00,1920.7,モデル延長,50.0,True,,0,5.2,7.4,0.0,20000.0,0.0,rain,1.1764,1.0,0.0,7.058,6.67,2.36
静岡,220010,54.0,09/23 14:00,1999.2,モデル延長,50.0,True,,0,5.0,7.1,0.0,20000.0,0.0,rain,1.1775,1.0,0.0,7.062,6.66,2.35
静岡,220010,57.0,09/23 17:00,2079.6,モデル延長,50.0,True,,0,4.8,6.8,0.0,20000.0,0.0,rain,1.1785,1.0,0.0,7.065,6.66,2.34
静岡,220010,60.0,09/23 20:00,2161.5,モデル延長,50.0,True,,0,4.6,6.6,0.0,20000.0,0.0,rain,1.1794,1.0,0.0,7.068,6.66,2.34
静岡,220010,63.0,09/23 23:00,2245.0,モデル延長,50.0,True,,0,4.4,6.3,0.0,20000.0,0.0,rain,1.1802,1.0,0.0,7.07,6.66,2.34
静岡,220010,66.0,09/24 02:00,2329.8,モデル延長,50.0,True,,0,4.3,6.1,0.0,20000.0,0.0,rain,1.181,1.0,0.0,7.073,6.65,2.33
静岡,220010,69.0,09/24 05:00,2416.1,モデル延長,50.0,True,,0,4.2,5.9,0.0,20000.0,0.0,rain,1.1816,1.0,0.0,7.075,6.65,2.33
静岡,220010,72.0,09/24 08:00,2503.6,モデル延長,50.0,True,,0,4.0,5.8,0.0,20000.0,0.0,rain,1.1822,1.0,0.0,7.077,6.65,2.32
高知,390010,0.0,09/21 08:00,465.2,公式,,False,"wind,gust",2,16.8,24.0,0.2,19918.0,0.01,rain,1.1503,0.998,0.0,6.962,6.74,2.49
高知,390010,3.0,09/21 11:00,490.7,公式,,False,"wind,gust",2,15.8,22.6,0.1,19953.0,0.0,rain,1.1503,0.999,0.0,6.966,6.74,2.49
高知,390010,6.0,09/21 14:00,529.0,公式,,False,"wind,gust",2,16.6,23.6,0.1,19950.0,0.0,rain,1.1503,0.999,0.0,6.966,6.74,2.49
高知,390010,9.0,09/21 17:00,591.3,公式,,False,"wind,gust",2,14.5,20.7,0.0,19983.0,0.0,rain,1.1503,0.999,0.0,6.971,6.74,2.49
高知,390010,12.0,09/21 20:00,674.9,公式,,False,"wind,gust",2,14.1,20.2,0.0,19988.0,0.0,rain,1.1503,1.0,0.0,6.972,6.74,2.49
高知,390010,15.0,09/21 23:00,772.7,公式,,False,"wind,gust",2,13.5,19.3,0.0,19993.0,0.0,rain,1.1503,1.0,0.0,6.972,6.74,2.49
高知,390010,18.0,09/22 02:00,895.0,公式,,False,"wind,gust",2,13.0,18.6,0.0,19996.0,0.0,rain,1.1503,1.0,0.0,6.973,6.74,2.49
高知,390010,21.0,09/22 05:00,1035.0,公式,,False,"wind,gust",2,12.3,17.6,0.0,19998.0,0.0,rain,1.1503,1.0,0.0,6.974,6.74,2.49
高知,390010,24.0,09/22 08:00,1191.0,公式,,False,"wind,gust",2,11.9,17.0,0.0,19999.0,0.0,rain,1.1525,1.0,0.0,6.981,6.74,2.48
高知,390010,27.0,09/22 11:00,1351.8,公式,,False,"wind,gust",2,11.3,16.1,0.0,20000.0,0.0,rain,1.1558,1.0,0.0,6.992,6.73,2.46
高知,390010,30.0,09/22 14:00,1511.5,公式,,False,"wind,gust",2,10.8,15.4,0.0,20000.0,0.0,rain,1.1591,1.0,0.0,7.003,6.72,2.45
高知,390010,33.0,09/22 17:00,1670.1,公式,,False,"wind,gust",2,10.4,14.8,0.0,20000.0,0.0,rain,1.1623,1.0,0.0,7.013,6.71,2.43
高知,390010,36.0,09/22 20:00,1827.4,公式,,False,"wind,gust",2,10.0,14.3,0.0,20000.0,0.0,rain,1.1656,1.0,0.0,7.024,6.7,2.41
高知,390010,39.0,09/22 23:00,1983.4,公式,,False,"wind,gust",2,9.7,13.8,0.0,20000.0,0.0,rain,1.1689,1.0,0.0,7.034,6.69,2.39
高知,390010,42.0,09/23 02:00,2138.2,公式,,False,"wind,gust",2,9.4,13.4,0.0,20000.0,0.0,rain,1.1721,1.0,0.0,7.045,6.68,2.38
高知,390010,45.0,09/23 05:00,2236.7,モデル延長,,True,,0,5.0,7.2,0.0,20000.0,0.0,rain,1.1737,1.0,0.0,7.05,6.68,2.37
高知,390010,48.0,09/23 08:00,2309.6,モデル延長,,True,,0,4.8,6.9,0.0,20000.0,0.0,rain,1.1751,1.0,0.0,7.054,6.67,2.36
高知,390010,51.0,09/23 11:00,2384.4,モデル延長,,True,,0,4.7,6.7,0.0,20000.0,0.0,rain,1.1764,1.0,0.0,7.058,6.67,2.36
高知,390010,54.0,09/23 14:00,2461.0,モデル延長,,True,,0,4.5,6.4,0.0,20000.0,0.0,rain,1.1775,1.0,0.0,7.062,6.66,2.35
高知,390010,57.0,09/23 17:00,2539.3,モデル延長,,True,,0,4.3,6.2,0.0,20000.0,0.0,rain,1.1785,1.0,0.0,7.065,6.66,2.34
高知,390010,60.0,09/23 20:00,2619.2,モデル延長,,True,,0,4.2,6.0,0.0,20000.0,0.0,rain,1.1794,1.0,0.0,7.068,6.66,2.34
高知,390010,63.0,09/23 23:00,2700.6,モデル延長,,True,,0,4.1,5.8,0.0,20000.0,0.0,rain,1.1802,1.0,0.0,7.07,6.66,2.34
高知,390010,66.0,09/24 02:00,2783.5,モデル延長,,True,,0,3.9,5.6,0.0,20000.0,0.0,rain,1.181,1.0,0.0,7.073,6.65,2.33
高知,390010,69.0,09/24 05:00,2867.7,モデル延長,,True,,0,3.8,5.5,0.0,20000.0,0.0,rain,1.1816,1.0,0.0,7.075,6.65,2.33
高知,390010,72.0,09/24 08:00,2953.2,モデル延長,,True,,0,3.7,5.3,0.0,20000.0,0.0,rain,1.1822,1.0,0.0,7.077,6.65,2.32
