site,area,lead_h,stamp_jst,dist_km,go,breach,n_breach,wind_m_s,gust_m_s,rain_mm_h,visibility_m,lightning_risk,condition,density_kg_m3,prop_factor,extra_cd,margin,v_stall_m_s,alpha_trim_deg
三宅島,130020,0.0,09/21 08:00,232.3,False,"wind,gust",2,21.2,30.3,7.2,17489.0,0.18,rain,1.1501,0.975,0.0,6.8,6.74,2.5
三宅島,130020,3.0,09/21 11:00,162.4,False,"wind,gust",2,26.6,38.0,4.4,18466.0,0.11,rain,1.1508,0.983,0.0,6.857,6.74,2.49
三宅島,130020,6.0,09/21 14:00,92.4,False,"wind,gust",2,28.8,41.2,2.6,19089.0,0.07,rain,1.1518,0.989,0.0,6.899,6.74,2.49
三宅島,130020,9.0,09/21 17:00,22.8,False,"wind,gust",2,9.5,13.6,1.8,19379.0,0.04,rain,1.153,0.991,0.0,6.923,6.74,2.48
三宅島,130020,12.0,09/21 20:00,52.9,False,"wind,gust",2,19.0,27.1,1.2,19569.0,0.03,rain,1.1543,0.993,0.0,6.942,6.73,2.47
三宅島,130020,15.0,09/21 23:00,127.2,False,"wind,gust",2,29.9,42.7,0.8,19704.0,0.02,rain,1.1559,0.995,0.0,6.958,6.73,2.46
三宅島,130020,18.0,09/22 02:00,202.9,False,"wind,gust",2,25.1,35.9,0.6,19791.0,0.01,rain,1.1575,0.996,0.0,6.972,6.72,2.45
三宅島,130020,21.0,09/22 05:00,280.4,False,"wind,gust",2,22.1,31.6,0.4,19858.0,0.01,rain,1.1593,0.997,0.0,6.984,6.72,2.45
三宅島,130020,24.0,09/22 08:00,359.0,False,"wind,gust",2,20.3,29.0,0.3,19898.0,0.01,rain,1.1612,0.998,0.0,6.995,6.71,2.44
三宅島,130020,27.0,09/22 11:00,438.8,False,"wind,gust",2,18.7,26.8,0.2,19931.0,0.0,rain,1.1631,0.998,0.0,7.005,6.71,2.43
三宅島,130020,30.0,09/22 14:00,519.7,False,"wind,gust",2,17.5,25.0,0.1,19954.0,0.0,rain,1.165,0.999,0.0,7.014,6.7,2.42
三宅島,130020,33.0,09/22 17:00,601.7,False,"wind,gust",2,16.5,23.6,0.1,19969.0,0.0,rain,1.1669,0.999,0.0,7.022,6.69,2.41
三宅島,130020,36.0,09/22 20:00,684.6,False,"wind,gust",2,15.7,22.4,0.1,19980.0,0.0,rain,1.1687,0.999,0.0,7.03,6.69,2.4
三宅島,130020,39.0,09/22 23:00,768.5,False,"wind,gust",2,15.0,21.4,0.0,19987.0,0.0,rain,1.1705,1.0,0.0,7.036,6.68,2.39
三宅島,130020,42.0,09/23 02:00,853.1,False,"wind,gust",2,14.3,20.5,0.0,19991.0,0.0,rain,1.1722,1.0,0.0,7.043,6.68,2.38
三宅島,130020,45.0,09/23 05:00,938.6,True,,0,7.6,10.8,0.0,20000.0,0.0,rain,1.1737,1.0,0.0,7.05,6.68,2.37
三宅島,130020,48.0,09/23 08:00,1024.7,True,,0,7.1,10.1,0.0,20000.0,0.0,rain,1.1751,1.0,0.0,7.054,6.67,2.36
三宅島,130020,51.0,09/23 11:00,1111.4,True,,0,6.7,9.5,0.0,20000.0,0.0,rain,1.1764,1.0,0.0,7.058,6.67,2.36
三宅島,130020,54.0,09/23 14:00,1198.8,True,,0,6.3,9.0,0.0,20000.0,0.0,rain,1.1775,1.0,0.0,7.062,6.66,2.35
三宅島,130020,57.0,09/23 17:00,1286.6,True,,0,6.0,8.5,0.0,20000.0,0.0,rain,1.1785,1.0,0.0,7.065,6.66,2.34
三宅島,130020,60.0,09/23 20:00,1374.9,True,,0,5.7,8.1,0.0,20000.0,0.0,rain,1.1794,1.0,0.0,7.068,6.66,2.34
三宅島,130020,63.0,09/23 23:00,1463.6,True,,0,5.4,7.7,0.0,20000.0,0.0,rain,1.1802,1.0,0.0,7.07,6.66,2.34
三宅島,130020,66.0,09/24 02:00,1552.7,True,,0,5.2,7.4,0.0,20000.0,0.0,rain,1.181,1.0,0.0,7.073,6.65,2.33
三宅島,130020,69.0,09/24 05:00,1642.2,True,,0,5.0,7.1,0.0,20000.0,0.0,rain,1.1816,1.0,0.0,7.075,6.65,2.33
三宅島,130020,72.0,09/24 08:00,1731.9,True,,0,4.8,6.9,0.0,20000.0,0.0,rain,1.1822,1.0,0.0,7.077,6.65,2.32
仙台,040010,0.0,09/21 08:00,703.5,False,"wind,gust",2,13.3,19.0,1.0,19657.0,0.02,rain,1.1503,0.995,0.0,6.936,6.74,2.49
仙台,040010,3.0,09/21 11:00,633.1,False,"wind,gust",2,14.0,20.0,1.7,19406.0,0.04,rain,1.1509,0.992,0.0,6.918,6.74,2.49
仙台,040010,6.0,09/21 14:00,563.8,False,"wind,gust",2,16.1,22.9,4.0,18590.0,0.1,rain,1.1517,0.984,0.0,6.867,6.74,2.49
仙台,040010,9.0,09/21 17:00,494.9,False,"wind,gust",2,15.9,22.8,3.8,18682.0,0.09,rain,1.1529,0.985,0.0,6.876,6.74,2.48
仙台,040010,12.0,09/21 20:00,424.0,False,"wind,gust",2,17.1,24.5,4.8,18307.0,0.12,rain,1.1542,0.982,0.0,6.858,6.73,2.47
仙台,040010,15.0,09/21 23:00,354.1,False,"wind,gust",2,18.4,26.3,4.5,18408.0,0.11,rain,1.1557,0.982,0.0,6.869,6.73,2.46
仙台,040010,18.0,09/22 02:00,286.3,False,"wind,gust",2,20.1,28.8,3.5,18763.0,0.09,rain,1.1574,0.985,0.0,6.896,6.72,2.46
仙台,040010,21.0,09/22 05:00,223.3,False,"wind,gust",2,21.9,31.3,2.5,19136.0,0.06,rain,1.1593,0.989,0.0,6.926,6.72,2.45
仙台,040010,24.0,09/22 08:00,173.1,False,"wind,gust",2,24.1,34.5,1.6,19437.0,0.04,rain,1.1611,0.992,0.0,6.954,6.71,2.44
仙台,040010,27.0,09/22 11:00,150.9,False,"wind,gust",2,25.3,36.1,1.0,19648.0,0.03,rain,1.163,0.994,0.0,6.977,6.71,2.43
仙台,040010,30.0,09/22 14:00,169.6,False,"wind,gust",2,24.6,35.2,0.6,19777.0,0.02,rain,1.165,0.996,0.0,6.994,6.7,2.42
仙台,040010,33.0,09/22 17:00,220.1,False,"wind,gust",2,22.8,32.5,0.4,19854.0,0.01,rain,1.1669,0.997,0.0,7.008,6.7,2.41
仙台,040010,36.0,09/22 20:00,286.8,False,"wind,gust",2,20.9,29.8,0.3,19903.0,0.01,rain,1.1687,0.998,0.0,7.019,6.69,2.4
仙台,040010,39.0,09/22 23:00,361.4,False,"wind,gust",2,19.3,27.5,0.2,19936.0,0.0,rain,1.1705,0.998,0.0,7.029,6.68,2.39
仙台,040010,42.0,09/23 02:00,440.2,False,"wind,gust",2,17.9,25.6,0.1,19958.0,0.0,rain,1.1722,0.999,0.0,7.037,6.68,2.38
仙台,040010,45.0,09/23 05:00,521.7,False,"wind,gust",2,10.0,14.3,0.0,19996.0,0.0,rain,1.1737,1.0,0.0,7.049,6.68,2.37
仙台,040010,48.0,09/23 08:00,605.0,False,"wind,gust",2,9.1,13.0,0.0,19998.0,0.0,rain,1.1751,1.0,0.0,7.053,6.67,2.36
仙台,040010,51.0,09/23 11:00,689.6,False,"wind,gust",2,8.3,11.9,0.0,19999.0,0.0,rain,1.1764,1.0,0.0,7.058,6.67,2.36
仙台,040010,54.0,09/23 14:00,775.3,False,wind,1,7.7,11.0,0.0,20000.0,0.0,rain,1.1775,1.0,0.0,7.061,6.66,2.35
仙台,040010,57.0,09/23 17:00,861.8,True,,0,7.2,10.3,0.0,20000.0,0.0,rain,1.1785,1.0,0.0,7.065,6.66,2.34
仙台,040010,60.0,09/23 20:00,948.9,True,,0,6.8,9.7,0.0,20000.0,0.0,rain,1.1794,1.0,0.0,7.068,6.66,2.34
仙台,040010,63.0,09/23 23:00,1036.6,True,,0,6.4,9.1,0.0,20000.0,0.0,rain,1.1802,1.0,0.0,7.07,6.66,2.34
仙台,040010,66.0,09/24 02:00,1124.8,True,,0,6.0,8.6,0.0,20000.0,0.0,rain,1.181,1.0,0.0,7.073,6.65,2.33
仙台,040010,69.0,09/24 05:00,1213.4,True,,0,5.7,8.2,0.0,20000.0,0.0,rain,1.1816,1.0,0.0,7.075,6.65,2.33
仙台,040010,72.0,09/24 08:00,1302.3,True,,0,5.5,7.8,0.0,20000.0,0.0,rain,1.1822,1.0,0.0,7.077,6.65,2.32
八丈島,130030,0.0,09/21 08:00,165.8,False,"wind,gust",2,24.1,34.5,3.8,18655.0,0.1,rain,1.1502,0.985,0.0,6.866,6.74,2.49
八丈島,130030,3.0,09/21 11:00,113.6,False,"wind,gust",2,31.4,44.9,2.5,19127.0,0.06,rain,1.1509,0.989,0.0,6.899,6.74,2.49
八丈島,130030,6.0,09/21 14:00,85.5,False,"wind,gust",2,26.7,38.1,1.7,19401.0,0.04,rain,1.1518,0.992,0.0,6.921,6.74,2.49
八丈島,130030,9.0,09/21 17:00,105.7,False,"wind,gust",2,33.2,47.4,1.3,19553.0,0.03,rain,1.153,0.993,0.0,6.936,6.74,2.48
八丈島,130030,12.0,09/21 20:00,160.5,False,"wind,gust",2,28.2,40.2,0.9,19676.0,0.02,rain,1.1543,0.995,0.0,6.951,6.73,2.47
八丈島,130030,15.0,09/21 23:00,226.3,False,"wind,gust",2,24.4,34.8,0.6,19775.0,0.02,rain,1.1559,0.996,0.0,6.965,6.73,2.46
八丈島,130030,18.0,09/22 02:00,297.1,False,"wind,gust",2,22.1,31.5,0.5,19837.0,0.01,rain,1.1576,0.997,0.0,6.976,6.72,2.45
八丈島,130030,21.0,09/22 05:00,371.2,False,"wind,gust",2,20.1,28.7,0.3,19888.0,0.01,rain,1.1593,0.998,0.0,6.987,6.72,2.45
八丈島,130030,24.0,09/22 08:00,447.4,False,"wind,gust",2,18.9,27.0,0.2,19918.0,0.01,rain,1.1612,0.998,0.0,6.997,6.71,2.44
八丈島,130030,27.0,09/22 11:00,525.2,False,"wind,gust",2,17.7,25.3,0.2,19944.0,0.0,rain,1.1631,0.999,0.0,7.006,6.71,2.43
八丈島,130030,30.0,09/22 14:00,604.7,False,"wind,gust",2,16.7,23.8,0.1,19962.0,0.0,rain,1.165,0.999,0.0,7.015,6.7,2.42
八丈島,130030,33.0,09/22 17:00,685.4,False,"wind,gust",2,15.8,22.6,0.1,19975.0,0.0,rain,1.1669,0.999,0.0,7.023,6.69,2.41
八丈島,130030,36.0,09/22 20:00,767.2,False,"wind,gust",2,15.1,21.6,0.0,19983.0,0.0,rain,1.1687,0.999,0.0,7.03,6.69,2.4
八丈島,130030,39.0,09/22 23:00,850.1,False,"wind,gust",2,14.5,20.7,0.0,19989.0,0.0,rain,1.1705,1.0,0.0,7.037,6.68,2.39
八丈島,130030,42.0,09/23 02:00,934.0,False,"wind,gust",2,13.9,19.9,0.0,19993.0,0.0,rain,1.1722,1.0,0.0,7.043,6.68,2.38
八丈島,130030,45.0,09/23 05:00,1018.7,True,,0,7.3,10.4,0.0,20000.0,0.0,rain,1.1737,1.0,0.0,7.05,6.68,2.37
八丈島,130030,48.0,09/23 08:00,1104.2,True,,0,6.8,9.8,0.0,20000.0,0.0,rain,1.1751,1.0,0.0,7.054,6.67,2.36
八丈島,130030,51.0,09/23 11:00,1190.4,True,,0,6.5,9.2,0.0,20000.0,0.0,rain,1.1764,1.0,0.0,7.058,6.67,2.36
八丈島,130030,54.0,09/23 14:00,1277.3,True,,0,6.1,8.7,0.0,20000.0,0.0,rain,1.1775,1.0,0.0,7.062,6.66,2.35
八丈島,130030,57.0,09/23 17:00,1364.7,True,,0,5.8,8.3,0.0,20000.0,0.0,rain,1.1785,1.0,0.0,7.065,6.66,2.34
八丈島,130030,60.0,09/23 20:00,1452.7,True,,0,5.5,7.9,0.0,20000.0,0.0,rain,1.1794,1.0,0.0,7.068,6.66,2.34
八丈島,130030,63.0,09/23 23:00,1541.2,True,,0,5.3,7.6,0.0,20000.0,0.0,rain,1.1802,1.0,0.0,7.07,6.66,2.34
八丈島,130030,66.0,09/24 02:00,1630.0,True,,0,5.1,7.2,0.0,20000.0,0.0,rain,1.181,1.0,0.0,7.073,6.65,2.33
八丈島,130030,69.0,09/24 05:00,1719.2,True,,0,4.9,7.0,0.0,20000.0,0.0,rain,1.1816,1.0,0.0,7.075,6.65,2.33
八丈島,130030,72.0,09/24 08:00,1808.8,True,,0,4.7,6.7,0.0,20000.0,0.0,rain,1.1822,1.0,0.0,7.077,6.65,2.32
千葉,120010,0.0,09/21 08:00,403.0,False,"wind,gust",2,16.8,24.0,6.1,17874.0,0.15,rain,1.1501,0.978,0.0,6.821,6.74,2.49
千葉,120010,3.0,09/21 11:00,332.5,False,"wind,gust,rain",3,19.0,27.1,10.1,16455.0,0.25,rain,1.1506,0.968,0.0,6.75,6.74,2.49
千葉,120010,6.0,09/21 14:00,262.4,False,"wind,gust",2,23.0,32.9,5.3,18157.0,0.13,rain,1.1517,0.98,0.0,6.842,6.74,2.49
千葉,120010,9.0,09/21 17:00,192.2,False,"wind,gust",2,23.3,33.3,4.0,18617.0,0.1,rain,1.1529,0.984,0.0,6.872,6.74,2.48
千葉,120010,12.0,09/21 20:00,120.0,False,"wind,gust",2,28.2,40.3,2.5,19122.0,0.06,rain,1.1543,0.989,0.0,6.909,6.73,2.47
千葉,120010,15.0,09/21 23:00,52.9,False,"wind,gust",2,23.6,33.7,1.6,19430.0,0.04,rain,1.1558,0.992,0.0,6.936,6.73,2.46
千葉,120010,18.0,09/22 02:00,50.6,False,"wind,gust",2,19.3,27.6,1.0,19641.0,0.03,rain,1.1575,0.994,0.0,6.958,6.72,2.45
千葉,120010,21.0,09/22 05:00,119.6,False,"wind,gust",2,30.0,42.8,0.7,19757.0,0.02,rain,1.1593,0.996,0.0,6.974,6.72,2.45
千葉,120010,24.0,09/22 08:00,196.6,False,"wind,gust",2,25.2,36.1,0.5,19831.0,0.01,rain,1.1612,0.997,0.0,6.987,6.71,2.44
千葉,120010,27.0,09/22 11:00,275.8,False,"wind,gust",2,22.2,31.7,0.3,19885.0,0.01,rain,1.1631,0.998,0.0,6.999,6.71,2.43
千葉,120010,30.0,09/22 14:00,356.6,False,"wind,gust",2,20.1,28.7,0.2,19923.0,0.01,rain,1.165,0.998,0.0,7.01,6.7,2.42
千葉,120010,33.0,09/22 17:00,438.6,False,"wind,gust",2,18.5,26.4,0.1,19949.0,0.0,rain,1.1669,0.999,0.0,7.019,6.69,2.41
千葉,120010,36.0,09/22 20:00,521.6,False,"wind,gust",2,17.3,24.7,0.1,19966.0,0.0,rain,1.1687,0.999,0.0,7.027,6.69,2.4
千葉,120010,39.0,09/22 23:00,605.5,False,"wind,gust",2,16.3,23.3,0.1,19978.0,0.0,rain,1.1705,0.999,0.0,7.035,6.68,2.39
千葉,120010,42.0,09/23 02:00,690.3,False,"wind,gust",2,15.5,22.1,0.0,19986.0,0.0,rain,1.1722,1.0,0.0,7.042,6.68,2.38
千葉,120010,45.0,09/23 05:00,775.8,False,"wind,gust",2,8.3,11.8,0.0,20000.0,0.0,rain,1.1737,1.0,0.0,7.05,6.68,2.37
千葉,120010,48.0,09/23 08:00,862.0,False,wind,1,7.7,11.0,0.0,20000.0,0.0,rain,1.1751,1.0,0.0,7.054,6.67,2.36
千葉,120010,51.0,09/23 11:00,948.8,True,,0,7.2,10.3,0.0,20000.0,0.0,rain,1.1764,1.0,0.0,7.058,6.67,2.36
千葉,120010,54.0,09/23 14:00,1036.2,True,,0,6.7,9.6,0.0,20000.0,0.0,rain,1.1775,1.0,0.0,7.062,6.66,2.35
千葉,120010,57.0,09/23 17:00,1124.1,True,,0,6.4,9.1,0.0,20000.0,0.0,rain,1.1785,1.0,0.0,7.065,6.66,2.34
千葉,120010,60.0,09/23 20:00,1212.4,True,,0,6.0,8.6,0.0,20000.0,0.0,rain,1.1794,1.0,0.0,7.068,6.66,2.34
千葉,120010,63.0,09/23 23:00,1301.2,True,,0,5.7,8.2,0.0,20000.0,0.0,rain,1.1802,1.0,0.0,7.07,6.66,2.34
千葉,120010,66.0,09/24 02:00,1390.3,True,,0,5.5,7.8,0.0,20000.0,0.0,rain,1.181,1.0,0.0,7.073,6.65,2.33
千葉,120010,69.0,09/24 05:00,1479.7,True,,0,5.2,7.5,0.0,20000.0,0.0,rain,1.1816,1.0,0.0,7.075,6.65,2.33
千葉,120010,72.0,09/24 08:00,1569.4,True,,0,5.0,7.2,0.0,20000.0,0.0,rain,1.1822,1.0,0.0,7.077,6.65,2.32
大島,130020,0.0,09/21 08:00,289.5,False,"wind,gust,rain",3,19.5,27.8,11.2,16096.0,0.28,rain,1.15,0.965,0.0,6.731,6.74,2.5
大島,130020,3.0,09/21 11:00,219.1,False,"wind,gust",2,23.1,33.0,6.8,17621.0,0.17,rain,1.1507,0.976,0.0,6.809,6.74,2.49
大島,130020,6.0,09/21 14:00,150.0,False,"wind,gust",2,29.9,42.8,3.8,18684.0,0.09,rain,1.1517,0.985,0.0,6.873,6.74,2.49
大島,130020,9.0,09/21 17:00,83.8,False,"wind,gust",2,31.3,44.7,2.7,19043.0,0.07,rain,1.1529,0.988,0.0,6.9,6.74,2.48
大島,130020,12.0,09/21 20:00,39.9,False,"wind,gust",2,20.5,29.3,1.7,19406.0,0.04,rain,1.1543,0.992,0.0,6.929,6.73,2.47
大島,130020,15.0,09/21 23:00,85.8,False,"wind,gust",2,33.2,47.5,1.1,19608.0,0.03,rain,1.1559,0.994,0.0,6.95,6.73,2.46
大島,130020,18.0,09/22 02:00,157.5,False,"wind,gust",2,27.0,38.6,0.8,19726.0,0.02,rain,1.1575,0.995,0.0,6.966,6.72,2.45
大島,130020,21.0,09/22 05:00,233.7,False,"wind,gust",2,23.3,33.3,0.5,19814.0,0.01,rain,1.1593,0.997,0.0,6.98,6.72,2.45
大島,130020,24.0,09/22 08:00,311.9,False,"wind,gust",2,21.2,30.2,0.4,19868.0,0.01,rain,1.1612,0.997,0.0,6.991,6.71,2.44
大島,130020,27.0,09/22 11:00,391.6,False,"wind,gust",2,19.4,27.7,0.3,19911.0,0.01,rain,1.1631,0.998,0.0,7.002,6.71,2.43
大島,130020,30.0,09/22 14:00,472.6,False,"wind,gust",2,18.0,25.7,0.2,19940.0,0.0,rain,1.165,0.999,0.0,7.012,6.7,2.42
大島,130020,33.0,09/22 17:00,554.6,False,"wind,gust",2,16.9,24.1,0.1,19960.0,0.0,rain,1.1669,0.999,0.0,7.021,6.69,2.41
大島,130020,36.0,09/22 20:00,637.6,False,"wind,gust",2,16.0,22.9,0.1,19974.0,0.0,rain,1.1687,0.999,0.0,7.029,6.69,2.4
大島,130020,39.0,09/22 23:00,721.6,False,"wind,gust",2,15.2,21.8,0.0,19983.0,0.0,rain,1.1705,0.999,0.0,7.036,6.68,2.39
大島,130020,42.0,09/23 02:00,806.4,False,"wind,gust",2,14.6,20.8,0.0,19989.0,0.0,rain,1.1722,1.0,0.0,7.042,6.68,2.38
大島,130020,45.0,09/23 05:00,891.9,False,wind,1,7.8,11.1,0.0,20000.0,0.0,rain,1.1737,1.0,0.0,7.05,6.68,2.37
大島,130020,48.0,09/23 08:00,978.1,True,,0,7.2,10.4,0.0,20000.0,0.0,rain,1.1751,1.0,0.0,7.054,6.67,2.36
大島,130020,51.0,09/23 11:00,1065.0,True,,0,6.8,9.7,0.0,20000.0,0.0,rain,1.1764,1.0,0.0,7.058,6.67,2.36
大島,130020,54.0,09/23 14:00,1152.4,True,,0,6.4,9.2,0.0,20000.0,0.0,rain,1.1775,1.0,0.0,7.062,6.66,2.35
大島,130020,57.0,09/23 17:00,1240.3,True,,0,6.1,8.7,0.0,20000.0,0.0,rain,1.1785,1.0,0.0,7.065,6.66,2.34
大島,130020,60.0,09/23 20:00,1328.6,True,,0,5.8,8.2,0.0,20000.0,0.0,rain,1.1794,1.0,0.0,7.068,6.66,2.34
大島,130020,63.0,09/23 23:00,1417.4,True,,0,5.5,7.9,0.0,20000.0,0.0,rain,1.1802,1.0,0.0,7.07,6.66,2.34
大島,130020,66.0,09/24 02:00,1506.5,True,,0,5.3,7.5,0.0,20000.0,0.0,rain,1.181,1.0,0.0,7.073,6.65,2.33
大島,130020,69.0,09/24 05:00,1595.9,True,,0,5.1,7.2,0.0,20000.0,0.0,rain,1.1816,1.0,0.0,7.075,6.65,2.33
大島,130020,72.0,09/24 08:00,1685.6,True,,0,4.9,6.9,0.0,20000.0,0.0,rain,1.1822,1.0,0.0,7.077,6.65,2.32
大阪,270000,0.0,09/21 08:00,369.7,False,"wind,gust",2,18.3,26.2,1.2,19597.0,0.03,rain,1.1503,0.994,0.0,6.931,6.74,2.49
大阪,270000,3.0,09/21 11:00,347.5,False,"wind,gust",2,18.6,26.6,0.8,19726.0,0.02,rain,1.1509,0.995,0.0,6.944,6.74,2.49
大阪,270000,6.0,09/21 14:00,344.2,False,"wind,gust",2,20.3,28.9,0.7,19765.0,0.02,rain,1.1519,0.996,0.0,6.951,6.74,2.49
大阪,270000,9.0,09/21 17:00,357.9,False,"wind,gust",2,17.4,24.8,0.3,19885.0,0.01,rain,1.153,0.998,0.0,6.967,6.74,2.48
大阪,270000,12.0,09/21 20:00,386.1,False,"wind,gust",2,17.3,24.8,0.2,19913.0,0.01,rain,1.1544,0.998,0.0,6.974,6.73,2.47
大阪,270000,15.0,09/21 23:00,428.0,False,"wind,gust",2,17.0,24.2,0.2,19938.0,0.0,rain,1.1559,0.999,0.0,6.982,6.73,2.46
大阪,270000,18.0,09/22 02:00,479.9,False,"wind,gust",2,16.6,23.7,0.1,19953.0,0.0,rain,1.1576,0.999,0.0,6.99,6.72,2.45
大阪,270000,21.0,09/22 05:00,539.4,False,"wind,gust",2,16.0,22.9,0.1,19967.0,0.0,rain,1.1593,0.999,0.0,6.997,6.72,2.45
大阪,270000,24.0,09/22 08:00,604.8,False,"wind,gust",2,15.6,22.3,0.1,19975.0,0.0,rain,1.1612,0.999,0.0,7.005,6.71,2.44
大阪,270000,27.0,09/22 11:00,674.5,False,"wind,gust",2,15.1,21.5,0.0,19983.0,0.0,rain,1.1631,0.999,0.0,7.012,6.71,2.43
大阪,270000,30.0,09/22 14:00,747.7,False,"wind,gust",2,14.5,20.7,0.0,19988.0,0.0,rain,1.165,1.0,0.0,7.019,6.7,2.42
大阪,270000,33.0,09/22 17:00,823.5,False,"wind,gust",2,14.0,20.0,0.0,19992.0,0.0,rain,1.1669,1.0,0.0,7.026,6.69,2.41
大阪,270000,36.0,09/22 20:00,901.5,False,"wind,gust",2,13.6,19.4,0.0,19995.0,0.0,rain,1.1687,1.0,0.0,7.032,6.69,2.4
大阪,270000,39.0,09/22 23:00,981.4,False,"wind,gust",2,13.1,18.8,0.0,19997.0,0.0,rain,1.1705,1.0,0.0,7.039,6.68,2.39
大阪,270000,42.0,09/23 02:00,1062.7,False,"wind,gust",2,12.8,18.2,0.0,19998.0,0.0,rain,1.1722,1.0,0.0,7.044,6.68,2.38
大阪,270000,45.0,09/23 05:00,1145.3,True,,0,6.9,9.9,0.0,20000.0,0.0,rain,1.1737,1.0,0.0,7.05,6.68,2.37
大阪,270000,48.0,09/23 08:00,1229.0,True,,0,6.5,9.3,0.0,20000.0,0.0,rain,1.1751,1.0,0.0,7.054,6.67,2.36
大阪,270000,51.0,09/23 11:00,1313.7,True,,0,6.2,8.8,0.0,20000.0,0.0,rain,1.1764,1.0,0.0,7.058,6.67,2.36
大阪,270000,54.0,09/23 14:00,1399.1,True,,0,5.9,8.4,0.0,20000.0,0.0,rain,1.1775,1.0,0.0,7.062,6.66,2.35
大阪,270000,57.0,09/23 17:00,1485.3,True,,0,5.6,8.0,0.0,20000.0,0.0,rain,1.1785,1.0,0.0,7.065,6.66,2.34
大阪,270000,60.0,09/23 20:00,1572.0,True,,0,5.3,7.6,0.0,20000.0,0.0,rain,1.1794,1.0,0.0,7.068,6.66,2.34
大阪,270000,63.0,09/23 23:00,1659.3,True,,0,5.1,7.3,0.0,20000.0,0.0,rain,1.1802,1.0,0.0,7.07,6.66,2.34
大阪,270000,66.0,09/24 02:00,1747.0,True,,0,4.9,7.0,0.0,20000.0,0.0,rain,1.181,1.0,0.0,7.073,6.65,2.33
大阪,270000,69.0,09/24 05:00,1835.0,True,,0,4.7,6.8,0.0,20000.0,0.0,rain,1.1816,1.0,0.0,7.075,6.65,2.33
大阪,270000,72.0,09/24 08:00,1923.4,True,,0,4.6,6.5,0.0,20000.0,0.0,rain,1.1822,1.0,0.0,7.077,6.65,2.32
宮古,030020,0.0,09/21 08:00,880.8,False,"wind,gust",2,12.0,17.2,0.3,19888.0,0.01,rain,1.1503,0.998,0.0,6.958,6.74,2.49
宮古,030020,3.0,09/21 11:00,810.3,False,"wind,gust",2,12.5,17.8,0.6,19792.0,0.01,rain,1.1509,0.996,0.0,6.95,6.74,2.49
宮古,030020,6.0,09/21 14:00,740.5,False,"wind,gust",2,14.1,20.2,1.8,19382.0,0.04,rain,1.1518,0.991,0.0,6.92,6.74,2.49
宮古,030020,9.0,09/21 17:00,670.8,False,"wind,gust",2,14.2,20.3,1.6,19431.0,0.04,rain,1.153,0.992,0.0,6.927,6.74,2.48
宮古,030020,12.0,09/21 20:00,598.6,False,"wind,gust",2,15.1,21.6,2.6,19100.0,0.06,rain,1.1543,0.989,0.0,6.908,6.73,2.47
宮古,030020,15.0,09/21 23:00,526.4,False,"wind,gust",2,15.9,22.7,3.3,18832.0,0.08,rain,1.1558,0.986,0.0,6.895,6.73,2.46
宮古,030020,18.0,09/22 02:00,454.4,False,"wind,gust",2,17.0,24.3,4.1,18561.0,0.1,rain,1.1574,0.984,0.0,6.884,6.72,2.46
宮古,030020,21.0,09/22 05:00,382.9,False,"wind,gust",2,18.1,25.9,3.9,18630.0,0.1,rain,1.1592,0.984,0.0,6.893,6.72,2.45
宮古,030020,24.0,09/22 08:00,313.9,False,"wind,gust",2,19.7,28.2,3.1,18899.0,0.08,rain,1.1611,0.987,0.0,6.916,6.71,2.44
宮古,030020,27.0,09/22 11:00,250.6,False,"wind,gust",2,21.3,30.4,2.2,19214.0,0.06,rain,1.163,0.99,0.0,6.943,6.71,2.43
宮古,030020,30.0,09/22 14:00,199.7,False,"wind,gust",2,22.9,32.7,1.5,19478.0,0.04,rain,1.1649,0.992,0.0,6.969,6.7,2.42
宮古,030020,33.0,09/22 17:00,174.1,False,"wind,gust",2,23.9,34.1,0.9,19673.0,0.02,rain,1.1668,0.995,0.0,6.991,6.7,2.41
宮古,030020,36.0,09/22 20:00,185.9,False,"wind,gust",2,23.6,33.6,0.6,19796.0,0.01,rain,1.1687,0.996,0.0,7.008,6.69,2.4
宮古,030020,39.0,09/22 23:00,230.2,False,"wind,gust",2,22.1,31.6,0.4,19868.0,0.01,rain,1.1705,0.997,0.0,7.021,6.68,2.39
宮古,030020,42.0,09/23 02:00,293.4,False,"wind,gust",2,20.5,29.3,0.2,19913.0,0.01,rain,1.1722,0.998,0.0,7.031,6.68,2.38
宮古,030020,45.0,09/23 05:00,366.1,False,"wind,gust",2,11.8,16.8,0.0,19983.0,0.0,rain,1.1737,0.999,0.0,7.046,6.68,2.37
宮古,030020,48.0,09/23 08:00,444.1,False,"wind,gust",2,10.5,15.0,0.0,19992.0,0.0,rain,1.1751,1.0,0.0,7.052,6.67,2.36
宮古,030020,51.0,09/23 11:00,525.3,False,"wind,gust",2,9.5,13.5,0.0,19996.0,0.0,rain,1.1764,1.0,0.0,7.057,6.67,2.36
宮古,030020,54.0,09/23 14:00,608.6,False,"wind,gust",2,8.7,12.4,0.0,19998.0,0.0,rain,1.1775,1.0,0.0,7.061,6.66,2.35
宮古,030020,57.0,09/23 17:00,693.4,False,wind,1,8.0,11.4,0.0,19999.0,0.0,rain,1.1785,1.0,0.0,7.064,6.66,2.34
宮古,030020,60.0,09/23 20:00,779.2,True,,0,7.4,10.6,0.0,20000.0,0.0,rain,1.1794,1.0,0.0,7.068,6.66,2.34
宮古,030020,63.0,09/23 23:00,865.9,True,,0,6.9,9.9,0.0,20000.0,0.0,rain,1.1802,1.0,0.0,7.07,6.66,2.34
宮古,030020,66.0,09/24 02:00,953.2,True,,0,6.5,9.3,0.0,20000.0,0.0,rain,1.181,1.0,0.0,7.073,6.65,2.33
宮古,030020,69.0,09/24 05:00,1041.1,True,,0,6.2,8.8,0.0,20000.0,0.0,rain,1.1816,1.0,0.0,7.075,6.65,2.33
宮古,030020,72.0,09/24 08:00,1129.4,True,,0,5.9,8.4,0.0,20000.0,0.0,rain,1.1822,1.0,0.0,7.077,6.65,2.32
東京,130010,0.0,09/21 08:00,400.1,False,"wind,gust",2,16.9,24.2,6.8,17625.0,0.17,rain,1.1501,0.976,0.0,6.807,6.74,2.49
東京,130010,3.0,09/21 11:00,329.8,False,"wind,gust,rain",3,19.1,27.2,9.1,16807.0,0.23,rain,1.1507,0.97,0.0,6.767,6.74,2.49
東京,130010,6.0,09/21 14:00,260.6,False,"wind,gust",2,23.1,33.0,5.3,18139.0,0.13,rain,1.1517,0.98,0.0,6.841,6.74,2.49
東京,130010,9.0,09/21 17:00,192.6,False,"wind,gust",2,22.9,32.7,4.1,18565.0,0.1,rain,1.1529,0.984,0.0,6.869,6.74,2.48
東京,130010,12.0,09/21 20:00,125.3,False,"wind,gust",2,27.1,38.7,2.6,19084.0,0.07,rain,1.1543,0.988,0.0,6.907,6.73,2.47
東京,130010,15.0,09/21 23:00,73.6,False,"wind,gust",2,32.8,46.8,1.6,19424.0,0.04,rain,1.1558,0.992,0.0,6.936,6.73,2.46
東京,130010,18.0,09/22 02:00,81.5,False,"wind,gust",2,32.4,46.3,1.0,19639.0,0.03,rain,1.1575,0.994,0.0,6.958,6.72,2.45
東京,130010,21.0,09/22 05:00,141.2,False,"wind,gust",2,27.6,39.4,0.7,19758.0,0.02,rain,1.1593,0.996,0.0,6.974,6.72,2.45
東京,130010,24.0,09/22 08:00,214.3,False,"wind,gust",2,24.1,34.4,0.5,19830.0,0.01,rain,1.1612,0.997,0.0,6.987,6.71,2.44
東京,130010,27.0,09/22 11:00,291.7,False,"wind,gust",2,21.5,30.7,0.3,19885.0,0.01,rain,1.1631,0.998,0.0,6.999,6.71,2.43
東京,130010,30.0,09/22 14:00,371.5,False,"wind,gust",2,19.6,28.0,0.2,19923.0,0.01,rain,1.165,0.998,0.0,7.01,6.7,2.42
東京,130010,33.0,09/22 17:00,452.9,False,"wind,gust",2,18.2,25.9,0.1,19949.0,0.0,rain,1.1669,0.999,0.0,7.019,6.69,2.41
東京,130010,36.0,09/22 20:00,535.4,False,"wind,gust",2,17.0,24.3,0.1,19966.0,0.0,rain,1.1687,0.999,0.0,7.027,6.69,2.4
東京,130010,39.0,09/22 23:00,619.1,False,"wind,gust",2,16.1,23.0,0.1,19978.0,0.0,rain,1.1705,0.999,0.0,7.035,6.68,2.39
東京,130010,42.0,09/23 02:00,703.7,False,"wind,gust",2,15.3,21.9,0.0,19986.0,0.0,rain,1.1722,1.0,0.0,7.042,6.68,2.38
東京,130010,45.0,09/23 05:00,789.0,False,wind,1,8.2,11.7,0.0,20000.0,0.0,rain,1.1737,1.0,0.0,7.05,6.68,2.37
東京,130010,48.0,09/23 08:00,875.1,False,wind,1,7.6,10.9,0.0,20000.0,0.0,rain,1.1751,1.0,0.0,7.054,6.67,2.36
東京,130010,51.0,09/23 11:00,961.9,True,,0,7.1,10.2,0.0,20000.0,0.0,rain,1.1764,1.0,0.0,7.058,6.67,2.36
東京,130010,54.0,09/23 14:00,1049.2,True,,0,6.7,9.6,0.0,20000.0,0.0,rain,1.1775,1.0,0.0,7.062,6.66,2.35
東京,130010,57.0,09/23 17:00,1137.0,True,,0,6.3,9.0,0.0,20000.0,0.0,rain,1.1785,1.0,0.0,7.065,6.66,2.34
東京,130010,60.0,09/23 20:00,1225.3,True,,0,6.0,8.6,0.0,20000.0,0.0,rain,1.1794,1.0,0.0,7.068,6.66,2.34
東京,130010,63.0,09/23 23:00,1314.0,True,,0,5.7,8.1,0.0,20000.0,0.0,rain,1.1802,1.0,0.0,7.07,6.66,2.34
東京,130010,66.0,09/24 02:00,1403.0,True,,0,5.4,7.8,0.0,20000.0,0.0,rain,1.181,1.0,0.0,7.073,6.65,2.33
東京,130010,69.0,09/24 05:00,1492.3,True,,0,5.2,7.4,0.0,20000.0,0.0,rain,1.1816,1.0,0.0,7.075,6.65,2.33
東京,130010,72.0,09/24 08:00,1581.9,True,,0,5.0,7.1,0.0,20000.0,0.0,rain,1.1822,1.0,0.0,7.077,6.65,2.32
横浜,140010,0.0,09/21 08:00,370.6,False,"wind,gust,rain",3,17.5,25.0,8.7,16939.0,0.22,rain,1.15,0.971,0.0,6.772,6.74,2.5
横浜,140010,3.0,09/21 11:00,300.2,False,"wind,gust,rain",3,19.9,28.4,9.4,16717.0,0.23,rain,1.1507,0.97,0.0,6.763,6.74,2.49
横浜,140010,6.0,09/21 14:00,231.0,False,"wind,gust",2,24.4,34.9,5.0,18239.0,0.13,rain,1.1517,0.981,0.0,6.846,6.74,2.49
横浜,140010,9.0,09/21 17:00,163.2,False,"wind,gust",2,24.4,34.9,3.8,18662.0,0.1,rain,1.1529,0.985,0.0,6.875,6.74,2.48
横浜,140010,12.0,09/21 20:00,97.5,False,"wind,gust",2,29.7,42.4,2.4,19148.0,0.06,rain,1.1543,0.989,0.0,6.911,6.73,2.47
横浜,140010,15.0,09/21 23:00,59.0,False,"wind,gust",2,27.8,39.7,1.5,19474.0,0.04,rain,1.1559,0.992,0.0,6.939,6.73,2.46
横浜,140010,18.0,09/22 02:00,94.9,False,"wind,gust",2,31.8,45.4,1.0,19656.0,0.02,rain,1.1575,0.995,0.0,6.96,6.72,2.45
横浜,140010,21.0,09/22 05:00,163.3,False,"wind,gust",2,26.3,37.6,0.7,19767.0,0.02,rain,1.1593,0.996,0.0,6.975,6.72,2.45
横浜,140010,24.0,09/22 08:00,238.9,False,"wind,gust",2,23.2,33.2,0.5,19836.0,0.01,rain,1.1612,0.997,0.0,6.988,6.71,2.44
横浜,140010,27.0,09/22 11:00,317.4,False,"wind,gust",2,20.9,29.8,0.3,19889.0,0.01,rain,1.1631,0.998,0.0,7.0,6.71,2.43
横浜,140010,30.0,09/22 14:00,397.7,False,"wind,gust",2,19.1,27.3,0.2,19926.0,0.01,rain,1.165,0.998,0.0,7.01,6.7,2.42
横浜,140010,33.0,09/22 17:00,479.4,False,"wind,gust",2,17.8,25.4,0.1,19951.0,0.0,rain,1.1669,0.999,0.0,7.019,6.69,2.41
横浜,140010,36.0,09/22 20:00,562.2,False,"wind,gust",2,16.7,23.9,0.1,19968.0,0.0,rain,1.1687,0.999,0.0,7.028,6.69,2.4
横浜,140010,39.0,09/22 23:00,646.0,False,"wind,gust",2,15.8,22.6,0.1,19979.0,0.0,rain,1.1705,0.999,0.0,7.035,6.68,2.39
横浜,140010,42.0,09/23 02:00,730.6,False,"wind,gust",2,15.1,21.6,0.0,19986.0,0.0,rain,1.1722,1.0,0.0,7.042,6.68,2.38
横浜,140010,45.0,09/23 05:00,816.1,False,wind,1,8.1,11.6,0.0,20000.0,0.0,rain,1.1737,1.0,0.0,7.05,6.68,2.37
横浜,140010,48.0,09/23 08:00,902.2,True,,0,7.5,10.8,0.0,20000.0,0.0,rain,1.1751,1.0,0.0,7.054,6.67,2.36
横浜,140010,51.0,09/23 11:00,989.0,True,,0,7.0,10.1,0.0,20000.0,0.0,rain,1.1764,1.0,0.0,7.058,6.67,2.36
横浜,140010,54.0,09/23 14:00,1076.3,True,,0,6.6,9.5,0.0,20000.0,0.0,rain,1.1775,1.0,0.0,7.062,6.66,2.35
横浜,140010,57.0,09/23 17:00,1164.2,True,,0,6.3,8.9,0.0,20000.0,0.0,rain,1.1785,1.0,0.0,7.065,6.66,2.34
横浜,140010,60.0,09/23 20:00,1252.5,True,,0,5.9,8.5,0.0,20000.0,0.0,rain,1.1794,1.0,0.0,7.068,6.66,2.34
横浜,140010,63.0,09/23 23:00,1341.2,True,,0,5.7,8.1,0.0,20000.0,0.0,rain,1.1802,1.0,0.0,7.07,6.66,2.34
横浜,140010,66.0,09/24 02:00,1430.3,True,,0,5.4,7.7,0.0,20000.0,0.0,rain,1.181,1.0,0.0,7.073,6.65,2.33
横浜,140010,69.0,09/24 05:00,1519.7,True,,0,5.2,7.4,0.0,20000.0,0.0,rain,1.1816,1.0,0.0,7.075,6.65,2.33
横浜,140010,72.0,09/24 08:00,1609.3,True,,0,5.0,7.1,0.0,20000.0,0.0,rain,1.1822,1.0,0.0,7.077,6.65,2.32
水戸,080020,0.0,09/21 08:00,495.3,False,"wind,gust",2,15.4,22.0,3.4,18799.0,0.09,rain,1.1502,0.986,0.0,6.875,6.74,2.49
水戸,080020,3.0,09/21 11:00,424.8,False,"wind,gust",2,16.9,24.2,5.9,17935.0,0.15,rain,1.1508,0.979,0.0,6.826,6.74,2.49
水戸,080020,6.0,09/21 14:00,354.7,False,"wind,gust",2,20.0,28.5,7.9,17223.0,0.2,rain,1.1516,0.973,0.0,6.791,6.74,2.49
水戸,080020,9.0,09/21 17:00,284.7,False,"wind,gust",2,19.9,28.5,6.3,17793.0,0.16,rain,1.1528,0.977,0.0,6.825,6.74,2.48
水戸,080020,12.0,09/21 20:00,212.4,False,"wind,gust",2,22.6,32.3,4.0,18592.0,0.1,rain,1.1542,0.984,0.0,6.875,6.73,2.47
水戸,080020,15.0,09/21 23:00,141.4,False,"wind,gust",2,26.5,37.8,2.6,19082.0,0.07,rain,1.1558,0.988,0.0,6.911,6.73,2.46
水戸,080020,18.0,09/22 02:00,78.0,False,"wind,gust",2,32.2,46.0,1.7,19413.0,0.04,rain,1.1575,0.992,0.0,6.94,6.72,2.45
水戸,080020,21.0,09/22 05:00,62.6,False,"wind,gust",2,24.3,34.7,1.0,19639.0,0.03,rain,1.1593,0.994,0.0,6.964,6.72,2.45
水戸,080020,24.0,09/22 08:00,119.1,False,"wind,gust",2,29.8,42.6,0.7,19757.0,0.02,rain,1.1612,0.996,0.0,6.98,6.71,2.44
水戸,080020,27.0,09/22 11:00,193.4,False,"wind,gust",2,25.1,35.8,0.5,19836.0,0.01,rain,1.1631,0.997,0.0,6.994,6.71,2.43
水戸,080020,30.0,09/22 14:00,272.2,False,"wind,gust",2,22.1,31.5,0.3,19890.0,0.01,rain,1.165,0.998,0.0,7.006,6.7,2.42
水戸,080020,33.0,09/22 17:00,353.2,False,"wind,gust",2,20.0,28.6,0.2,19927.0,0.01,rain,1.1669,0.998,0.0,7.016,6.7,2.41
水戸,080020,36.0,09/22 20:00,435.6,False,"wind,gust",2,18.4,26.3,0.1,19952.0,0.0,rain,1.1687,0.999,0.0,7.025,6.69,2.4
水戸,080020,39.0,09/22 23:00,519.2,False,"wind,gust",2,17.2,24.6,0.1,19968.0,0.0,rain,1.1705,0.999,0.0,7.033,6.68,2.39
水戸,080020,42.0,09/23 02:00,603.7,False,"wind,gust",2,16.2,23.2,0.1,19979.0,0.0,rain,1.1722,0.999,0.0,7.041,6.68,2.38
水戸,080020,45.0,09/23 05:00,689.0,False,"wind,gust",2,8.8,12.5,0.0,19999.0,0.0,rain,1.1737,1.0,0.0,7.049,6.68,2.37
水戸,080020,48.0,09/23 08:00,775.1,False,wind,1,8.1,11.5,0.0,20000.0,0.0,rain,1.1751,1.0,0.0,7.054,6.67,2.36
水戸,080020,51.0,09/23 11:00,861.8,True,,0,7.5,10.7,0.0,20000.0,0.0,rain,1.1764,1.0,0.0,7.058,6.67,2.36
水戸,080020,54.0,09/23 14:00,949.1,True,,0,7.0,10.0,0.0,20000.0,0.0,rain,1.1775,1.0,0.0,7.062,6.66,2.35
水戸,080020,57.0,09/23 17:00,1036.9,True,,0,6.6,9.4,0.0,20000.0,0.0,rain,1.1785,1.0,0.0,7.065,6.66,2.34
水戸,080020,60.0,09/23 20:00,1125.2,True,,0,6.2,8.9,0.0,20000.0,0.0,rain,1.1794,1.0,0.0,7.068,6.66,2.34
水戸,080020,63.0,09/23 23:00,1213.9,True,,0,5.9,8.5,0.0,20000.0,0.0,rain,1.1802,1.0,0.0,7.07,6.66,2.34
水戸,080020,66.0,09/24 02:00,1302.9,True,,0,5.6,8.1,0.0,20000.0,0.0,rain,1.181,1.0,0.0,7.073,6.65,2.33
水戸,080020,69.0,09/24 05:00,1392.3,True,,0,5.4,7.7,0.0,20000.0,0.0,rain,1.1816,1.0,0.0,7.075,6.65,2.33
水戸,080020,72.0,09/24 08:00,1481.9,True,,0,5.2,7.4,0.0,20000.0,0.0,rain,1.1822,1.0,0.0,7.077,6.65,2.32
甲府,,0.0,09/21 08:00,375.1,False,"wind,gust",2,17.6,25.2,6.6,17674.0,0.17,rain,1.1501,0.977,0.0,6.81,6.74,2.49
甲府,,3.0,09/21 11:00,309.4,False,"wind,gust",2,19.6,28.0,6.0,17906.0,0.15,rain,1.1508,0.978,0.0,6.825,6.74,2.49
甲府,,6.0,09/21 14:00,249.7,False,"wind,gust",2,23.6,33.7,4.1,18572.0,0.1,rain,1.1517,0.984,0.0,6.866,6.74,2.49
甲府,,9.0,09/21 17:00,198.8,False,"wind,gust",2,21.7,31.0,2.9,18973.0,0.07,rain,1.1529,0.987,0.0,6.895,6.74,2.48
甲府,,12.0,09/21 20:00,163.1,False,"wind,gust",2,23.6,33.7,1.9,19335.0,0.05,rain,1.1543,0.991,0.0,6.924,6.73,2.47
甲府,,15.0,09/21 23:00,159.1,False,"wind,gust",2,24.3,34.7,1.2,19579.0,0.03,rain,1.1559,0.994,0.0,6.948,6.73,2.46
甲府,,18.0,09/22 02:00,189.6,False,"wind,gust",2,23.6,33.7,0.8,19716.0,0.02,rain,1.1575,0.995,0.0,6.965,6.72,2.45
甲府,,21.0,09/22 05:00,243.0,False,"wind,gust",2,21.8,31.2,0.5,19808.0,0.01,rain,1.1593,0.996,0.0,6.979,6.72,2.45
甲府,,24.0,09/22 08:00,308.6,False,"wind,gust",2,20.5,29.2,0.4,19863.0,0.01,rain,1.1612,0.997,0.0,6.991,6.71,2.44
甲府,,27.0,09/22 11:00,380.7,False,"wind,gust",2,19.0,27.1,0.3,19907.0,0.01,rain,1.1631,0.998,0.0,7.002,6.71,2.43
甲府,,30.0,09/22 14:00,456.7,False,"wind,gust",2,17.8,25.4,0.2,19938.0,0.0,rain,1.165,0.999,0.0,7.011,6.7,2.42
甲府,,33.0,09/22 17:00,535.5,False,"wind,gust",2,16.8,24.0,0.1,19958.0,0.0,rain,1.1669,0.999,0.0,7.02,6.69,2.41
甲府,,36.0,09/22 20:00,616.1,False,"wind,gust",2,15.9,22.7,0.1,19973.0,0.0,rain,1.1687,0.999,0.0,7.028,6.69,2.4
甲府,,39.0,09/22 23:00,698.3,False,"wind,gust",2,15.2,21.7,0.1,19982.0,0.0,rain,1.1705,0.999,0.0,7.036,6.68,2.39
甲府,,42.0,09/23 02:00,781.7,False,"wind,gust",2,14.5,20.8,0.0,19988.0,0.0,rain,1.1722,1.0,0.0,7.042,6.68,2.38
甲府,,45.0,09/23 05:00,866.2,False,wind,1,7.9,11.2,0.0,20000.0,0.0,rain,1.1737,1.0,0.0,7.05,6.68,2.37
甲府,,48.0,09/23 08:00,951.6,True,,0,7.3,10.5,0.0,20000.0,0.0,rain,1.1751,1.0,0.0,7.054,6.67,2.36
甲府,,51.0,09/23 11:00,1037.7,True,,0,6.9,9.8,0.0,20000.0,0.0,rain,1.1764,1.0,0.0,7.058,6.67,2.36
甲府,,54.0,09/23 14:00,1124.4,True,,0,6.5,9.3,0.0,20000.0,0.0,rain,1.1775,1.0,0.0,7.062,6.66,2.35
甲府,,57.0,09/23 17:00,1211.8,True,,0,6.1,8.8,0.0,20000.0,0.0,rain,1.1785,1.0,0.0,7.065,6.66,2.34
甲府,,60.0,09/23 20:00,1299.7,True,,0,5.8,8.3,0.0,20000.0,0.0,rain,1.1794,1.0,0.0,7.068,6.66,2.34
甲府,,63.0,09/23 23:00,1387.9,True,,0,5.6,7.9,0.0,20000.0,0.0,rain,1.1802,1.0,0.0,7.07,6.66,2.34
甲府,,66.0,09/24 02:00,1476.6,True,,0,5.3,7.6,0.0,20000.0,0.0,rain,1.181,1.0,0.0,7.073,6.65,2.33
甲府,,69.0,09/24 05:00,1565.6,True,,0,5.1,7.3,0.0,20000.0,0.0,rain,1.1816,1.0,0.0,7.075,6.65,2.33
甲府,,72.0,09/24 08:00,1654.9,True,,0,4.9,7.0,0.0,20000.0,0.0,rain,1.1822,1.0,0.0,7.077,6.65,2.32
銚子,120020,0.0,09/21 08:00,449.1,False,"wind,gust",2,16.0,22.8,3.9,18650.0,0.1,rain,1.1502,0.985,0.0,6.866,6.74,2.49
銚子,120020,3.0,09/21 11:00,379.3,False,"wind,gust",2,17.8,25.5,6.5,17729.0,0.16,rain,1.1508,0.977,0.0,6.815,6.74,2.49
銚子,120020,6.0,09/21 14:00,309.4,False,"wind,gust",2,21.3,30.4,6.2,17843.0,0.15,rain,1.1517,0.978,0.0,6.824,6.74,2.49
銚子,120020,9.0,09/21 17:00,238.9,False,"wind,gust",2,21.9,31.3,4.5,18422.0,0.11,rain,1.1529,0.983,0.0,6.861,6.74,2.48
銚子,120020,12.0,09/21 20:00,165.6,False,"wind,gust",2,25.8,36.8,2.9,18999.0,0.07,rain,1.1543,0.988,0.0,6.901,6.73,2.47
銚子,120020,15.0,09/21 23:00,91.3,False,"wind,gust",2,33.1,47.3,1.9,19337.0,0.05,rain,1.1558,0.991,0.0,6.929,6.73,2.46
銚子,120020,18.0,09/22 02:00,19.1,True,,0,5.7,8.1,1.2,19563.0,0.03,rain,1.1575,0.993,0.0,6.952,6.72,2.45
銚子,120020,21.0,09/22 05:00,64.1,False,"wind,gust",2,18.5,26.5,0.9,19698.0,0.02,rain,1.1593,0.995,0.0,6.969,6.72,2.45
銚子,120020,24.0,09/22 08:00,142.1,False,"wind,gust",2,29.4,41.9,0.6,19791.0,0.01,rain,1.1612,0.996,0.0,6.983,6.71,2.44
銚子,120020,27.0,09/22 11:00,221.8,False,"wind,gust",2,24.5,35.1,0.4,19859.0,0.01,rain,1.1631,0.997,0.0,6.996,6.71,2.43
銚子,120020,30.0,09/22 14:00,302.7,False,"wind,gust",2,21.7,30.9,0.3,19905.0,0.01,rain,1.165,0.998,0.0,7.007,6.7,2.42
銚子,120020,33.0,09/22 17:00,384.7,False,"wind,gust",2,19.7,28.1,0.2,19937.0,0.0,rain,1.1669,0.998,0.0,7.017,6.69,2.41
銚子,120020,36.0,09/22 20:00,467.7,False,"wind,gust",2,18.2,26.0,0.1,19958.0,0.0,rain,1.1687,0.999,0.0,7.026,6.69,2.4
銚子,120020,39.0,09/22 23:00,551.5,False,"wind,gust",2,17.0,24.3,0.1,19973.0,0.0,rain,1.1705,0.999,0.0,7.034,6.68,2.39
銚子,120020,42.0,09/23 02:00,636.2,False,"wind,gust",2,16.1,23.0,0.1,19982.0,0.0,rain,1.1722,0.999,0.0,7.041,6.68,2.38
銚子,120020,45.0,09/23 05:00,721.7,False,"wind,gust",2,8.6,12.2,0.0,19999.0,0.0,rain,1.1737,1.0,0.0,7.05,6.68,2.37
銚子,120020,48.0,09/23 08:00,807.8,False,wind,1,7.9,11.3,0.0,20000.0,0.0,rain,1.1751,1.0,0.0,7.054,6.67,2.36
銚子,120020,51.0,09/23 11:00,894.6,True,,0,7.4,10.5,0.0,20000.0,0.0,rain,1.1764,1.0,0.0,7.058,6.67,2.36
銚子,120020,54.0,09/23 14:00,982.0,True,,0,6.9,9.9,0.0,20000.0,0.0,rain,1.1775,1.0,0.0,7.062,6.66,2.35
銚子,120020,57.0,09/23 17:00,1069.8,True,,0,6.5,9.3,0.0,20000.0,0.0,rain,1.1785,1.0,0.0,7.065,6.66,2.34
銚子,120020,60.0,09/23 20:00,1158.2,True,,0,6.2,8.8,0.0,20000.0,0.0,rain,1.1794,1.0,0.0,7.068,6.66,2.34
銚子,120020,63.0,09/23 23:00,1246.9,True,,0,5.8,8.4,0.0,20000.0,0.0,rain,1.1802,1.0,0.0,7.07,6.66,2.34
銚子,120020,66.0,09/24 02:00,1336.0,True,,0,5.6,8.0,0.0,20000.0,0.0,rain,1.181,1.0,0.0,7.073,6.65,2.33
銚子,120020,69.0,09/24 05:00,1425.5,True,,0,5.3,7.6,0.0,20000.0,0.0,rain,1.1816,1.0,0.0,7.075,6.65,2.33
銚子,120020,72.0,09/24 08:00,1515.2,True,,0,5.1,7.3,0.0,20000.0,0.0,rain,1.1822,1.0,0.0,7.077,6.65,2.32
静岡,220010,0.0,09/21 08:00,297.6,False,"wind,gust",2,19.5,27.8,6.7,17667.0,0.17,rain,1.1501,0.977,0.0,6.81,6.74,2.49
静岡,220010,3.0,09/21 11:00,233.2,False,"wind,gust",2,22.4,32.0,4.8,18311.0,0.12,rain,1.1508,0.982,0.0,6.848,6.74,2.49
静岡,220010,6.0,09/21 14:00,177.3,False,"wind,gust",2,27.7,39.5,3.0,18956.0,0.07,rain,1.1518,0.987,0.0,6.89,6.74,2.49
静岡,220010,9.0,09/21 17:00,138.0,False,"wind,gust",2,24.8,35.4,2.0,19287.0,0.05,rain,1.153,0.99,0.0,6.916,6.74,2.48
静岡,220010,12.0,09/21 20:00,130.0,False,"wind,gust",2,26.0,37.2,1.3,19550.0,0.03,rain,1.1543,0.993,0.0,6.941,6.73,2.47
静岡,220010,15.0,09/21 23:00,162.6,False,"wind,gust",2,24.9,35.5,0.8,19703.0,0.02,rain,1.1559,0.995,0.0,6.958,6.73,2.46
静岡,220010,18.0,09/22 02:00,219.1,False,"wind,gust",2,23.0,32.8,0.6,19791.0,0.01,rain,1.1575,0.996,0.0,6.972,6.72,2.45
静岡,220010,21.0,09/22 05:00,286.7,False,"wind,gust",2,20.9,29.9,0.4,19858.0,0.01,rain,1.1593,0.997,0.0,6.984,6.72,2.45
静岡,220010,24.0,09/22 08:00,359.9,False,"wind,gust",2,19.6,28.0,0.3,19898.0,0.01,rain,1.1612,0.998,0.0,6.994,6.71,2.44
静岡,220010,27.0,09/22 11:00,436.5,False,"wind,gust",2,18.2,26.1,0.2,19931.0,0.0,rain,1.1631,0.998,0.0,7.005,6.71,2.43
静岡,220010,30.0,09/22 14:00,515.3,False,"wind,gust",2,17.1,24.5,0.1,19954.0,0.0,rain,1.165,0.999,0.0,7.014,6.7,2.42
静岡,220010,33.0,09/22 17:00,596.0,False,"wind,gust",2,16.2,23.2,0.1,19969.0,0.0,rain,1.1669,0.999,0.0,7.022,6.69,2.41
静岡,220010,36.0,09/22 20:00,678.0,False,"wind,gust",2,15.4,22.1,0.1,19980.0,0.0,rain,1.1687,0.999,0.0,7.03,6.69,2.4
静岡,220010,39.0,09/22 23:00,761.1,False,"wind,gust",2,14.8,21.1,0.0,19987.0,0.0,rain,1.1705,1.0,0.0,7.036,6.68,2.39
静岡,220010,42.0,09/23 02:00,845.3,False,"wind,gust",2,14.2,20.2,0.0,19991.0,0.0,rain,1.1722,1.0,0.0,7.043,6.68,2.38
静岡,220010,45.0,09/23 05:00,930.4,True,,0,7.6,10.9,0.0,20000.0,0.0,rain,1.1737,1.0,0.0,7.05,6.68,2.37
静岡,220010,48.0,09/23 08:00,1016.2,True,,0,7.1,10.2,0.0,20000.0,0.0,rain,1.1751,1.0,0.0,7.054,6.67,2.36
静岡,220010,51.0,09/23 11:00,1102.7,True,,0,6.7,9.6,0.0,20000.0,0.0,rain,1.1764,1.0,0.0,7.058,6.67,2.36
静岡,220010,54.0,09/23 14:00,1189.8,True,,0,6.3,9.0,0.0,20000.0,0.0,rain,1.1775,1.0,0.0,7.062,6.66,2.35
静岡,220010,57.0,09/23 17:00,1277.5,True,,0,6.0,8.6,0.0,20000.0,0.0,rain,1.1785,1.0,0.0,7.065,6.66,2.34
静岡,220010,60.0,09/23 20:00,1365.6,True,,0,5.7,8.1,0.0,20000.0,0.0,rain,1.1794,1.0,0.0,7.068,6.66,2.34
静岡,220010,63.0,09/23 23:00,1454.1,True,,0,5.4,7.8,0.0,20000.0,0.0,rain,1.1802,1.0,0.0,7.07,6.66,2.34
静岡,220010,66.0,09/24 02:00,1543.0,True,,0,5.2,7.4,0.0,20000.0,0.0,rain,1.181,1.0,0.0,7.073,6.65,2.33
静岡,220010,69.0,09/24 05:00,1632.2,True,,0,5.0,7.1,0.0,20000.0,0.0,rain,1.1816,1.0,0.0,7.075,6.65,2.33
静岡,220010,72.0,09/24 08:00,1721.7,True,,0,4.8,6.9,0.0,20000.0,0.0,rain,1.1822,1.0,0.0,7.077,6.65,2.32
高知,390010,0.0,09/21 08:00,465.2,False,"wind,gust",2,16.8,24.0,0.3,19881.0,0.01,rain,1.1503,0.998,0.0,6.957,6.74,2.49
高知,390010,3.0,09/21 11:00,475.4,False,"wind,gust",2,16.0,22.9,0.2,19931.0,0.0,rain,1.151,0.998,0.0,6.965,6.74,2.49
高知,390010,6.0,09/21 14:00,500.3,False,"wind,gust",2,17.0,24.3,0.2,19930.0,0.01,rain,1.1519,0.998,0.0,6.968,6.74,2.49
高知,390010,9.0,09/21 17:00,536.1,False,"wind,gust",2,15.1,21.6,0.1,19969.0,0.0,rain,1.153,0.999,0.0,6.977,6.74,2.48
高知,390010,12.0,09/21 20:00,580.6,False,"wind,gust",2,15.0,21.5,0.1,19975.0,0.0,rain,1.1544,0.999,0.0,6.982,6.73,2.47
高知,390010,15.0,09/21 23:00,633.0,False,"wind,gust",2,14.7,21.0,0.1,19982.0,0.0,rain,1.1559,0.999,0.0,6.989,6.73,2.46
高知,390010,18.0,09/22 02:00,691.5,False,"wind,gust",2,14.5,20.7,0.0,19986.0,0.0,rain,1.1576,1.0,0.0,6.995,6.72,2.45
高知,390010,21.0,09/22 05:00,755.0,False,"wind,gust",2,14.1,20.1,0.0,19990.0,0.0,rain,1.1593,1.0,0.0,7.001,6.72,2.45
高知,390010,24.0,09/22 08:00,822.6,False,"wind,gust",2,13.9,19.9,0.0,19992.0,0.0,rain,1.1612,1.0,0.0,7.008,6.71,2.44
高知,390010,27.0,09/22 11:00,893.5,False,"wind,gust",2,13.5,19.3,0.0,19995.0,0.0,rain,1.1631,1.0,0.0,7.014,6.71,2.43
高知,390010,30.0,09/22 14:00,967.2,False,"wind,gust",2,13.1,18.8,0.0,19996.0,0.0,rain,1.165,1.0,0.0,7.021,6.7,2.42
高知,390010,33.0,09/22 17:00,1043.2,False,"wind,gust",2,12.8,18.2,0.0,19998.0,0.0,rain,1.1669,1.0,0.0,7.027,6.69,2.41
高知,390010,36.0,09/22 20:00,1121.1,False,"wind,gust",2,12.4,17.8,0.0,19998.0,0.0,rain,1.1687,1.0,0.0,7.033,6.69,2.4
高知,390010,39.0,09/22 23:00,1200.7,False,"wind,gust",2,12.1,17.3,0.0,19999.0,0.0,rain,1.1705,1.0,0.0,7.039,6.68,2.39
高知,390010,42.0,09/23 02:00,1281.7,False,"wind,gust",2,11.8,16.9,0.0,19999.0,0.0,rain,1.1722,1.0,0.0,7.045,6.68,2.38
高知,390010,45.0,09/23 05:00,1364.0,True,,0,6.4,9.1,0.0,20000.0,0.0,rain,1.1737,1.0,0.0,7.05,6.68,2.37
高知,390010,48.0,09/23 08:00,1447.3,True,,0,6.0,8.6,0.0,20000.0,0.0,rain,1.1751,1.0,0.0,7.054,6.67,2.36
高知,390010,51.0,09/23 11:00,1531.6,True,,0,5.7,8.2,0.0,20000.0,0.0,rain,1.1764,1.0,0.0,7.058,6.67,2.36
高知,390010,54.0,09/23 14:00,1616.7,True,,0,5.5,7.8,0.0,20000.0,0.0,rain,1.1775,1.0,0.0,7.062,6.66,2.35
高知,390010,57.0,09/23 17:00,1702.4,True,,0,5.2,7.5,0.0,20000.0,0.0,rain,1.1785,1.0,0.0,7.065,6.66,2.34
高知,390010,60.0,09/23 20:00,1788.8,True,,0,5.0,7.2,0.0,20000.0,0.0,rain,1.1794,1.0,0.0,7.068,6.66,2.34
高知,390010,63.0,09/23 23:00,1875.7,True,,0,4.8,6.9,0.0,20000.0,0.0,rain,1.1802,1.0,0.0,7.07,6.66,2.34
高知,390010,66.0,09/24 02:00,1963.0,True,,0,4.6,6.6,0.0,20000.0,0.0,rain,1.181,1.0,0.0,7.073,6.65,2.33
高知,390010,69.0,09/24 05:00,2050.7,True,,0,4.5,6.4,0.0,20000.0,0.0,rain,1.1816,1.0,0.0,7.075,6.65,2.33
高知,390010,72.0,09/24 08:00,2138.7,True,,0,4.3,6.2,0.0,20000.0,0.0,rain,1.1822,1.0,0.0,7.077,6.65,2.32
