site,lead_h,stamp_utc,stamp_jst,rain_mm_h,anchored_mm_h
三宅島,0.0,2026-09-20T23:00:00Z,09/21 08:00,5.09,25.22
三宅島,1.0,2026-09-21T00:00:00Z,09/21 09:00,6.06,30.03
三宅島,2.0,2026-09-21T01:00:00Z,09/21 10:00,4.95,24.5
三宅島,3.0,2026-09-21T02:00:00Z,09/21 11:00,4.36,21.58
三宅島,4.0,2026-09-21T03:00:00Z,09/21 12:00,3.35,16.59
三宅島,5.0,2026-09-21T04:00:00Z,09/21 13:00,2.91,14.41
三宅島,6.0,2026-09-21T05:00:00Z,09/21 14:00,2.59,12.84
三宅島,7.0,2026-09-21T06:00:00Z,09/21 15:00,2.34,11.57
三宅島,8.0,2026-09-21T07:00:00Z,09/21 16:00,1.92,9.5
三宅島,9.0,2026-09-21T08:00:00Z,09/21 17:00,1.58,7.83
三宅島,10.0,2026-09-21T09:00:00Z,09/21 18:00,1.29,6.39
三宅島,11.0,2026-09-21T10:00:00Z,09/21 19:00,1.06,5.27
三宅島,12.0,2026-09-21T11:00:00Z,09/21 20:00,0.89,4.43
三宅島,13.0,2026-09-21T12:00:00Z,09/21 21:00,0.74,3.68
三宅島,14.0,2026-09-21T13:00:00Z,09/21 22:00,0.61,3.02
三宅島,15.0,2026-09-21T14:00:00Z,09/21 23:00,0.5,2.5
三宅島,16.0,2026-09-21T15:00:00Z,09/22 00:00,0.43,2.11
三宅島,17.0,2026-09-21T16:00:00Z,09/22 01:00,0.34,1.69
三宅島,18.0,2026-09-21T17:00:00Z,09/22 02:00,0.27,1.36
三宅島,19.0,2026-09-21T18:00:00Z,09/22 03:00,0.21,1.06
三宅島,20.0,2026-09-21T19:00:00Z,09/22 04:00,0.17,0.83
三宅島,21.0,2026-09-21T20:00:00Z,09/22 05:00,0.13,0.65
三宅島,22.0,2026-09-21T21:00:00Z,09/22 06:00,0.11,0.54
三宅島,23.0,2026-09-21T22:00:00Z,09/22 07:00,0.08,0.41
三宅島,24.0,2026-09-21T23:00:00Z,09/22 08:00,0.06,0.32
三宅島,25.0,2026-09-22T00:00:00Z,09/22 09:00,0.05,0.24
三宅島,26.0,2026-09-22T01:00:00Z,09/22 10:00,0.04,0.18
三宅島,27.0,2026-09-22T02:00:00Z,09/22 11:00,0.03,0.13
三宅島,28.0,2026-09-22T03:00:00Z,09/22 12:00,0.02,0.1
三宅島,29.0,2026-09-22T04:00:00Z,09/22 13:00,0.01,0.07
三宅島,30.0,2026-09-22T05:00:00Z,09/22 14:00,0.01,0.05
三宅島,31.0,2026-09-22T06:00:00Z,09/22 15:00,0.01,0.04
三宅島,32.0,2026-09-22T07:00:00Z,09/22 16:00,0.01,0.03
三宅島,33.0,2026-09-22T08:00:00Z,09/22 17:00,0.0,0.02
三宅島,34.0,2026-09-22T09:00:00Z,09/22 18:00,0.0,0.02
三宅島,35.0,2026-09-22T10:00:00Z,09/22 19:00,0.0,0.01
三宅島,36.0,2026-09-22T11:00:00Z,09/22 20:00,0.0,0.01
三宅島,37.0,2026-09-22T12:00:00Z,09/22 21:00,0.0,0.01
三宅島,38.0,2026-09-22T13:00:00Z,09/22 22:00,0.0,0.01
三宅島,39.0,2026-09-22T14:00:00Z,09/22 23:00,0.0,0.0
三宅島,40.0,2026-09-22T15:00:00Z,09/23 00:00,0.0,0.0
三宅島,41.0,2026-09-22T16:00:00Z,09/23 01:00,0.0,0.0
三宅島,42.0,2026-09-22T17:00:00Z,09/23 02:00,0.0,0.0
三宅島,43.0,2026-09-22T18:00:00Z,09/23 03:00,0.0,0.0
三宅島,44.0,2026-09-22T19:00:00Z,09/23 04:00,0.0,0.0
三宅島,45.0,2026-09-22T20:00:00Z,09/23 05:00,0.0,0.0
三宅島,46.0,2026-09-22T21:00:00Z,09/23 06:00,0.0,0.0
三宅島,47.0,2026-09-22T22:00:00Z,09/23 07:00,0.0,0.0
三宅島,48.0,2026-09-22T23:00:00Z,09/23 08:00,0.0,0.0
三宅島,49.0,2026-09-23T00:00:00Z,09/23 09:00,0.0,0.0
三宅島,50.0,2026-09-23T01:00:00Z,09/23 10:00,0.0,0.0
三宅島,51.0,2026-09-23T02:00:00Z,09/23 11:00,0.0,0.0
三宅島,52.0,2026-09-23T03:00:00Z,09/23 12:00,0.0,0.0
三宅島,53.0,2026-09-23T04:00:00Z,09/23 13:00,0.0,0.0
三宅島,54.0,2026-09-23T05:00:00Z,09/23 14:00,0.0,0.0
三宅島,55.0,2026-09-23T06:00:00Z,09/23 15:00,0.0,0.0
三宅島,56.0,2026-09-23T07:00:00Z,09/23 16:00,0.0,0.0
三宅島,57.0,2026-09-23T08:00:00Z,09/23 17:00,0.0,0.0
三宅島,58.0,2026-09-23T09:00:00Z,09/23 18:00,0.0,0.0
三宅島,59.0,2026-09-23T10:00:00Z,09/23 19:00,0.0,0.0
三宅島,60.0,2026-09-23T11:00:00Z,09/23 20:00,0.0,0.0
三宅島,61.0,2026-09-23T12:00:00Z,09/23 21:00,0.0,0.0
三宅島,62.0,2026-09-23T13:00:00Z,09/23 22:00,0.0,0.0
三宅島,63.0,2026-09-23T14:00:00Z,09/23 23:00,0.0,0.0
三宅島,64.0,2026-09-23T15:00:00Z,09/24 00:00,0.0,0.0
三宅島,65.0,2026-09-23T16:00:00Z,09/24 01:00,0.0,0.0
三宅島,66.0,2026-09-23T17:00:00Z,09/24 02:00,0.0,0.0
三宅島,67.0,2026-09-23T18:00:00Z,09/24 03:00,0.0,0.0
三宅島,68.0,2026-09-23T19:00:00Z,09/24 04:00,0.0,0.0
三宅島,69.0,2026-09-23T20:00:00Z,09/24 05:00,0.0,0.0
三宅島,70.0,2026-09-23T21:00:00Z,09/24 06:00,0.0,0.0
三宅島,71.0,2026-09-23T22:00:00Z,09/24 07:00,0.0,0.0
三宅島,72.0,2026-09-23T23:00:00Z,09/24 08:00,0.0,0.0
仙台,0.0,2026-09-20T23:00:00Z,09/21 08:00,2.59,7.37
仙台,1.0,2026-09-21T00:00:00Z,09/21 09:00,0.92,2.61
仙台,2.0,2026-09-21T01:00:00Z,09/21 10:00,1.13,3.2
仙台,3.0,2026-09-21T02:00:00Z,09/21 11:00,1.25,3.55
仙台,4.0,2026-09-21T03:00:00Z,09/21 12:00,2.36,6.71
仙台,5.0,2026-09-21T04:00:00Z,09/21 13:00,2.23,6.33
仙台,6.0,2026-09-21T05:00:00Z,09/21 14:00,2.35,6.69
仙台,7.0,2026-09-21T06:00:00Z,09/21 15:00,1.79,5.09
仙台,8.0,2026-09-21T07:00:00Z,09/21 16:00,1.66,4.71
仙台,9.0,2026-09-21T08:00:00Z,09/21 17:00,1.71,4.87
仙台,10.0,2026-09-21T09:00:00Z,09/21 18:00,1.87,5.31
仙台,11.0,2026-09-21T10:00:00Z,09/21 19:00,1.71,4.87
仙台,12.0,2026-09-21T11:00:00Z,09/21 20:00,1.65,4.68
仙台,13.0,2026-09-21T12:00:00Z,09/21 21:00,1.57,4.47
仙台,14.0,2026-09-21T13:00:00Z,09/21 22:00,1.34,3.82
仙台,15.0,2026-09-21T14:00:00Z,09/21 23:00,1.21,3.44
仙台,16.0,2026-09-21T15:00:00Z,09/22 00:00,1.08,3.07
仙台,17.0,2026-09-21T16:00:00Z,09/22 01:00,0.85,2.42
仙台,18.0,2026-09-21T17:00:00Z,09/22 02:00,0.71,2.01
仙台,19.0,2026-09-21T18:00:00Z,09/22 03:00,0.57,1.61
仙台,20.0,2026-09-21T19:00:00Z,09/22 04:00,0.41,1.16
仙台,21.0,2026-09-21T20:00:00Z,09/22 05:00,0.33,0.93
仙台,22.0,2026-09-21T21:00:00Z,09/22 06:00,0.27,0.76
仙台,23.0,2026-09-21T22:00:00Z,09/22 07:00,0.19,0.53
仙台,24.0,2026-09-21T23:00:00Z,09/22 08:00,0.15,0.41
仙台,25.0,2026-09-22T00:00:00Z,09/22 09:00,0.11,0.31
仙台,26.0,2026-09-22T01:00:00Z,09/22 10:00,0.08,0.23
仙台,27.0,2026-09-22T02:00:00Z,09/22 11:00,0.06,0.17
仙台,28.0,2026-09-22T03:00:00Z,09/22 12:00,0.05,0.13
仙台,29.0,2026-09-22T04:00:00Z,09/22 13:00,0.04,0.1
仙台,30.0,2026-09-22T05:00:00Z,09/22 14:00,0.03,0.08
仙台,31.0,2026-09-22T06:00:00Z,09/22 15:00,0.02,0.06
仙台,32.0,2026-09-22T07:00:00Z,09/22 16:00,0.02,0.04
仙台,33.0,2026-09-22T08:00:00Z,09/22 17:00,0.01,0.03
仙台,34.0,2026-09-22T09:00:00Z,09/22 18:00,0.01,0.02
仙台,35.0,2026-09-22T10:00:00Z,09/22 19:00,0.01,0.02
仙台,36.0,2026-09-22T11:00:00Z,09/22 20:00,0.0,0.01
仙台,37.0,2026-09-22T12:00:00Z,09/22 21:00,0.0,0.01
仙台,38.0,2026-09-22T13:00:00Z,09/22 22:00,0.0,0.01
仙台,39.0,2026-09-22T14:00:00Z,09/22 23:00,0.0,0.01
仙台,40.0,2026-09-22T15:00:00Z,09/23 00:00,0.0,0.0
仙台,41.0,2026-09-22T16:00:00Z,09/23 01:00,0.0,0.0
仙台,42.0,2026-09-22T17:00:00Z,09/23 02:00,0.0,0.0
仙台,43.0,2026-09-22T18:00:00Z,09/23 03:00,0.0,0.0
仙台,44.0,2026-09-22T19:00:00Z,09/23 04:00,0.0,0.0
仙台,45.0,2026-09-22T20:00:00Z,09/23 05:00,0.0,0.0
仙台,46.0,2026-09-22T21:00:00Z,09/23 06:00,0.0,0.0
仙台,47.0,2026-09-22T22:00:00Z,09/23 07:00,0.0,0.0
仙台,48.0,2026-09-22T23:00:00Z,09/23 08:00,0.0,0.0
仙台,49.0,2026-09-23T00:00:00Z,09/23 09:00,0.0,0.0
仙台,50.0,2026-09-23T01:00:00Z,09/23 10:00,0.0,0.0
仙台,51.0,2026-09-23T02:00:00Z,09/23 11:00,0.0,0.0
仙台,52.0,2026-09-23T03:00:00Z,09/23 12:00,0.0,0.0
仙台,53.0,2026-09-23T04:00:00Z,09/23 13:00,0.0,0.0
仙台,54.0,2026-09-23T05:00:00Z,09/23 14:00,0.0,0.0
仙台,55.0,2026-09-23T06:00:00Z,09/23 15:00,0.0,0.0
仙台,56.0,2026-09-23T07:00:00Z,09/23 16:00,0.0,0.0
仙台,57.0,2026-09-23T08:00:00Z,09/23 17:00,0.0,0.0
仙台,58.0,2026-09-23T09:00:00Z,09/23 18:00,0.0,0.0
仙台,59.0,2026-09-23T10:00:00Z,09/23 19:00,0.0,0.0
仙台,60.0,2026-09-23T11:00:00Z,09/23 20:00,0.0,0.0
仙台,61.0,2026-09-23T12:00:00Z,09/23 21:00,0.0,0.0
仙台,62.0,2026-09-23T13:00:00Z,09/23 22:00,0.0,0.0
仙台,63.0,2026-09-23T14:00:00Z,09/23 23:00,0.0,0.0
仙台,64.0,2026-09-23T15:00:00Z,09/24 00:00,0.0,0.0
仙台,65.0,2026-09-23T16:00:00Z,09/24 01:00,0.0,0.0
仙台,66.0,2026-09-23T17:00:00Z,09/24 02:00,0.0,0.0
仙台,67.0,2026-09-23T18:00:00Z,09/24 03:00,0.0,0.0
仙台,68.0,2026-09-23T19:00:00Z,09/24 04:00,0.0,0.0
仙台,69.0,2026-09-23T20:00:00Z,09/24 05:00,0.0,0.0
仙台,70.0,2026-09-23T21:00:00Z,09/24 06:00,0.0,0.0
仙台,71.0,2026-09-23T22:00:00Z,09/24 07:00,0.0,0.0
仙台,72.0,2026-09-23T23:00:00Z,09/24 08:00,0.0,0.0
八丈島,0.0,2026-09-20T23:00:00Z,09/21 08:00,3.38,24.18
八丈島,1.0,2026-09-21T00:00:00Z,09/21 09:00,4.19,29.99
八丈島,2.0,2026-09-21T01:00:00Z,09/21 10:00,3.48,24.95
八丈島,3.0,2026-09-21T02:00:00Z,09/21 11:00,3.05,21.87
八丈島,4.0,2026-09-21T03:00:00Z,09/21 12:00,2.51,17.96
八丈島,5.0,2026-09-21T04:00:00Z,09/21 13:00,2.27,16.27
八丈島,6.0,2026-09-21T05:00:00Z,09/21 14:00,2.02,14.45
八丈島,7.0,2026-09-21T06:00:00Z,09/21 15:00,1.75,12.5
八丈島,8.0,2026-09-21T07:00:00Z,09/21 16:00,1.55,11.11
八丈島,9.0,2026-09-21T08:00:00Z,09/21 17:00,1.34,9.63
八丈島,10.0,2026-09-21T09:00:00Z,09/21 18:00,1.15,8.26
八丈島,11.0,2026-09-21T10:00:00Z,09/21 19:00,0.98,7.01
八丈島,12.0,2026-09-21T11:00:00Z,09/21 20:00,0.82,5.9
八丈島,13.0,2026-09-21T12:00:00Z,09/21 21:00,0.68,4.86
八丈島,14.0,2026-09-21T13:00:00Z,09/21 22:00,0.56,4.04
八丈島,15.0,2026-09-21T14:00:00Z,09/21 23:00,0.46,3.33
八丈島,16.0,2026-09-21T15:00:00Z,09/22 00:00,0.4,2.84
八丈島,17.0,2026-09-21T16:00:00Z,09/22 01:00,0.32,2.3
八丈島,18.0,2026-09-21T17:00:00Z,09/22 02:00,0.26,1.85
八丈島,19.0,2026-09-21T18:00:00Z,09/22 03:00,0.2,1.44
八丈島,20.0,2026-09-21T19:00:00Z,09/22 04:00,0.16,1.14
八丈島,21.0,2026-09-21T20:00:00Z,09/22 05:00,0.12,0.9
八丈島,22.0,2026-09-21T21:00:00Z,09/22 06:00,0.11,0.76
八丈島,23.0,2026-09-21T22:00:00Z,09/22 07:00,0.08,0.59
八丈島,24.0,2026-09-21T23:00:00Z,09/22 08:00,0.06,0.45
八丈島,25.0,2026-09-22T00:00:00Z,09/22 09:00,0.05,0.34
八丈島,26.0,2026-09-22T01:00:00Z,09/22 10:00,0.04,0.25
八丈島,27.0,2026-09-22T02:00:00Z,09/22 11:00,0.03,0.19
八丈島,28.0,2026-09-22T03:00:00Z,09/22 12:00,0.02,0.14
八丈島,29.0,2026-09-22T04:00:00Z,09/22 13:00,0.01,0.11
八丈島,30.0,2026-09-22T05:00:00Z,09/22 14:00,0.01,0.08
八丈島,31.0,2026-09-22T06:00:00Z,09/22 15:00,0.01,0.06
八丈島,32.0,2026-09-22T07:00:00Z,09/22 16:00,0.01,0.04
八丈島,33.0,2026-09-22T08:00:00Z,09/22 17:00,0.0,0.03
八丈島,34.0,2026-09-22T09:00:00Z,09/22 18:00,0.0,0.02
八丈島,35.0,2026-09-22T10:00:00Z,09/22 19:00,0.0,0.02
八丈島,36.0,2026-09-22T11:00:00Z,09/22 20:00,0.0,0.01
八丈島,37.0,2026-09-22T12:00:00Z,09/22 21:00,0.0,0.01
八丈島,38.0,2026-09-22T13:00:00Z,09/22 22:00,0.0,0.01
八丈島,39.0,2026-09-22T14:00:00Z,09/22 23:00,0.0,0.01
八丈島,40.0,2026-09-22T15:00:00Z,09/23 00:00,0.0,0.0
八丈島,41.0,2026-09-22T16:00:00Z,09/23 01:00,0.0,0.0
八丈島,42.0,2026-09-22T17:00:00Z,09/23 02:00,0.0,0.0
八丈島,43.0,2026-09-22T18:00:00Z,09/23 03:00,0.0,0.0
八丈島,44.0,2026-09-22T19:00:00Z,09/23 04:00,0.0,0.0
八丈島,45.0,2026-09-22T20:00:00Z,09/23 05:00,0.0,0.0
八丈島,46.0,2026-09-22T21:00:00Z,09/23 06:00,0.0,0.0
八丈島,47.0,2026-09-22T22:00:00Z,09/23 07:00,0.0,0.0
八丈島,48.0,2026-09-22T23:00:00Z,09/23 08:00,0.0,0.0
八丈島,49.0,2026-09-23T00:00:00Z,09/23 09:00,0.0,0.0
八丈島,50.0,2026-09-23T01:00:00Z,09/23 10:00,0.0,0.0
八丈島,51.0,2026-09-23T02:00:00Z,09/23 11:00,0.0,0.0
八丈島,52.0,2026-09-23T03:00:00Z,09/23 12:00,0.0,0.0
八丈島,53.0,2026-09-23T04:00:00Z,09/23 13:00,0.0,0.0
八丈島,54.0,2026-09-23T05:00:00Z,09/23 14:00,0.0,0.0
八丈島,55.0,2026-09-23T06:00:00Z,09/23 15:00,0.0,0.0
八丈島,56.0,2026-09-23T07:00:00Z,09/23 16:00,0.0,0.0
八丈島,57.0,2026-09-23T08:00:00Z,09/23 17:00,0.0,0.0
八丈島,58.0,2026-09-23T09:00:00Z,09/23 18:00,0.0,0.0
八丈島,59.0,2026-09-23T10:00:00Z,09/23 19:00,0.0,0.0
八丈島,60.0,2026-09-23T11:00:00Z,09/23 20:00,0.0,0.0
八丈島,61.0,2026-09-23T12:00:00Z,09/23 21:00,0.0,0.0
八丈島,62.0,2026-09-23T13:00:00Z,09/23 22:00,0.0,0.0
八丈島,63.0,2026-09-23T14:00:00Z,09/23 23:00,0.0,0.0
八丈島,64.0,2026-09-23T15:00:00Z,09/24 00:00,0.0,0.0
八丈島,65.0,2026-09-23T16:00:00Z,09/24 01:00,0.0,0.0
八丈島,66.0,2026-09-23T17:00:00Z,09/24 02:00,0.0,0.0
八丈島,67.0,2026-09-23T18:00:00Z,09/24 03:00,0.0,0.0
八丈島,68.0,2026-09-23T19:00:00Z,09/24 04:00,0.0,0.0
八丈島,69.0,2026-09-23T20:00:00Z,09/24 05:00,0.0,0.0
八丈島,70.0,2026-09-23T21:00:00Z,09/24 06:00,0.0,0.0
八丈島,71.0,2026-09-23T22:00:00Z,09/24 07:00,0.0,0.0
八丈島,72.0,2026-09-23T23:00:00Z,09/24 08:00,0.0,0.0
千葉,0.0,2026-09-20T23:00:00Z,09/21 08:00,9.44,36.15
千葉,1.0,2026-09-21T00:00:00Z,09/21 09:00,5.25,20.1
千葉,2.0,2026-09-21T01:00:00Z,09/21 10:00,5.47,20.93
千葉,3.0,2026-09-21T02:00:00Z,09/21 11:00,5.53,21.17
千葉,4.0,2026-09-21T03:00:00Z,09/21 12:00,5.15,19.71
千葉,5.0,2026-09-21T04:00:00Z,09/21 13:00,4.29,16.44
千葉,6.0,2026-09-21T05:00:00Z,09/21 14:00,3.96,15.15
千葉,7.0,2026-09-21T06:00:00Z,09/21 15:00,3.72,14.25
千葉,8.0,2026-09-21T07:00:00Z,09/21 16:00,3.0,11.5
千葉,9.0,2026-09-21T08:00:00Z,09/21 17:00,2.64,10.1
千葉,10.0,2026-09-21T09:00:00Z,09/21 18:00,2.21,8.47
千葉,11.0,2026-09-21T10:00:00Z,09/21 19:00,1.79,6.85
千葉,12.0,2026-09-21T11:00:00Z,09/21 20:00,1.48,5.66
千葉,13.0,2026-09-21T12:00:00Z,09/21 21:00,1.19,4.56
千葉,14.0,2026-09-21T13:00:00Z,09/21 22:00,0.93,3.55
千葉,15.0,2026-09-21T14:00:00Z,09/21 23:00,0.75,2.89
千葉,16.0,2026-09-21T15:00:00Z,09/22 00:00,0.62,2.37
千葉,17.0,2026-09-21T16:00:00Z,09/22 01:00,0.49,1.86
千葉,18.0,2026-09-21T17:00:00Z,09/22 02:00,0.39,1.5
千葉,19.0,2026-09-21T18:00:00Z,09/22 03:00,0.31,1.18
千葉,20.0,2026-09-21T19:00:00Z,09/22 04:00,0.23,0.9
千葉,21.0,2026-09-21T20:00:00Z,09/22 05:00,0.19,0.71
千葉,22.0,2026-09-21T21:00:00Z,09/22 06:00,0.15,0.58
千葉,23.0,2026-09-21T22:00:00Z,09/22 07:00,0.11,0.43
千葉,24.0,2026-09-21T23:00:00Z,09/22 08:00,0.09,0.33
千葉,25.0,2026-09-22T00:00:00Z,09/22 09:00,0.06,0.25
千葉,26.0,2026-09-22T01:00:00Z,09/22 10:00,0.05,0.18
千葉,27.0,2026-09-22T02:00:00Z,09/22 11:00,0.04,0.14
千葉,28.0,2026-09-22T03:00:00Z,09/22 12:00,0.03,0.1
千葉,29.0,2026-09-22T04:00:00Z,09/22 13:00,0.02,0.08
千葉,30.0,2026-09-22T05:00:00Z,09/22 14:00,0.02,0.06
千葉,31.0,2026-09-22T06:00:00Z,09/22 15:00,0.01,0.04
千葉,32.0,2026-09-22T07:00:00Z,09/22 16:00,0.01,0.03
千葉,33.0,2026-09-22T08:00:00Z,09/22 17:00,0.01,0.02
千葉,34.0,2026-09-22T09:00:00Z,09/22 18:00,0.0,0.02
千葉,35.0,2026-09-22T10:00:00Z,09/22 19:00,0.0,0.01
千葉,36.0,2026-09-22T11:00:00Z,09/22 20:00,0.0,0.01
千葉,37.0,2026-09-22T12:00:00Z,09/22 21:00,0.0,0.01
千葉,38.0,2026-09-22T13:00:00Z,09/22 22:00,0.0,0.01
千葉,39.0,2026-09-22T14:00:00Z,09/22 23:00,0.0,0.0
千葉,40.0,2026-09-22T15:00:00Z,09/23 00:00,0.0,0.0
千葉,41.0,2026-09-22T16:00:00Z,09/23 01:00,0.0,0.0
千葉,42.0,2026-09-22T17:00:00Z,09/23 02:00,0.0,0.0
千葉,43.0,2026-09-22T18:00:00Z,09/23 03:00,0.0,0.0
千葉,44.0,2026-09-22T19:00:00Z,09/23 04:00,0.0,0.0
千葉,45.0,2026-09-22T20:00:00Z,09/23 05:00,0.0,0.0
千葉,46.0,2026-09-22T21:00:00Z,09/23 06:00,0.0,0.0
千葉,47.0,2026-09-22T22:00:00Z,09/23 07:00,0.0,0.0
千葉,48.0,2026-09-22T23:00:00Z,09/23 08:00,0.0,0.0
千葉,49.0,2026-09-23T00:00:00Z,09/23 09:00,0.0,0.0
千葉,50.0,2026-09-23T01:00:00Z,09/23 10:00,0.0,0.0
千葉,51.0,2026-09-23T02:00:00Z,09/23 11:00,0.0,0.0
千葉,52.0,2026-09-23T03:00:00Z,09/23 12:00,0.0,0.0
千葉,53.0,2026-09-23T04:00:00Z,09/23 13:00,0.0,0.0
千葉,54.0,2026-09-23T05:00:00Z,09/23 14:00,0.0,0.0
千葉,55.0,2026-09-23T06:00:00Z,09/23 15:00,0.0,0.0
千葉,56.0,2026-09-23T07:00:00Z,09/23 16:00,0.0,0.0
千葉,57.0,2026-09-23T08:00:00Z,09/23 17:00,0.0,0.0
千葉,58.0,2026-09-23T09:00:00Z,09/23 18:00,0.0,0.0
千葉,59.0,2026-09-23T10:00:00Z,09/23 19:00,0.0,0.0
千葉,60.0,2026-09-23T11:00:00Z,09/23 20:00,0.0,0.0
千葉,61.0,2026-09-23T12:00:00Z,09/23 21:00,0.0,0.0
千葉,62.0,2026-09-23T13:00:00Z,09/23 22:00,0.0,0.0
千葉,63.0,2026-09-23T14:00:00Z,09/23 23:00,0.0,0.0
千葉,64.0,2026-09-23T15:00:00Z,09/24 00:00,0.0,0.0
千葉,65.0,2026-09-23T16:00:00Z,09/24 01:00,0.0,0.0
千葉,66.0,2026-09-23T17:00:00Z,09/24 02:00,0.0,0.0
千葉,67.0,2026-09-23T18:00:00Z,09/24 03:00,0.0,0.0
千葉,68.0,2026-09-23T19:00:00Z,09/24 04:00,0.0,0.0
千葉,69.0,2026-09-23T20:00:00Z,09/24 05:00,0.0,0.0
千葉,70.0,2026-09-23T21:00:00Z,09/24 06:00,0.0,0.0
千葉,71.0,2026-09-23T22:00:00Z,09/24 07:00,0.0,0.0
千葉,72.0,2026-09-23T23:00:00Z,09/24 08:00,0.0,0.0
大島,0.0,2026-09-20T23:00:00Z,09/21 08:00,7.29,36.13
大島,1.0,2026-09-21T00:00:00Z,09/21 09:00,6.8,33.68
大島,2.0,2026-09-21T01:00:00Z,09/21 10:00,5.84,28.92
大島,3.0,2026-09-21T02:00:00Z,09/21 11:00,5.3,26.27
大島,4.0,2026-09-21T03:00:00Z,09/21 12:00,4.24,21.01
大島,5.0,2026-09-21T04:00:00Z,09/21 13:00,3.59,17.8
大島,6.0,2026-09-21T05:00:00Z,09/21 14:00,3.23,16.01
大島,7.0,2026-09-21T06:00:00Z,09/21 15:00,2.96,14.64
大島,8.0,2026-09-21T07:00:00Z,09/21 16:00,2.36,11.7
大島,9.0,2026-09-21T08:00:00Z,09/21 17:00,1.98,9.82
大島,10.0,2026-09-21T09:00:00Z,09/21 18:00,1.61,7.97
大島,11.0,2026-09-21T10:00:00Z,09/21 19:00,1.28,6.35
大島,12.0,2026-09-21T11:00:00Z,09/21 20:00,1.06,5.24
大島,13.0,2026-09-21T12:00:00Z,09/21 21:00,0.88,4.34
大島,14.0,2026-09-21T13:00:00Z,09/21 22:00,0.71,3.52
大島,15.0,2026-09-21T14:00:00Z,09/21 23:00,0.59,2.91
大島,16.0,2026-09-21T15:00:00Z,09/22 00:00,0.5,2.46
大島,17.0,2026-09-21T16:00:00Z,09/22 01:00,0.39,1.95
大島,18.0,2026-09-21T17:00:00Z,09/22 02:00,0.32,1.58
大島,19.0,2026-09-21T18:00:00Z,09/22 03:00,0.25,1.24
大島,20.0,2026-09-21T19:00:00Z,09/22 04:00,0.19,0.95
大島,21.0,2026-09-21T20:00:00Z,09/22 05:00,0.15,0.75
大島,22.0,2026-09-21T21:00:00Z,09/22 06:00,0.13,0.63
大島,23.0,2026-09-21T22:00:00Z,09/22 07:00,0.1,0.47
大島,24.0,2026-09-21T23:00:00Z,09/22 08:00,0.07,0.36
大島,25.0,2026-09-22T00:00:00Z,09/22 09:00,0.05,0.27
大島,26.0,2026-09-22T01:00:00Z,09/22 10:00,0.04,0.2
大島,27.0,2026-09-22T02:00:00Z,09/22 11:00,0.03,0.15
大島,28.0,2026-09-22T03:00:00Z,09/22 12:00,0.02,0.11
大島,29.0,2026-09-22T04:00:00Z,09/22 13:00,0.02,0.08
大島,30.0,2026-09-22T05:00:00Z,09/22 14:00,0.01,0.06
大島,31.0,2026-09-22T06:00:00Z,09/22 15:00,0.01,0.05
大島,32.0,2026-09-22T07:00:00Z,09/22 16:00,0.01,0.03
大島,33.0,2026-09-22T08:00:00Z,09/22 17:00,0.01,0.03
大島,34.0,2026-09-22T09:00:00Z,09/22 18:00,0.0,0.02
大島,35.0,2026-09-22T10:00:00Z,09/22 19:00,0.0,0.01
大島,36.0,2026-09-22T11:00:00Z,09/22 20:00,0.0,0.01
大島,37.0,2026-09-22T12:00:00Z,09/22 21:00,0.0,0.01
大島,38.0,2026-09-22T13:00:00Z,09/22 22:00,0.0,0.01
大島,39.0,2026-09-22T14:00:00Z,09/22 23:00,0.0,0.0
大島,40.0,2026-09-22T15:00:00Z,09/23 00:00,0.0,0.0
大島,41.0,2026-09-22T16:00:00Z,09/23 01:00,0.0,0.0
大島,42.0,2026-09-22T17:00:00Z,09/23 02:00,0.0,0.0
大島,43.0,2026-09-22T18:00:00Z,09/23 03:00,0.0,0.0
大島,44.0,2026-09-22T19:00:00Z,09/23 04:00,0.0,0.0
大島,45.0,2026-09-22T20:00:00Z,09/23 05:00,0.0,0.0
大島,46.0,2026-09-22T21:00:00Z,09/23 06:00,0.0,0.0
大島,47.0,2026-09-22T22:00:00Z,09/23 07:00,0.0,0.0
大島,48.0,2026-09-22T23:00:00Z,09/23 08:00,0.0,0.0
大島,49.0,2026-09-23T00:00:00Z,09/23 09:00,0.0,0.0
大島,50.0,2026-09-23T01:00:00Z,09/23 10:00,0.0,0.0
大島,51.0,2026-09-23T02:00:00Z,09/23 11:00,0.0,0.0
大島,52.0,2026-09-23T03:00:00Z,09/23 12:00,0.0,0.0
大島,53.0,2026-09-23T04:00:00Z,09/23 13:00,0.0,0.0
大島,54.0,2026-09-23T05:00:00Z,09/23 14:00,0.0,0.0
大島,55.0,2026-09-23T06:00:00Z,09/23 15:00,0.0,0.0
大島,56.0,2026-09-23T07:00:00Z,09/23 16:00,0.0,0.0
大島,57.0,2026-09-23T08:00:00Z,09/23 17:00,0.0,0.0
大島,58.0,2026-09-23T09:00:00Z,09/23 18:00,0.0,0.0
大島,59.0,2026-09-23T10:00:00Z,09/23 19:00,0.0,0.0
大島,60.0,2026-09-23T11:00:00Z,09/23 20:00,0.0,0.0
大島,61.0,2026-09-23T12:00:00Z,09/23 21:00,0.0,0.0
大島,62.0,2026-09-23T13:00:00Z,09/23 22:00,0.0,0.0
大島,63.0,2026-09-23T14:00:00Z,09/23 23:00,0.0,0.0
大島,64.0,2026-09-23T15:00:00Z,09/24 00:00,0.0,0.0
大島,65.0,2026-09-23T16:00:00Z,09/24 01:00,0.0,0.0
大島,66.0,2026-09-23T17:00:00Z,09/24 02:00,0.0,0.0
大島,67.0,2026-09-23T18:00:00Z,09/24 03:00,0.0,0.0
大島,68.0,2026-09-23T19:00:00Z,09/24 04:00,0.0,0.0
大島,69.0,2026-09-23T20:00:00Z,09/24 05:00,0.0,0.0
大島,70.0,2026-09-23T21:00:00Z,09/24 06:00,0.0,0.0
大島,71.0,2026-09-23T22:00:00Z,09/24 07:00,0.0,0.0
大島,72.0,2026-09-23T23:00:00Z,09/24 08:00,0.0,0.0
大阪,0.0,2026-09-20T23:00:00Z,09/21 08:00,0.99,3.23
大阪,1.0,2026-09-21T00:00:00Z,09/21 09:00,0.7,2.27
大阪,2.0,2026-09-21T01:00:00Z,09/21 10:00,0.55,1.78
大阪,3.0,2026-09-21T02:00:00Z,09/21 11:00,0.5,1.63
大阪,4.0,2026-09-21T03:00:00Z,09/21 12:00,0.59,1.93
大阪,5.0,2026-09-21T04:00:00Z,09/21 13:00,0.5,1.62
大阪,6.0,2026-09-21T05:00:00Z,09/21 14:00,0.45,1.48
大阪,7.0,2026-09-21T06:00:00Z,09/21 15:00,0.25,0.81
大阪,8.0,2026-09-21T07:00:00Z,09/21 16:00,0.2,0.65
大阪,9.0,2026-09-21T08:00:00Z,09/21 17:00,0.17,0.57
大阪,10.0,2026-09-21T09:00:00Z,09/21 18:00,0.16,0.53
大阪,11.0,2026-09-21T10:00:00Z,09/21 19:00,0.14,0.44
大阪,12.0,2026-09-21T11:00:00Z,09/21 20:00,0.12,0.38
大阪,13.0,2026-09-21T12:00:00Z,09/21 21:00,0.1,0.33
大阪,14.0,2026-09-21T13:00:00Z,09/21 22:00,0.08,0.27
大阪,15.0,2026-09-21T14:00:00Z,09/21 23:00,0.07,0.22
大阪,16.0,2026-09-21T15:00:00Z,09/22 00:00,0.06,0.21
大阪,17.0,2026-09-21T16:00:00Z,09/22 01:00,0.05,0.16
大阪,18.0,2026-09-21T17:00:00Z,09/22 02:00,0.04,0.13
大阪,19.0,2026-09-21T18:00:00Z,09/22 03:00,0.03,0.11
大阪,20.0,2026-09-21T19:00:00Z,09/22 04:00,0.02,0.08
大阪,21.0,2026-09-21T20:00:00Z,09/22 05:00,0.02,0.06
大阪,22.0,2026-09-21T21:00:00Z,09/22 06:00,0.02,0.06
大阪,23.0,2026-09-21T22:00:00Z,09/22 07:00,0.01,0.04
大阪,24.0,2026-09-21T23:00:00Z,09/22 08:00,0.01,0.03
大阪,25.0,2026-09-22T00:00:00Z,09/22 09:00,0.01,0.02
大阪,26.0,2026-09-22T01:00:00Z,09/22 10:00,0.01,0.02
大阪,27.0,2026-09-22T02:00:00Z,09/22 11:00,0.0,0.01
大阪,28.0,2026-09-22T03:00:00Z,09/22 12:00,0.0,0.01
大阪,29.0,2026-09-22T04:00:00Z,09/22 13:00,0.0,0.01
大阪,30.0,2026-09-22T05:00:00Z,09/22 14:00,0.0,0.01
大阪,31.0,2026-09-22T06:00:00Z,09/22 15:00,0.0,0.0
大阪,32.0,2026-09-22T07:00:00Z,09/22 16:00,0.0,0.0
大阪,33.0,2026-09-22T08:00:00Z,09/22 17:00,0.0,0.0
大阪,34.0,2026-09-22T09:00:00Z,09/22 18:00,0.0,0.0
大阪,35.0,2026-09-22T10:00:00Z,09/22 19:00,0.0,0.0
大阪,36.0,2026-09-22T11:00:00Z,09/22 20:00,0.0,0.0
大阪,37.0,2026-09-22T12:00:00Z,09/22 21:00,0.0,0.0
大阪,38.0,2026-09-22T13:00:00Z,09/22 22:00,0.0,0.0
大阪,39.0,2026-09-22T14:00:00Z,09/22 23:00,0.0,0.0
大阪,40.0,2026-09-22T15:00:00Z,09/23 00:00,0.0,0.0
大阪,41.0,2026-09-22T16:00:00Z,09/23 01:00,0.0,0.0
大阪,42.0,2026-09-22T17:00:00Z,09/23 02:00,0.0,0.0
大阪,43.0,2026-09-22T18:00:00Z,09/23 03:00,0.0,0.0
大阪,44.0,2026-09-22T19:00:00Z,09/23 04:00,0.0,0.0
大阪,45.0,2026-09-22T20:00:00Z,09/23 05:00,0.0,0.0
大阪,46.0,2026-09-22T21:00:00Z,09/23 06:00,0.0,0.0
大阪,47.0,2026-09-22T22:00:00Z,09/23 07:00,0.0,0.0
大阪,48.0,2026-09-22T23:00:00Z,09/23 08:00,0.0,0.0
大阪,49.0,2026-09-23T00:00:00Z,09/23 09:00,0.0,0.0
大阪,50.0,2026-09-23T01:00:00Z,09/23 10:00,0.0,0.0
大阪,51.0,2026-09-23T02:00:00Z,09/23 11:00,0.0,0.0
大阪,52.0,2026-09-23T03:00:00Z,09/23 12:00,0.0,0.0
大阪,53.0,2026-09-23T04:00:00Z,09/23 13:00,0.0,0.0
大阪,54.0,2026-09-23T05:00:00Z,09/23 14:00,0.0,0.0
大阪,55.0,2026-09-23T06:00:00Z,09/23 15:00,0.0,0.0
大阪,56.0,2026-09-23T07:00:00Z,09/23 16:00,0.0,0.0
大阪,57.0,2026-09-23T08:00:00Z,09/23 17:00,0.0,0.0
大阪,58.0,2026-09-23T09:00:00Z,09/23 18:00,0.0,0.0
大阪,59.0,2026-09-23T10:00:00Z,09/23 19:00,0.0,0.0
大阪,60.0,2026-09-23T11:00:00Z,09/23 20:00,0.0,0.0
大阪,61.0,2026-09-23T12:00:00Z,09/23 21:00,0.0,0.0
大阪,62.0,2026-09-23T13:00:00Z,09/23 22:00,0.0,0.0
大阪,63.0,2026-09-23T14:00:00Z,09/23 23:00,0.0,0.0
大阪,64.0,2026-09-23T15:00:00Z,09/24 00:00,0.0,0.0
大阪,65.0,2026-09-23T16:00:00Z,09/24 01:00,0.0,0.0
大阪,66.0,2026-09-23T17:00:00Z,09/24 02:00,0.0,0.0
大阪,67.0,2026-09-23T18:00:00Z,09/24 03:00,0.0,0.0
大阪,68.0,2026-09-23T19:00:00Z,09/24 04:00,0.0,0.0
大阪,69.0,2026-09-23T20:00:00Z,09/24 05:00,0.0,0.0
大阪,70.0,2026-09-23T21:00:00Z,09/24 06:00,0.0,0.0
大阪,71.0,2026-09-23T22:00:00Z,09/24 07:00,0.0,0.0
大阪,72.0,2026-09-23T23:00:00Z,09/24 08:00,0.0,0.0
宮古,0.0,2026-09-20T23:00:00Z,09/21 08:00,1.15,3.46
宮古,1.0,2026-09-21T00:00:00Z,09/21 09:00,0.32,0.96
宮古,2.0,2026-09-21T01:00:00Z,09/21 10:00,0.42,1.27
宮古,3.0,2026-09-21T02:00:00Z,09/21 11:00,0.47,1.43
宮古,4.0,2026-09-21T03:00:00Z,09/21 12:00,1.12,3.38
宮古,5.0,2026-09-21T04:00:00Z,09/21 13:00,1.12,3.36
宮古,6.0,2026-09-21T05:00:00Z,09/21 14:00,1.22,3.66
宮古,7.0,2026-09-21T06:00:00Z,09/21 15:00,0.87,2.62
宮古,8.0,2026-09-21T07:00:00Z,09/21 16:00,0.86,2.6
宮古,9.0,2026-09-21T08:00:00Z,09/21 17:00,0.94,2.83
宮古,10.0,2026-09-21T09:00:00Z,09/21 18:00,1.16,3.5
宮古,11.0,2026-09-21T10:00:00Z,09/21 19:00,1.16,3.48
宮古,12.0,2026-09-21T11:00:00Z,09/21 20:00,1.2,3.62
宮古,13.0,2026-09-21T12:00:00Z,09/21 21:00,1.28,3.84
宮古,14.0,2026-09-21T13:00:00Z,09/21 22:00,1.19,3.59
宮古,15.0,2026-09-21T14:00:00Z,09/21 23:00,1.18,3.56
宮古,16.0,2026-09-21T15:00:00Z,09/22 00:00,1.21,3.63
宮古,17.0,2026-09-21T16:00:00Z,09/22 01:00,1.02,3.09
宮古,18.0,2026-09-21T17:00:00Z,09/22 02:00,0.92,2.78
宮古,19.0,2026-09-21T18:00:00Z,09/22 03:00,0.8,2.41
宮古,20.0,2026-09-21T19:00:00Z,09/22 04:00,0.59,1.78
宮古,21.0,2026-09-21T20:00:00Z,09/22 05:00,0.5,1.5
宮古,22.0,2026-09-21T21:00:00Z,09/22 06:00,0.42,1.25
宮古,23.0,2026-09-21T22:00:00Z,09/22 07:00,0.28,0.85
宮古,24.0,2026-09-21T23:00:00Z,09/22 08:00,0.22,0.67
宮古,25.0,2026-09-22T00:00:00Z,09/22 09:00,0.17,0.51
宮古,26.0,2026-09-22T01:00:00Z,09/22 10:00,0.12,0.37
宮古,27.0,2026-09-22T02:00:00Z,09/22 11:00,0.1,0.29
宮古,28.0,2026-09-22T03:00:00Z,09/22 12:00,0.07,0.22
宮古,29.0,2026-09-22T04:00:00Z,09/22 13:00,0.06,0.17
宮古,30.0,2026-09-22T05:00:00Z,09/22 14:00,0.04,0.13
宮古,31.0,2026-09-22T06:00:00Z,09/22 15:00,0.03,0.1
宮古,32.0,2026-09-22T07:00:00Z,09/22 16:00,0.02,0.08
宮古,33.0,2026-09-22T08:00:00Z,09/22 17:00,0.02,0.06
宮古,34.0,2026-09-22T09:00:00Z,09/22 18:00,0.01,0.04
宮古,35.0,2026-09-22T10:00:00Z,09/22 19:00,0.01,0.03
宮古,36.0,2026-09-22T11:00:00Z,09/22 20:00,0.01,0.03
宮古,37.0,2026-09-22T12:00:00Z,09/22 21:00,0.01,0.02
宮古,38.0,2026-09-22T13:00:00Z,09/22 22:00,0.0,0.01
宮古,39.0,2026-09-22T14:00:00Z,09/22 23:00,0.0,0.01
宮古,40.0,2026-09-22T15:00:00Z,09/23 00:00,0.0,0.01
宮古,41.0,2026-09-22T16:00:00Z,09/23 01:00,0.0,0.01
宮古,42.0,2026-09-22T17:00:00Z,09/23 02:00,0.0,0.01
宮古,43.0,2026-09-22T18:00:00Z,09/23 03:00,0.0,0.0
宮古,44.0,2026-09-22T19:00:00Z,09/23 04:00,0.0,0.0
宮古,45.0,2026-09-22T20:00:00Z,09/23 05:00,0.0,0.0
宮古,46.0,2026-09-22T21:00:00Z,09/23 06:00,0.0,0.0
宮古,47.0,2026-09-22T22:00:00Z,09/23 07:00,0.0,0.0
宮古,48.0,2026-09-22T23:00:00Z,09/23 08:00,0.0,0.0
宮古,49.0,2026-09-23T00:00:00Z,09/23 09:00,0.0,0.0
宮古,50.0,2026-09-23T01:00:00Z,09/23 10:00,0.0,0.0
宮古,51.0,2026-09-23T02:00:00Z,09/23 11:00,0.0,0.0
宮古,52.0,2026-09-23T03:00:00Z,09/23 12:00,0.0,0.0
宮古,53.0,2026-09-23T04:00:00Z,09/23 13:00,0.0,0.0
宮古,54.0,2026-09-23T05:00:00Z,09/23 14:00,0.0,0.0
宮古,55.0,2026-09-23T06:00:00Z,09/23 15:00,0.0,0.0
宮古,56.0,2026-09-23T07:00:00Z,09/23 16:00,0.0,0.0
宮古,57.0,2026-09-23T08:00:00Z,09/23 17:00,0.0,0.0
宮古,58.0,2026-09-23T09:00:00Z,09/23 18:00,0.0,0.0
宮古,59.0,2026-09-23T10:00:00Z,09/23 19:00,0.0,0.0
宮古,60.0,2026-09-23T11:00:00Z,09/23 20:00,0.0,0.0
宮古,61.0,2026-09-23T12:00:00Z,09/23 21:00,0.0,0.0
宮古,62.0,2026-09-23T13:00:00Z,09/23 22:00,0.0,0.0
宮古,63.0,2026-09-23T14:00:00Z,09/23 23:00,0.0,0.0
宮古,64.0,2026-09-23T15:00:00Z,09/24 00:00,0.0,0.0
宮古,65.0,2026-09-23T16:00:00Z,09/24 01:00,0.0,0.0
宮古,66.0,2026-09-23T17:00:00Z,09/24 02:00,0.0,0.0
宮古,67.0,2026-09-23T18:00:00Z,09/24 03:00,0.0,0.0
宮古,68.0,2026-09-23T19:00:00Z,09/24 04:00,0.0,0.0
宮古,69.0,2026-09-23T20:00:00Z,09/24 05:00,0.0,0.0
宮古,70.0,2026-09-23T21:00:00Z,09/24 06:00,0.0,0.0
宮古,71.0,2026-09-23T22:00:00Z,09/24 07:00,0.0,0.0
宮古,72.0,2026-09-23T23:00:00Z,09/24 08:00,0.0,0.0
東京,0.0,2026-09-20T23:00:00Z,09/21 08:00,8.85,29.89
東京,1.0,2026-09-21T00:00:00Z,09/21 09:00,5.0,16.89
東京,2.0,2026-09-21T01:00:00Z,09/21 10:00,4.99,16.86
東京,3.0,2026-09-21T02:00:00Z,09/21 11:00,4.98,16.83
東京,4.0,2026-09-21T03:00:00Z,09/21 12:00,4.78,16.15
東京,5.0,2026-09-21T04:00:00Z,09/21 13:00,3.99,13.47
東京,6.0,2026-09-21T05:00:00Z,09/21 14:00,3.69,12.47
東京,7.0,2026-09-21T06:00:00Z,09/21 15:00,3.39,11.44
東京,8.0,2026-09-21T07:00:00Z,09/21 16:00,2.72,9.18
東京,9.0,2026-09-21T08:00:00Z,09/21 17:00,2.39,8.07
東京,10.0,2026-09-21T09:00:00Z,09/21 18:00,2.02,6.81
東京,11.0,2026-09-21T10:00:00Z,09/21 19:00,1.62,5.47
東京,12.0,2026-09-21T11:00:00Z,09/21 20:00,1.34,4.52
東京,13.0,2026-09-21T12:00:00Z,09/21 21:00,1.09,3.68
東京,14.0,2026-09-21T13:00:00Z,09/21 22:00,0.85,2.89
東京,15.0,2026-09-21T14:00:00Z,09/21 23:00,0.7,2.36
東京,16.0,2026-09-21T15:00:00Z,09/22 00:00,0.58,1.96
東京,17.0,2026-09-21T16:00:00Z,09/22 01:00,0.45,1.54
東京,18.0,2026-09-21T17:00:00Z,09/22 02:00,0.37,1.24
東京,19.0,2026-09-21T18:00:00Z,09/22 03:00,0.29,0.98
東京,20.0,2026-09-21T19:00:00Z,09/22 04:00,0.22,0.74
東京,21.0,2026-09-21T20:00:00Z,09/22 05:00,0.17,0.59
東京,22.0,2026-09-21T21:00:00Z,09/22 06:00,0.14,0.49
東京,23.0,2026-09-21T22:00:00Z,09/22 07:00,0.11,0.36
東京,24.0,2026-09-21T23:00:00Z,09/22 08:00,0.08,0.27
東京,25.0,2026-09-22T00:00:00Z,09/22 09:00,0.06,0.21
東京,26.0,2026-09-22T01:00:00Z,09/22 10:00,0.05,0.15
東京,27.0,2026-09-22T02:00:00Z,09/22 11:00,0.03,0.11
東京,28.0,2026-09-22T03:00:00Z,09/22 12:00,0.03,0.09
東京,29.0,2026-09-22T04:00:00Z,09/22 13:00,0.02,0.06
東京,30.0,2026-09-22T05:00:00Z,09/22 14:00,0.01,0.05
東京,31.0,2026-09-22T06:00:00Z,09/22 15:00,0.01,0.04
東京,32.0,2026-09-22T07:00:00Z,09/22 16:00,0.01,0.03
東京,33.0,2026-09-22T08:00:00Z,09/22 17:00,0.01,0.02
東京,34.0,2026-09-22T09:00:00Z,09/22 18:00,0.0,0.01
東京,35.0,2026-09-22T10:00:00Z,09/22 19:00,0.0,0.01
東京,36.0,2026-09-22T11:00:00Z,09/22 20:00,0.0,0.01
東京,37.0,2026-09-22T12:00:00Z,09/22 21:00,0.0,0.01
東京,38.0,2026-09-22T13:00:00Z,09/22 22:00,0.0,0.0
東京,39.0,2026-09-22T14:00:00Z,09/22 23:00,0.0,0.0
東京,40.0,2026-09-22T15:00:00Z,09/23 00:00,0.0,0.0
東京,41.0,2026-09-22T16:00:00Z,09/23 01:00,0.0,0.0
東京,42.0,2026-09-22T17:00:00Z,09/23 02:00,0.0,0.0
東京,43.0,2026-09-22T18:00:00Z,09/23 03:00,0.0,0.0
東京,44.0,2026-09-22T19:00:00Z,09/23 04:00,0.0,0.0
東京,45.0,2026-09-22T20:00:00Z,09/23 05:00,0.0,0.0
東京,46.0,2026-09-22T21:00:00Z,09/23 06:00,0.0,0.0
東京,47.0,2026-09-22T22:00:00Z,09/23 07:00,0.0,0.0
東京,48.0,2026-09-22T23:00:00Z,09/23 08:00,0.0,0.0
東京,49.0,2026-09-23T00:00:00Z,09/23 09:00,0.0,0.0
東京,50.0,2026-09-23T01:00:00Z,09/23 10:00,0.0,0.0
東京,51.0,2026-09-23T02:00:00Z,09/23 11:00,0.0,0.0
東京,52.0,2026-09-23T03:00:00Z,09/23 12:00,0.0,0.0
東京,53.0,2026-09-23T04:00:00Z,09/23 13:00,0.0,0.0
東京,54.0,2026-09-23T05:00:00Z,09/23 14:00,0.0,0.0
東京,55.0,2026-09-23T06:00:00Z,09/23 15:00,0.0,0.0
東京,56.0,2026-09-23T07:00:00Z,09/23 16:00,0.0,0.0
東京,57.0,2026-09-23T08:00:00Z,09/23 17:00,0.0,0.0
東京,58.0,2026-09-23T09:00:00Z,09/23 18:00,0.0,0.0
東京,59.0,2026-09-23T10:00:00Z,09/23 19:00,0.0,0.0
東京,60.0,2026-09-23T11:00:00Z,09/23 20:00,0.0,0.0
東京,61.0,2026-09-23T12:00:00Z,09/23 21:00,0.0,0.0
東京,62.0,2026-09-23T13:00:00Z,09/23 22:00,0.0,0.0
東京,63.0,2026-09-23T14:00:00Z,09/23 23:00,0.0,0.0
東京,64.0,2026-09-23T15:00:00Z,09/24 00:00,0.0,0.0
東京,65.0,2026-09-23T16:00:00Z,09/24 01:00,0.0,0.0
東京,66.0,2026-09-23T17:00:00Z,09/24 02:00,0.0,0.0
東京,67.0,2026-09-23T18:00:00Z,09/24 03:00,0.0,0.0
東京,68.0,2026-09-23T19:00:00Z,09/24 04:00,0.0,0.0
東京,69.0,2026-09-23T20:00:00Z,09/24 05:00,0.0,0.0
東京,70.0,2026-09-23T21:00:00Z,09/24 06:00,0.0,0.0
東京,71.0,2026-09-23T22:00:00Z,09/24 07:00,0.0,0.0
東京,72.0,2026-09-23T23:00:00Z,09/24 08:00,0.0,0.0
横浜,0.0,2026-09-20T23:00:00Z,09/21 08:00,9.08,18.4
横浜,1.0,2026-09-21T00:00:00Z,09/21 09:00,5.95,12.06
横浜,2.0,2026-09-21T01:00:00Z,09/21 10:00,5.68,11.51
横浜,3.0,2026-09-21T02:00:00Z,09/21 11:00,5.51,11.17
横浜,4.0,2026-09-21T03:00:00Z,09/21 12:00,4.9,9.93
横浜,5.0,2026-09-21T04:00:00Z,09/21 13:00,4.09,8.3
横浜,6.0,2026-09-21T05:00:00Z,09/21 14:00,3.75,7.6
横浜,7.0,2026-09-21T06:00:00Z,09/21 15:00,3.46,7.01
横浜,8.0,2026-09-21T07:00:00Z,09/21 16:00,2.77,5.61
横浜,9.0,2026-09-21T08:00:00Z,09/21 17:00,2.4,4.87
横浜,10.0,2026-09-21T09:00:00Z,09/21 18:00,2.0,4.05
横浜,11.0,2026-09-21T10:00:00Z,09/21 19:00,1.59,3.23
横浜,12.0,2026-09-21T11:00:00Z,09/21 20:00,1.31,2.65
横浜,13.0,2026-09-21T12:00:00Z,09/21 21:00,1.06,2.15
横浜,14.0,2026-09-21T13:00:00Z,09/21 22:00,0.84,1.7
横浜,15.0,2026-09-21T14:00:00Z,09/21 23:00,0.69,1.4
横浜,16.0,2026-09-21T15:00:00Z,09/22 00:00,0.57,1.16
横浜,17.0,2026-09-21T16:00:00Z,09/22 01:00,0.45,0.92
横浜,18.0,2026-09-21T17:00:00Z,09/22 02:00,0.37,0.74
横浜,19.0,2026-09-21T18:00:00Z,09/22 03:00,0.29,0.58
横浜,20.0,2026-09-21T19:00:00Z,09/22 04:00,0.22,0.45
横浜,21.0,2026-09-21T20:00:00Z,09/22 05:00,0.17,0.35
横浜,22.0,2026-09-21T21:00:00Z,09/22 06:00,0.14,0.29
横浜,23.0,2026-09-21T22:00:00Z,09/22 07:00,0.11,0.22
横浜,24.0,2026-09-21T23:00:00Z,09/22 08:00,0.08,0.17
横浜,25.0,2026-09-22T00:00:00Z,09/22 09:00,0.06,0.12
横浜,26.0,2026-09-22T01:00:00Z,09/22 10:00,0.05,0.09
横浜,27.0,2026-09-22T02:00:00Z,09/22 11:00,0.03,0.07
横浜,28.0,2026-09-22T03:00:00Z,09/22 12:00,0.03,0.05
横浜,29.0,2026-09-22T04:00:00Z,09/22 13:00,0.02,0.04
横浜,30.0,2026-09-22T05:00:00Z,09/22 14:00,0.01,0.03
横浜,31.0,2026-09-22T06:00:00Z,09/22 15:00,0.01,0.02
横浜,32.0,2026-09-22T07:00:00Z,09/22 16:00,0.01,0.02
横浜,33.0,2026-09-22T08:00:00Z,09/22 17:00,0.01,0.01
横浜,34.0,2026-09-22T09:00:00Z,09/22 18:00,0.0,0.01
横浜,35.0,2026-09-22T10:00:00Z,09/22 19:00,0.0,0.01
横浜,36.0,2026-09-22T11:00:00Z,09/22 20:00,0.0,0.0
横浜,37.0,2026-09-22T12:00:00Z,09/22 21:00,0.0,0.0
横浜,38.0,2026-09-22T13:00:00Z,09/22 22:00,0.0,0.0
横浜,39.0,2026-09-22T14:00:00Z,09/22 23:00,0.0,0.0
横浜,40.0,2026-09-22T15:00:00Z,09/23 00:00,0.0,0.0
横浜,41.0,2026-09-22T16:00:00Z,09/23 01:00,0.0,0.0
横浜,42.0,2026-09-22T17:00:00Z,09/23 02:00,0.0,0.0
横浜,43.0,2026-09-22T18:00:00Z,09/23 03:00,0.0,0.0
横浜,44.0,2026-09-22T19:00:00Z,09/23 04:00,0.0,0.0
横浜,45.0,2026-09-22T20:00:00Z,09/23 05:00,0.0,0.0
横浜,46.0,2026-09-22T21:00:00Z,09/23 06:00,0.0,0.0
横浜,47.0,2026-09-22T22:00:00Z,09/23 07:00,0.0,0.0
横浜,48.0,2026-09-22T23:00:00Z,09/23 08:00,0.0,0.0
横浜,49.0,2026-09-23T00:00:00Z,09/23 09:00,0.0,0.0
横浜,50.0,2026-09-23T01:00:00Z,09/23 10:00,0.0,0.0
横浜,51.0,2026-09-23T02:00:00Z,09/23 11:00,0.0,0.0
横浜,52.0,2026-09-23T03:00:00Z,09/23 12:00,0.0,0.0
横浜,53.0,2026-09-23T04:00:00Z,09/23 13:00,0.0,0.0
横浜,54.0,2026-09-23T05:00:00Z,09/23 14:00,0.0,0.0
横浜,55.0,2026-09-23T06:00:00Z,09/23 15:00,0.0,0.0
横浜,56.0,2026-09-23T07:00:00Z,09/23 16:00,0.0,0.0
横浜,57.0,2026-09-23T08:00:00Z,09/23 17:00,0.0,0.0
横浜,58.0,2026-09-23T09:00:00Z,09/23 18:00,0.0,0.0
横浜,59.0,2026-09-23T10:00:00Z,09/23 19:00,0.0,0.0
横浜,60.0,2026-09-23T11:00:00Z,09/23 20:00,0.0,0.0
横浜,61.0,2026-09-23T12:00:00Z,09/23 21:00,0.0,0.0
横浜,62.0,2026-09-23T13:00:00Z,09/23 22:00,0.0,0.0
横浜,63.0,2026-09-23T14:00:00Z,09/23 23:00,0.0,0.0
横浜,64.0,2026-09-23T15:00:00Z,09/24 00:00,0.0,0.0
横浜,65.0,2026-09-23T16:00:00Z,09/24 01:00,0.0,0.0
横浜,66.0,2026-09-23T17:00:00Z,09/24 02:00,0.0,0.0
横浜,67.0,2026-09-23T18:00:00Z,09/24 03:00,0.0,0.0
横浜,68.0,2026-09-23T19:00:00Z,09/24 04:00,0.0,0.0
横浜,69.0,2026-09-23T20:00:00Z,09/24 05:00,0.0,0.0
横浜,70.0,2026-09-23T21:00:00Z,09/24 06:00,0.0,0.0
横浜,71.0,2026-09-23T22:00:00Z,09/24 07:00,0.0,0.0
横浜,72.0,2026-09-23T23:00:00Z,09/24 08:00,0.0,0.0
水戸,0.0,2026-09-20T23:00:00Z,09/21 08:00,7.06,19.13
水戸,1.0,2026-09-21T00:00:00Z,09/21 09:00,3.23,8.75
水戸,2.0,2026-09-21T01:00:00Z,09/21 10:00,3.74,10.14
水戸,3.0,2026-09-21T02:00:00Z,09/21 11:00,4.05,10.96
水戸,4.0,2026-09-21T03:00:00Z,09/21 12:00,5.26,14.25
水戸,5.0,2026-09-21T04:00:00Z,09/21 13:00,4.52,12.24
水戸,6.0,2026-09-21T05:00:00Z,09/21 14:00,4.39,11.9
水戸,7.0,2026-09-21T06:00:00Z,09/21 15:00,4.01,10.85
水戸,8.0,2026-09-21T07:00:00Z,09/21 16:00,3.32,9.0
水戸,9.0,2026-09-21T08:00:00Z,09/21 17:00,3.08,8.33
水戸,10.0,2026-09-21T09:00:00Z,09/21 18:00,2.74,7.41
水戸,11.0,2026-09-21T10:00:00Z,09/21 19:00,2.27,6.15
水戸,12.0,2026-09-21T11:00:00Z,09/21 20:00,1.95,5.29
水戸,13.0,2026-09-21T12:00:00Z,09/21 21:00,1.63,4.42
水戸,14.0,2026-09-21T13:00:00Z,09/21 22:00,1.28,3.47
水戸,15.0,2026-09-21T14:00:00Z,09/21 23:00,1.05,2.84
水戸,16.0,2026-09-21T15:00:00Z,09/22 00:00,0.84,2.28
水戸,17.0,2026-09-21T16:00:00Z,09/22 01:00,0.64,1.74
水戸,18.0,2026-09-21T17:00:00Z,09/22 02:00,0.52,1.4
水戸,19.0,2026-09-21T18:00:00Z,09/22 03:00,0.4,1.1
水戸,20.0,2026-09-21T19:00:00Z,09/22 04:00,0.3,0.82
水戸,21.0,2026-09-21T20:00:00Z,09/22 05:00,0.24,0.65
水戸,22.0,2026-09-21T21:00:00Z,09/22 06:00,0.2,0.53
水戸,23.0,2026-09-21T22:00:00Z,09/22 07:00,0.14,0.39
水戸,24.0,2026-09-21T23:00:00Z,09/22 08:00,0.11,0.3
水戸,25.0,2026-09-22T00:00:00Z,09/22 09:00,0.08,0.22
水戸,26.0,2026-09-22T01:00:00Z,09/22 10:00,0.06,0.17
水戸,27.0,2026-09-22T02:00:00Z,09/22 11:00,0.05,0.12
水戸,28.0,2026-09-22T03:00:00Z,09/22 12:00,0.03,0.09
水戸,29.0,2026-09-22T04:00:00Z,09/22 13:00,0.03,0.07
水戸,30.0,2026-09-22T05:00:00Z,09/22 14:00,0.02,0.05
水戸,31.0,2026-09-22T06:00:00Z,09/22 15:00,0.01,0.04
水戸,32.0,2026-09-22T07:00:00Z,09/22 16:00,0.01,0.03
水戸,33.0,2026-09-22T08:00:00Z,09/22 17:00,0.01,0.02
水戸,34.0,2026-09-22T09:00:00Z,09/22 18:00,0.01,0.02
水戸,35.0,2026-09-22T10:00:00Z,09/22 19:00,0.0,0.01
水戸,36.0,2026-09-22T11:00:00Z,09/22 20:00,0.0,0.01
水戸,37.0,2026-09-22T12:00:00Z,09/22 21:00,0.0,0.01
水戸,38.0,2026-09-22T13:00:00Z,09/22 22:00,0.0,0.01
水戸,39.0,2026-09-22T14:00:00Z,09/22 23:00,0.0,0.0
水戸,40.0,2026-09-22T15:00:00Z,09/23 00:00,0.0,0.0
水戸,41.0,2026-09-22T16:00:00Z,09/23 01:00,0.0,0.0
水戸,42.0,2026-09-22T17:00:00Z,09/23 02:00,0.0,0.0
水戸,43.0,2026-09-22T18:00:00Z,09/23 03:00,0.0,0.0
水戸,44.0,2026-09-22T19:00:00Z,09/23 04:00,0.0,0.0
水戸,45.0,2026-09-22T20:00:00Z,09/23 05:00,0.0,0.0
水戸,46.0,2026-09-22T21:00:00Z,09/23 06:00,0.0,0.0
水戸,47.0,2026-09-22T22:00:00Z,09/23 07:00,0.0,0.0
水戸,48.0,2026-09-22T23:00:00Z,09/23 08:00,0.0,0.0
水戸,49.0,2026-09-23T00:00:00Z,09/23 09:00,0.0,0.0
水戸,50.0,2026-09-23T01:00:00Z,09/23 10:00,0.0,0.0
水戸,51.0,2026-09-23T02:00:00Z,09/23 11:00,0.0,0.0
水戸,52.0,2026-09-23T03:00:00Z,09/23 12:00,0.0,0.0
水戸,53.0,2026-09-23T04:00:00Z,09/23 13:00,0.0,0.0
水戸,54.0,2026-09-23T05:00:00Z,09/23 14:00,0.0,0.0
水戸,55.0,2026-09-23T06:00:00Z,09/23 15:00,0.0,0.0
水戸,56.0,2026-09-23T07:00:00Z,09/23 16:00,0.0,0.0
水戸,57.0,2026-09-23T08:00:00Z,09/23 17:00,0.0,0.0
水戸,58.0,2026-09-23T09:00:00Z,09/23 18:00,0.0,0.0
水戸,59.0,2026-09-23T10:00:00Z,09/23 19:00,0.0,0.0
水戸,60.0,2026-09-23T11:00:00Z,09/23 20:00,0.0,0.0
水戸,61.0,2026-09-23T12:00:00Z,09/23 21:00,0.0,0.0
水戸,62.0,2026-09-23T13:00:00Z,09/23 22:00,0.0,0.0
水戸,63.0,2026-09-23T14:00:00Z,09/23 23:00,0.0,0.0
水戸,64.0,2026-09-23T15:00:00Z,09/24 00:00,0.0,0.0
水戸,65.0,2026-09-23T16:00:00Z,09/24 01:00,0.0,0.0
水戸,66.0,2026-09-23T17:00:00Z,09/24 02:00,0.0,0.0
水戸,67.0,2026-09-23T18:00:00Z,09/24 03:00,0.0,0.0
水戸,68.0,2026-09-23T19:00:00Z,09/24 04:00,0.0,0.0
水戸,69.0,2026-09-23T20:00:00Z,09/24 05:00,0.0,0.0
水戸,70.0,2026-09-23T21:00:00Z,09/24 06:00,0.0,0.0
水戸,71.0,2026-09-23T22:00:00Z,09/24 07:00,0.0,0.0
水戸,72.0,2026-09-23T23:00:00Z,09/24 08:00,0.0,0.0
甲府,0.0,2026-09-20T23:00:00Z,09/21 08:00,6.55,21.32
甲府,1.0,2026-09-21T00:00:00Z,09/21 09:00,3.89,12.68
甲府,2.0,2026-09-21T01:00:00Z,09/21 10:00,3.56,11.6
甲府,3.0,2026-09-21T02:00:00Z,09/21 11:00,3.42,11.15
甲府,4.0,2026-09-21T03:00:00Z,09/21 12:00,3.43,11.17
甲府,5.0,2026-09-21T04:00:00Z,09/21 13:00,2.86,9.32
甲府,6.0,2026-09-21T05:00:00Z,09/21 14:00,2.65,8.62
甲府,7.0,2026-09-21T06:00:00Z,09/21 15:00,2.1,6.85
甲府,8.0,2026-09-21T07:00:00Z,09/21 16:00,1.66,5.4
甲府,9.0,2026-09-21T08:00:00Z,09/21 17:00,1.44,4.69
甲府,10.0,2026-09-21T09:00:00Z,09/21 18:00,1.24,4.05
甲府,11.0,2026-09-21T10:00:00Z,09/21 19:00,1.0,3.25
甲府,12.0,2026-09-21T11:00:00Z,09/21 20:00,0.84,2.73
甲府,13.0,2026-09-21T12:00:00Z,09/21 21:00,0.71,2.3
甲府,14.0,2026-09-21T13:00:00Z,09/21 22:00,0.57,1.84
甲府,15.0,2026-09-21T14:00:00Z,09/21 23:00,0.47,1.53
甲府,16.0,2026-09-21T15:00:00Z,09/22 00:00,0.4,1.32
甲府,17.0,2026-09-21T16:00:00Z,09/22 01:00,0.32,1.04
甲府,18.0,2026-09-21T17:00:00Z,09/22 02:00,0.26,0.84
甲府,19.0,2026-09-21T18:00:00Z,09/22 03:00,0.2,0.66
甲府,20.0,2026-09-21T19:00:00Z,09/22 04:00,0.15,0.5
甲府,21.0,2026-09-21T20:00:00Z,09/22 05:00,0.12,0.4
甲府,22.0,2026-09-21T21:00:00Z,09/22 06:00,0.1,0.34
甲府,23.0,2026-09-21T22:00:00Z,09/22 07:00,0.08,0.25
甲府,24.0,2026-09-21T23:00:00Z,09/22 08:00,0.06,0.19
甲府,25.0,2026-09-22T00:00:00Z,09/22 09:00,0.04,0.14
甲府,26.0,2026-09-22T01:00:00Z,09/22 10:00,0.03,0.11
甲府,27.0,2026-09-22T02:00:00Z,09/22 11:00,0.02,0.08
甲府,28.0,2026-09-22T03:00:00Z,09/22 12:00,0.02,0.06
甲府,29.0,2026-09-22T04:00:00Z,09/22 13:00,0.01,0.04
甲府,30.0,2026-09-22T05:00:00Z,09/22 14:00,0.01,0.03
甲府,31.0,2026-09-22T06:00:00Z,09/22 15:00,0.01,0.02
甲府,32.0,2026-09-22T07:00:00Z,09/22 16:00,0.01,0.02
甲府,33.0,2026-09-22T08:00:00Z,09/22 17:00,0.0,0.01
甲府,34.0,2026-09-22T09:00:00Z,09/22 18:00,0.0,0.01
甲府,35.0,2026-09-22T10:00:00Z,09/22 19:00,0.0,0.01
甲府,36.0,2026-09-22T11:00:00Z,09/22 20:00,0.0,0.01
甲府,37.0,2026-09-22T12:00:00Z,09/22 21:00,0.0,0.0
甲府,38.0,2026-09-22T13:00:00Z,09/22 22:00,0.0,0.0
甲府,39.0,2026-09-22T14:00:00Z,09/22 23:00,0.0,0.0
甲府,40.0,2026-09-22T15:00:00Z,09/23 00:00,0.0,0.0
甲府,41.0,2026-09-22T16:00:00Z,09/23 01:00,0.0,0.0
甲府,42.0,2026-09-22T17:00:00Z,09/23 02:00,0.0,0.0
甲府,43.0,2026-09-22T18:00:00Z,09/23 03:00,0.0,0.0
甲府,44.0,2026-09-22T19:00:00Z,09/23 04:00,0.0,0.0
甲府,45.0,2026-09-22T20:00:00Z,09/23 05:00,0.0,0.0
甲府,46.0,2026-09-22T21:00:00Z,09/23 06:00,0.0,0.0
甲府,47.0,2026-09-22T22:00:00Z,09/23 07:00,0.0,0.0
甲府,48.0,2026-09-22T23:00:00Z,09/23 08:00,0.0,0.0
甲府,49.0,2026-09-23T00:00:00Z,09/23 09:00,0.0,0.0
甲府,50.0,2026-09-23T01:00:00Z,09/23 10:00,0.0,0.0
甲府,51.0,2026-09-23T02:00:00Z,09/23 11:00,0.0,0.0
甲府,52.0,2026-09-23T03:00:00Z,09/23 12:00,0.0,0.0
甲府,53.0,2026-09-23T04:00:00Z,09/23 13:00,0.0,0.0
甲府,54.0,2026-09-23T05:00:00Z,09/23 14:00,0.0,0.0
甲府,55.0,2026-09-23T06:00:00Z,09/23 15:00,0.0,0.0
甲府,56.0,2026-09-23T07:00:00Z,09/23 16:00,0.0,0.0
甲府,57.0,2026-09-23T08:00:00Z,09/23 17:00,0.0,0.0
甲府,58.0,2026-09-23T09:00:00Z,09/23 18:00,0.0,0.0
甲府,59.0,2026-09-23T10:00:00Z,09/23 19:00,0.0,0.0
甲府,60.0,2026-09-23T11:00:00Z,09/23 20:00,0.0,0.0
甲府,61.0,2026-09-23T12:00:00Z,09/23 21:00,0.0,0.0
甲府,62.0,2026-09-23T13:00:00Z,09/23 22:00,0.0,0.0
甲府,63.0,2026-09-23T14:00:00Z,09/23 23:00,0.0,0.0
甲府,64.0,2026-09-23T15:00:00Z,09/24 00:00,0.0,0.0
甲府,65.0,2026-09-23T16:00:00Z,09/24 01:00,0.0,0.0
甲府,66.0,2026-09-23T17:00:00Z,09/24 02:00,0.0,0.0
甲府,67.0,2026-09-23T18:00:00Z,09/24 03:00,0.0,0.0
甲府,68.0,2026-09-23T19:00:00Z,09/24 04:00,0.0,0.0
甲府,69.0,2026-09-23T20:00:00Z,09/24 05:00,0.0,0.0
甲府,70.0,2026-09-23T21:00:00Z,09/24 06:00,0.0,0.0
甲府,71.0,2026-09-23T22:00:00Z,09/24 07:00,0.0,0.0
甲府,72.0,2026-09-23T23:00:00Z,09/24 08:00,0.0,0.0
銚子,0.0,2026-09-20T23:00:00Z,09/21 08:00,8.05,28.31
銚子,1.0,2026-09-21T00:00:00Z,09/21 09:00,4.46,15.69
銚子,2.0,2026-09-21T01:00:00Z,09/21 10:00,5.5,19.33
銚子,3.0,2026-09-21T02:00:00Z,09/21 11:00,6.04,21.24
銚子,4.0,2026-09-21T03:00:00Z,09/21 12:00,6.76,23.78
銚子,5.0,2026-09-21T04:00:00Z,09/21 13:00,5.65,19.87
銚子,6.0,2026-09-21T05:00:00Z,09/21 14:00,5.26,18.49
銚子,7.0,2026-09-21T06:00:00Z,09/21 15:00,4.99,17.53
銚子,8.0,2026-09-21T07:00:00Z,09/21 16:00,4.06,14.27
銚子,9.0,2026-09-21T08:00:00Z,09/21 17:00,3.6,12.66
銚子,10.0,2026-09-21T09:00:00Z,09/21 18:00,3.01,10.58
銚子,11.0,2026-09-21T10:00:00Z,09/21 19:00,2.49,8.75
銚子,12.0,2026-09-21T11:00:00Z,09/21 20:00,2.11,7.4
銚子,13.0,2026-09-21T12:00:00Z,09/21 21:00,1.72,6.04
銚子,14.0,2026-09-21T13:00:00Z,09/21 22:00,1.34,4.73
銚子,15.0,2026-09-21T14:00:00Z,09/21 23:00,1.07,3.77
銚子,16.0,2026-09-21T15:00:00Z,09/22 00:00,0.85,2.98
銚子,17.0,2026-09-21T16:00:00Z,09/22 01:00,0.66,2.32
銚子,18.0,2026-09-21T17:00:00Z,09/22 02:00,0.53,1.86
銚子,19.0,2026-09-21T18:00:00Z,09/22 03:00,0.41,1.46
銚子,20.0,2026-09-21T19:00:00Z,09/22 04:00,0.32,1.12
銚子,21.0,2026-09-21T20:00:00Z,09/22 05:00,0.25,0.88
銚子,22.0,2026-09-21T21:00:00Z,09/22 06:00,0.2,0.72
銚子,23.0,2026-09-21T22:00:00Z,09/22 07:00,0.15,0.53
銚子,24.0,2026-09-21T23:00:00Z,09/22 08:00,0.12,0.41
銚子,25.0,2026-09-22T00:00:00Z,09/22 09:00,0.09,0.3
銚子,26.0,2026-09-22T01:00:00Z,09/22 10:00,0.06,0.23
銚子,27.0,2026-09-22T02:00:00Z,09/22 11:00,0.05,0.17
銚子,28.0,2026-09-22T03:00:00Z,09/22 12:00,0.04,0.13
銚子,29.0,2026-09-22T04:00:00Z,09/22 13:00,0.03,0.09
銚子,30.0,2026-09-22T05:00:00Z,09/22 14:00,0.02,0.07
銚子,31.0,2026-09-22T06:00:00Z,09/22 15:00,0.02,0.05
銚子,32.0,2026-09-22T07:00:00Z,09/22 16:00,0.01,0.04
銚子,33.0,2026-09-22T08:00:00Z,09/22 17:00,0.01,0.03
銚子,34.0,2026-09-22T09:00:00Z,09/22 18:00,0.01,0.02
銚子,35.0,2026-09-22T10:00:00Z,09/22 19:00,0.0,0.02
銚子,36.0,2026-09-22T11:00:00Z,09/22 20:00,0.0,0.01
銚子,37.0,2026-09-22T12:00:00Z,09/22 21:00,0.0,0.01
銚子,38.0,2026-09-22T13:00:00Z,09/22 22:00,0.0,0.01
銚子,39.0,2026-09-22T14:00:00Z,09/22 23:00,0.0,0.01
銚子,40.0,2026-09-22T15:00:00Z,09/23 00:00,0.0,0.0
銚子,41.0,2026-09-22T16:00:00Z,09/23 01:00,0.0,0.0
銚子,42.0,2026-09-22T17:00:00Z,09/23 02:00,0.0,0.0
銚子,43.0,2026-09-22T18:00:00Z,09/23 03:00,0.0,0.0
銚子,44.0,2026-09-22T19:00:00Z,09/23 04:00,0.0,0.0
銚子,45.0,2026-09-22T20:00:00Z,09/23 05:00,0.0,0.0
銚子,46.0,2026-09-22T21:00:00Z,09/23 06:00,0.0,0.0
銚子,47.0,2026-09-22T22:00:00Z,09/23 07:00,0.0,0.0
銚子,48.0,2026-09-22T23:00:00Z,09/23 08:00,0.0,0.0
銚子,49.0,2026-09-23T00:00:00Z,09/23 09:00,0.0,0.0
銚子,50.0,2026-09-23T01:00:00Z,09/23 10:00,0.0,0.0
銚子,51.0,2026-09-23T02:00:00Z,09/23 11:00,0.0,0.0
銚子,52.0,2026-09-23T03:00:00Z,09/23 12:00,0.0,0.0
銚子,53.0,2026-09-23T04:00:00Z,09/23 13:00,0.0,0.0
銚子,54.0,2026-09-23T05:00:00Z,09/23 14:00,0.0,0.0
銚子,55.0,2026-09-23T06:00:00Z,09/23 15:00,0.0,0.0
銚子,56.0,2026-09-23T07:00:00Z,09/23 16:00,0.0,0.0
銚子,57.0,2026-09-23T08:00:00Z,09/23 17:00,0.0,0.0
銚子,58.0,2026-09-23T09:00:00Z,09/23 18:00,0.0,0.0
銚子,59.0,2026-09-23T10:00:00Z,09/23 19:00,0.0,0.0
銚子,60.0,2026-09-23T11:00:00Z,09/23 20:00,0.0,0.0
銚子,61.0,2026-09-23T12:00:00Z,09/23 21:00,0.0,0.0
銚子,62.0,2026-09-23T13:00:00Z,09/23 22:00,0.0,0.0
銚子,63.0,2026-09-23T14:00:00Z,09/23 23:00,0.0,0.0
銚子,64.0,2026-09-23T15:00:00Z,09/24 00:00,0.0,0.0
銚子,65.0,2026-09-23T16:00:00Z,09/24 01:00,0.0,0.0
銚子,66.0,2026-09-23T17:00:00Z,09/24 02:00,0.0,0.0
銚子,67.0,2026-09-23T18:00:00Z,09/24 03:00,0.0,0.0
銚子,68.0,2026-09-23T19:00:00Z,09/24 04:00,0.0,0.0
銚子,69.0,2026-09-23T20:00:00Z,09/24 05:00,0.0,0.0
銚子,70.0,2026-09-23T21:00:00Z,09/24 06:00,0.0,0.0
銚子,71.0,2026-09-23T22:00:00Z,09/24 07:00,0.0,0.0
銚子,72.0,2026-09-23T23:00:00Z,09/24 08:00,0.0,0.0
静岡,0.0,2026-09-20T23:00:00Z,09/21 08:00,5.54,15.43
静岡,1.0,2026-09-21T00:00:00Z,09/21 09:00,3.9,10.84
静岡,2.0,2026-09-21T01:00:00Z,09/21 10:00,3.43,9.56
静岡,3.0,2026-09-21T02:00:00Z,09/21 11:00,3.17,8.83
静岡,4.0,2026-09-21T03:00:00Z,09/21 12:00,2.89,8.05
静岡,5.0,2026-09-21T04:00:00Z,09/21 13:00,2.42,6.75
静岡,6.0,2026-09-21T05:00:00Z,09/21 14:00,2.2,6.13
静岡,7.0,2026-09-21T06:00:00Z,09/21 15:00,1.77,4.92
静岡,8.0,2026-09-21T07:00:00Z,09/21 16:00,1.38,3.85
静岡,9.0,2026-09-21T08:00:00Z,09/21 17:00,1.17,3.26
静岡,10.0,2026-09-21T09:00:00Z,09/21 18:00,1.0,2.77
静岡,11.0,2026-09-21T10:00:00Z,09/21 19:00,0.8,2.24
静岡,12.0,2026-09-21T11:00:00Z,09/21 20:00,0.67,1.88
静岡,13.0,2026-09-21T12:00:00Z,09/21 21:00,0.57,1.58
静岡,14.0,2026-09-21T13:00:00Z,09/21 22:00,0.46,1.28
静岡,15.0,2026-09-21T14:00:00Z,09/21 23:00,0.38,1.06
静岡,16.0,2026-09-21T15:00:00Z,09/22 00:00,0.33,0.92
静岡,17.0,2026-09-21T16:00:00Z,09/22 01:00,0.26,0.73
静岡,18.0,2026-09-21T17:00:00Z,09/22 02:00,0.21,0.59
静岡,19.0,2026-09-21T18:00:00Z,09/22 03:00,0.17,0.46
静岡,20.0,2026-09-21T19:00:00Z,09/22 04:00,0.13,0.35
静岡,21.0,2026-09-21T20:00:00Z,09/22 05:00,0.1,0.28
静岡,22.0,2026-09-21T21:00:00Z,09/22 06:00,0.09,0.24
静岡,23.0,2026-09-21T22:00:00Z,09/22 07:00,0.06,0.18
静岡,24.0,2026-09-21T23:00:00Z,09/22 08:00,0.05,0.13
静岡,25.0,2026-09-22T00:00:00Z,09/22 09:00,0.04,0.1
静岡,26.0,2026-09-22T01:00:00Z,09/22 10:00,0.03,0.07
静岡,27.0,2026-09-22T02:00:00Z,09/22 11:00,0.02,0.06
静岡,28.0,2026-09-22T03:00:00Z,09/22 12:00,0.01,0.04
静岡,29.0,2026-09-22T04:00:00Z,09/22 13:00,0.01,0.03
静岡,30.0,2026-09-22T05:00:00Z,09/22 14:00,0.01,0.02
静岡,31.0,2026-09-22T06:00:00Z,09/22 15:00,0.01,0.02
静岡,32.0,2026-09-22T07:00:00Z,09/22 16:00,0.0,0.01
静岡,33.0,2026-09-22T08:00:00Z,09/22 17:00,0.0,0.01
静岡,34.0,2026-09-22T09:00:00Z,09/22 18:00,0.0,0.01
静岡,35.0,2026-09-22T10:00:00Z,09/22 19:00,0.0,0.01
静岡,36.0,2026-09-22T11:00:00Z,09/22 20:00,0.0,0.0
静岡,37.0,2026-09-22T12:00:00Z,09/22 21:00,0.0,0.0
静岡,38.0,2026-09-22T13:00:00Z,09/22 22:00,0.0,0.0
静岡,39.0,2026-09-22T14:00:00Z,09/22 23:00,0.0,0.0
静岡,40.0,2026-09-22T15:00:00Z,09/23 00:00,0.0,0.0
静岡,41.0,2026-09-22T16:00:00Z,09/23 01:00,0.0,0.0
静岡,42.0,2026-09-22T17:00:00Z,09/23 02:00,0.0,0.0
静岡,43.0,2026-09-22T18:00:00Z,09/23 03:00,0.0,0.0
静岡,44.0,2026-09-22T19:00:00Z,09/23 04:00,0.0,0.0
静岡,45.0,2026-09-22T20:00:00Z,09/23 05:00,0.0,0.0
静岡,46.0,2026-09-22T21:00:00Z,09/23 06:00,0.0,0.0
静岡,47.0,2026-09-22T22:00:00Z,09/23 07:00,0.0,0.0
静岡,48.0,2026-09-22T23:00:00Z,09/23 08:00,0.0,0.0
静岡,49.0,2026-09-23T00:00:00Z,09/23 09:00,0.0,0.0
静岡,50.0,2026-09-23T01:00:00Z,09/23 10:00,0.0,0.0
静岡,51.0,2026-09-23T02:00:00Z,09/23 11:00,0.0,0.0
静岡,52.0,2026-09-23T03:00:00Z,09/23 12:00,0.0,0.0
静岡,53.0,2026-09-23T04:00:00Z,09/23 13:00,0.0,0.0
静岡,54.0,2026-09-23T05:00:00Z,09/23 14:00,0.0,0.0
静岡,55.0,2026-09-23T06:00:00Z,09/23 15:00,0.0,0.0
静岡,56.0,2026-09-23T07:00:00Z,09/23 16:00,0.0,0.0
静岡,57.0,2026-09-23T08:00:00Z,09/23 17:00,0.0,0.0
静岡,58.0,2026-09-23T09:00:00Z,09/23 18:00,0.0,0.0
静岡,59.0,2026-09-23T10:00:00Z,09/23 19:00,0.0,0.0
静岡,60.0,2026-09-23T11:00:00Z,09/23 20:00,0.0,0.0
静岡,61.0,2026-09-23T12:00:00Z,09/23 21:00,0.0,0.0
静岡,62.0,2026-09-23T13:00:00Z,09/23 22:00,0.0,0.0
静岡,63.0,2026-09-23T14:00:00Z,09/23 23:00,0.0,0.0
静岡,64.0,2026-09-23T15:00:00Z,09/24 00:00,0.0,0.0
静岡,65.0,2026-09-23T16:00:00Z,09/24 01:00,0.0,0.0
静岡,66.0,2026-09-23T17:00:00Z,09/24 02:00,0.0,0.0
静岡,67.0,2026-09-23T18:00:00Z,09/24 03:00,0.0,0.0
静岡,68.0,2026-09-23T19:00:00Z,09/24 04:00,0.0,0.0
静岡,69.0,2026-09-23T20:00:00Z,09/24 05:00,0.0,0.0
静岡,70.0,2026-09-23T21:00:00Z,09/24 06:00,0.0,0.0
静岡,71.0,2026-09-23T22:00:00Z,09/24 07:00,0.0,0.0
静岡,72.0,2026-09-23T23:00:00Z,09/24 08:00,0.0,0.0
高知,0.0,2026-09-20T23:00:00Z,09/21 08:00,0.21,0.68
高知,1.0,2026-09-21T00:00:00Z,09/21 09:00,0.21,0.7
高知,2.0,2026-09-21T01:00:00Z,09/21 10:00,0.15,0.48
高知,3.0,2026-09-21T02:00:00Z,09/21 11:00,0.13,0.44
高知,4.0,2026-09-21T03:00:00Z,09/21 12:00,0.19,0.61
高知,5.0,2026-09-21T04:00:00Z,09/21 13:00,0.16,0.51
高知,6.0,2026-09-21T05:00:00Z,09/21 14:00,0.14,0.46
高知,7.0,2026-09-21T06:00:00Z,09/21 15:00,0.07,0.23
高知,8.0,2026-09-21T07:00:00Z,09/21 16:00,0.06,0.18
高知,9.0,2026-09-21T08:00:00Z,09/21 17:00,0.05,0.16
高知,10.0,2026-09-21T09:00:00Z,09/21 18:00,0.05,0.16
高知,11.0,2026-09-21T10:00:00Z,09/21 19:00,0.04,0.13
高知,12.0,2026-09-21T11:00:00Z,09/21 20:00,0.03,0.11
高知,13.0,2026-09-21T12:00:00Z,09/21 21:00,0.03,0.1
高知,14.0,2026-09-21T13:00:00Z,09/21 22:00,0.02,0.08
高知,15.0,2026-09-21T14:00:00Z,09/21 23:00,0.02,0.07
高知,16.0,2026-09-21T15:00:00Z,09/22 00:00,0.02,0.06
高知,17.0,2026-09-21T16:00:00Z,09/22 01:00,0.02,0.05
高知,18.0,2026-09-21T17:00:00Z,09/22 02:00,0.01,0.04
高知,19.0,2026-09-21T18:00:00Z,09/22 03:00,0.01,0.03
高知,20.0,2026-09-21T19:00:00Z,09/22 04:00,0.01,0.02
高知,21.0,2026-09-21T20:00:00Z,09/22 05:00,0.01,0.02
高知,22.0,2026-09-21T21:00:00Z,09/22 06:00,0.01,0.02
高知,23.0,2026-09-21T22:00:00Z,09/22 07:00,0.0,0.01
高知,24.0,2026-09-21T23:00:00Z,09/22 08:00,0.0,0.01
高知,25.0,2026-09-22T00:00:00Z,09/22 09:00,0.0,0.01
高知,26.0,2026-09-22T01:00:00Z,09/22 10:00,0.0,0.01
高知,27.0,2026-09-22T02:00:00Z,09/22 11:00,0.0,0.0
高知,28.0,2026-09-22T03:00:00Z,09/22 12:00,0.0,0.0
高知,29.0,2026-09-22T04:00:00Z,09/22 13:00,0.0,0.0
高知,30.0,2026-09-22T05:00:00Z,09/22 14:00,0.0,0.0
高知,31.0,2026-09-22T06:00:00Z,09/22 15:00,0.0,0.0
高知,32.0,2026-09-22T07:00:00Z,09/22 16:00,0.0,0.0
高知,33.0,2026-09-22T08:00:00Z,09/22 17:00,0.0,0.0
高知,34.0,2026-09-22T09:00:00Z,09/22 18:00,0.0,0.0
高知,35.0,2026-09-22T10:00:00Z,09/22 19:00,0.0,0.0
高知,36.0,2026-09-22T11:00:00Z,09/22 20:00,0.0,0.0
高知,37.0,2026-09-22T12:00:00Z,09/22 21:00,0.0,0.0
高知,38.0,2026-09-22T13:00:00Z,09/22 22:00,0.0,0.0
高知,39.0,2026-09-22T14:00:00Z,09/22 23:00,0.0,0.0
高知,40.0,2026-09-22T15:00:00Z,09/23 00:00,0.0,0.0
高知,41.0,2026-09-22T16:00:00Z,09/23 01:00,0.0,0.0
高知,42.0,2026-09-22T17:00:00Z,09/23 02:00,0.0,0.0
高知,43.0,2026-09-22T18:00:00Z,09/23 03:00,0.0,0.0
高知,44.0,2026-09-22T19:00:00Z,09/23 04:00,0.0,0.0
高知,45.0,2026-09-22T20:00:00Z,09/23 05:00,0.0,0.0
高知,46.0,2026-09-22T21:00:00Z,09/23 06:00,0.0,0.0
高知,47.0,2026-09-22T22:00:00Z,09/23 07:00,0.0,0.0
高知,48.0,2026-09-22T23:00:00Z,09/23 08:00,0.0,0.0
高知,49.0,2026-09-23T00:00:00Z,09/23 09:00,0.0,0.0
高知,50.0,2026-09-23T01:00:00Z,09/23 10:00,0.0,0.0
高知,51.0,2026-09-23T02:00:00Z,09/23 11:00,0.0,0.0
高知,52.0,2026-09-23T03:00:00Z,09/23 12:00,0.0,0.0
高知,53.0,2026-09-23T04:00:00Z,09/23 13:00,0.0,0.0
高知,54.0,2026-09-23T05:00:00Z,09/23 14:00,0.0,0.0
高知,55.0,2026-09-23T06:00:00Z,09/23 15:00,0.0,0.0
高知,56.0,2026-09-23T07:00:00Z,09/23 16:00,0.0,0.0
高知,57.0,2026-09-23T08:00:00Z,09/23 17:00,0.0,0.0
高知,58.0,2026-09-23T09:00:00Z,09/23 18:00,0.0,0.0
高知,59.0,2026-09-23T10:00:00Z,09/23 19:00,0.0,0.0
高知,60.0,2026-09-23T11:00:00Z,09/23 20:00,0.0,0.0
高知,61.0,2026-09-23T12:00:00Z,09/23 21:00,0.0,0.0
高知,62.0,2026-09-23T13:00:00Z,09/23 22:00,0.0,0.0
高知,63.0,2026-09-23T14:00:00Z,09/23 23:00,0.0,0.0
高知,64.0,2026-09-23T15:00:00Z,09/24 00:00,0.0,0.0
高知,65.0,2026-09-23T16:00:00Z,09/24 01:00,0.0,0.0
高知,66.0,2026-09-23T17:00:00Z,09/24 02:00,0.0,0.0
高知,67.0,2026-09-23T18:00:00Z,09/24 03:00,0.0,0.0
高知,68.0,2026-09-23T19:00:00Z,09/24 04:00,0.0,0.0
高知,69.0,2026-09-23T20:00:00Z,09/24 05:00,0.0,0.0
高知,70.0,2026-09-23T21:00:00Z,09/24 06:00,0.0,0.0
高知,71.0,2026-09-23T22:00:00Z,09/24 07:00,0.0,0.0
高知,72.0,2026-09-23T23:00:00Z,09/24 08:00,0.0,0.0
