stamp_utc,stamp_jst,hour,station,area,obs_mm_h,model_mm_h,err_mm_h,source,dist_km,center_pres_hPa,obs_wind_m_s,model_wind_m_s,obs_wind_from_deg,model_wind_from_deg
2026-09-18T01:20:00Z,09/18 10:20,37.33,三宅島,130020,0.0,0.47,0.47,実況,1077.1,976.9,12.7,14.5,2.0,47.6
2026-09-18T01:20:00Z,09/18 10:20,37.33,仙台,040010,0.0,0.08,0.08,実況,1477.0,976.9,3.7,13.6,16.0,59.5
2026-09-18T01:20:00Z,09/18 10:20,37.33,八丈島,130030,0.0,0.74,0.74,実況,966.1,976.9,11.5,14.9,2.0,46.2
2026-09-18T01:20:00Z,09/18 10:20,37.33,千葉,120010,0.0,0.23,0.23,実況,1210.3,976.9,5.6,14.2,1.0,53.2
2026-09-18T01:20:00Z,09/18 10:20,37.33,大島,130020,0.0,0.41,0.41,実況,1146.4,976.9,9.0,14.3,1.0,48.4
2026-09-18T01:20:00Z,09/18 10:20,37.33,大阪,270000,0.0,0.25,0.25,実況,1327.1,976.9,3.2,13.7,3.0,34.3
2026-09-18T01:20:00Z,09/18 10:20,37.33,宮古,030020,0.0,0.05,0.05,実況,1613.4,976.9,3.9,13.3,1.0,63.9
2026-09-18T01:20:00Z,09/18 10:20,37.33,東京,130010,0.0,0.24,0.24,実況,1230.4,976.9,3.7,14.1,1.0,51.9
2026-09-18T01:20:00Z,09/18 10:20,37.33,横浜,140010,0.0,0.29,0.29,実況,1207.2,976.9,4.8,14.2,16.0,51.1
2026-09-18T01:20:00Z,09/18 10:20,37.33,水戸,080020,0.0,0.17,0.17,実況,1283.2,976.9,5.9,14.0,2.0,55.8
2026-09-18T01:20:00Z,09/18 10:20,37.33,甲府,,0.0,0.3,0.3,実況,1269.8,976.9,2.6,14.0,5.0,47.3
2026-09-18T01:20:00Z,09/18 10:20,37.33,銚子,120020,0.0,0.2,0.2,実況,1205.0,976.9,8.1,14.2,16.0,56.5
2026-09-18T01:20:00Z,09/18 10:20,37.33,静岡,220010,0.0,0.37,0.37,実況,1207.1,976.9,3.5,14.1,4.0,45.1
2026-09-18T01:20:00Z,09/18 10:20,37.33,高知,390010,0.0,0.21,0.21,実況,1367.8,976.9,1.7,13.5,11.0,25.0
2026-09-18T02:20:00Z,09/18 11:20,38.33,三宅島,130020,0.0,0.49,0.49,実況,1054.3,976.5,15.0,14.6,2.0,48.9
2026-09-18T02:20:00Z,09/18 11:20,38.33,仙台,040010,0.0,0.09,0.09,実況,1460.3,976.5,3.6,13.6,1.0,60.5
2026-09-18T02:20:00Z,09/18 11:20,38.33,八丈島,130030,0.5,0.76,0.26,実況,942.7,976.5,11.8,15.0,2.0,47.6
2026-09-18T02:20:00Z,09/18 11:20,38.33,千葉,120010,0.0,0.24,0.24,実況,1190.3,976.5,5.2,14.2,1.0,54.4
2026-09-18T02:20:00Z,09/18 11:20,38.33,大島,130020,0.0,0.43,0.43,実況,1124.0,976.5,7.8,14.4,1.0,49.6
2026-09-18T02:20:00Z,09/18 11:20,38.33,大阪,270000,0.0,0.27,0.27,実況,1298.6,976.5,3.5,13.8,3.0,35.1
2026-09-18T02:20:00Z,09/18 11:20,38.33,宮古,030020,0.0,0.05,0.05,実況,1599.1,976.5,3.2,13.4,2.0,64.9
2026-09-18T02:20:00Z,09/18 11:20,38.33,東京,130010,0.0,0.25,0.25,実況,1209.7,976.5,2.7,14.2,1.0,53.1
2026-09-18T02:20:00Z,09/18 11:20,38.33,横浜,140010,0.0,0.3,0.3,実況,1186.1,976.5,4.6,14.2,1.0,52.3
2026-09-18T02:20:00Z,09/18 11:20,38.33,水戸,080020,0.0,0.18,0.18,実況,1264.5,976.5,7.0,14.1,2.0,57.0
2026-09-18T02:20:00Z,09/18 11:20,38.33,甲府,,0.0,0.32,0.32,実況,1246.9,976.5,1.9,14.1,8.0,48.3
2026-09-18T02:20:00Z,09/18 11:20,38.33,銚子,120020,0.0,0.2,0.2,実況,1186.7,976.5,8.3,14.3,16.0,57.8
2026-09-18T02:20:00Z,09/18 11:20,38.33,静岡,220010,0.0,0.4,0.4,実況,1183.2,976.5,3.9,14.2,4.0,46.2
2026-09-18T02:20:00Z,09/18 11:20,38.33,高知,390010,0.0,0.24,0.24,実況,1336.3,976.5,2.0,13.6,9.0,25.6
2026-09-18T03:20:00Z,09/18 12:20,39.33,三宅島,130020,0.0,0.51,0.51,実況,1034.5,976.1,14.9,14.7,2.0,50.2
2026-09-18T03:20:00Z,09/18 12:20,39.33,仙台,040010,0.0,0.09,0.09,実況,1445.8,976.1,4.9,13.7,3.0,61.5
2026-09-18T03:20:00Z,09/18 12:20,39.33,八丈島,130030,0.0,0.79,0.79,実況,922.4,976.1,10.6,15.0,2.0,49.0
2026-09-18T03:20:00Z,09/18 12:20,39.33,千葉,120010,0.0,0.24,0.24,実況,1172.9,976.1,4.5,14.3,1.0,55.6
2026-09-18T03:20:00Z,09/18 12:20,39.33,大島,130020,0.0,0.45,0.45,実況,1104.5,976.1,7.9,14.5,1.0,50.8
2026-09-18T03:20:00Z,09/18 12:20,39.33,大阪,270000,0.0,0.3,0.3,実況,1273.4,976.1,3.1,13.9,2.0,35.8
2026-09-18T03:20:00Z,09/18 12:20,39.33,宮古,030020,0.0,0.05,0.05,実況,1586.7,976.1,4.0,13.4,1.0,65.8
2026-09-18T03:20:00Z,09/18 12:20,39.33,東京,130010,0.0,0.26,0.26,実況,1191.8,976.1,3.1,14.2,1.0,54.2
2026-09-18T03:20:00Z,09/18 12:20,39.33,横浜,140010,0.0,0.31,0.31,実況,1167.7,976.1,5.9,14.3,16.0,53.4
2026-09-18T03:20:00Z,09/18 12:20,39.33,水戸,080020,0.0,0.18,0.18,実況,1248.4,976.1,6.6,14.1,2.0,58.1
2026-09-18T03:20:00Z,09/18 12:20,39.33,甲府,,0.0,0.34,0.34,実況,1226.8,976.1,2.3,14.1,6.0,49.3
2026-09-18T03:20:00Z,09/18 12:20,39.33,銚子,120020,0.0,0.21,0.21,実況,1171.0,976.1,8.0,14.3,1.0,59.0
2026-09-18T03:20:00Z,09/18 12:20,39.33,静岡,220010,0.0,0.42,0.42,実況,1162.2,976.1,4.4,14.3,4.0,47.2
2026-09-18T03:20:00Z,09/18 12:20,39.33,高知,390010,0.0,0.27,0.27,実況,1308.2,976.1,1.5,13.7,8.0,26.1
2026-09-18T04:20:00Z,09/18 13:20,40.33,三宅島,130020,0.0,0.28,0.28,実況,1019.8,975.7,15.2,14.7,2.0,51.1
2026-09-18T04:20:00Z,09/18 13:20,40.33,仙台,040010,0.0,0.05,0.05,実況,1435.1,975.7,3.5,13.7,3.0,62.3
2026-09-18T04:20:00Z,09/18 13:20,40.33,八丈島,130030,0.0,0.43,0.43,実況,907.2,975.7,10.7,15.1,2.0,50.1
2026-09-18T04:20:00Z,09/18 13:20,40.33,千葉,120010,0.0,0.13,0.13,実況,1160.1,975.7,3.8,14.3,1.0,56.5
2026-09-18T04:20:00Z,09/18 13:20,40.33,大島,130020,0.0,0.25,0.25,実況,1090.0,975.7,8.9,14.5,1.0,51.7
2026-09-18T04:20:00Z,09/18 13:20,40.33,大阪,270000,0.0,0.18,0.18,実況,1254.2,975.7,2.3,13.9,1.0,36.4
2026-09-18T04:20:00Z,09/18 13:20,40.33,宮古,030020,0.0,0.03,0.03,実況,1577.8,975.7,2.7,13.4,15.0,66.5
2026-09-18T04:20:00Z,09/18 13:20,40.33,東京,130010,0.0,0.14,0.14,実況,1178.4,975.7,3.8,14.3,1.0,55.1
2026-09-18T04:20:00Z,09/18 13:20,40.33,横浜,140010,0.0,0.17,0.17,実況,1154.1,975.7,4.6,14.3,16.0,54.3
2026-09-18T04:20:00Z,09/18 13:20,40.33,水戸,080020,0.0,0.1,0.1,実況,1236.4,975.7,6.1,14.1,2.0,59.0
2026-09-18T04:20:00Z,09/18 13:20,40.33,甲府,,0.0,0.19,0.19,実況,1211.7,975.7,3.4,14.2,4.0,50.1
2026-09-18T04:20:00Z,09/18 13:20,40.33,銚子,120020,0.0,0.11,0.11,実況,1159.4,975.7,8.4,14.3,16.0,59.9
2026-09-18T04:20:00Z,09/18 13:20,40.33,静岡,220010,0.0,0.23,0.23,実況,1146.4,975.7,3.6,14.3,4.0,48.0
2026-09-18T04:20:00Z,09/18 13:20,40.33,高知,390010,0.0,0.17,0.17,実況,1286.7,975.7,2.2,13.7,10.0,26.5
2026-09-18T05:20:00Z,09/18 14:20,41.33,三宅島,130020,0.0,0.29,0.29,実況,1005.4,975.3,14.1,14.8,2.0,52.2
2026-09-18T05:20:00Z,09/18 14:20,41.33,仙台,040010,0.0,0.05,0.05,実況,1424.8,975.3,4.0,13.7,3.0,63.0
2026-09-18T05:20:00Z,09/18 14:20,41.33,八丈島,130030,0.0,0.44,0.44,実況,892.5,975.3,10.0,15.2,2.0,51.2
2026-09-18T05:20:00Z,09/18 14:20,41.33,千葉,120010,0.0,0.14,0.14,実況,1147.6,975.3,4.8,14.4,1.0,57.4
2026-09-18T05:20:00Z,09/18 14:20,41.33,大島,130020,0.0,0.26,0.26,実況,1075.7,975.3,9.7,14.5,1.0,52.7
2026-09-18T05:20:00Z,09/18 14:20,41.33,大阪,270000,0.0,0.19,0.19,実況,1235.1,975.3,1.9,14.0,2.0,37.0
2026-09-18T05:20:00Z,09/18 14:20,41.33,宮古,030020,0.0,0.03,0.03,実況,1569.1,975.3,2.1,13.4,15.0,67.2
2026-09-18T05:20:00Z,09/18 14:20,41.33,東京,130010,0.0,0.15,0.15,実況,1165.4,975.3,3.1,14.3,16.0,56.0
2026-09-18T05:20:00Z,09/18 14:20,41.33,横浜,140010,0.0,0.18,0.18,実況,1140.8,975.3,3.5,14.4,16.0,55.2
2026-09-18T05:20:00Z,09/18 14:20,41.33,水戸,080020,0.0,0.1,0.1,実況,1224.9,975.3,5.6,14.2,2.0,59.9
2026-09-18T05:20:00Z,09/18 14:20,41.33,甲府,,0.0,0.19,0.19,実況,1196.9,975.3,4.8,14.2,5.0,51.0
2026-09-18T05:20:00Z,09/18 14:20,41.33,銚子,120020,0.0,0.12,0.12,実況,1148.2,975.3,8.8,14.4,1.0,60.9
2026-09-18T05:20:00Z,09/18 14:20,41.33,静岡,220010,0.0,0.24,0.24,実況,1130.9,975.3,4.4,14.4,3.0,48.9
2026-09-18T05:20:00Z,09/18 14:20,41.33,高知,390010,0.0,0.19,0.19,実況,1265.2,975.3,1.6,13.8,10.0,26.9
2026-09-18T06:20:00Z,09/18 15:20,42.33,三宅島,130020,0.0,0.29,0.29,実況,995.5,975.0,15.6,14.8,2.0,53.1
2026-09-18T06:20:00Z,09/18 15:20,42.33,仙台,040010,0.0,0.05,0.05,実況,1418.7,975.0,2.7,13.7,4.0,63.8
2026-09-18T06:20:00Z,09/18 15:20,42.33,八丈島,130030,0.0,0.44,0.44,実況,882.3,975.0,9.4,15.2,2.0,52.3
2026-09-18T06:20:00Z,09/18 15:20,42.33,千葉,120010,0.0,0.14,0.14,実況,1139.5,975.0,6.5,14.4,1.0,58.3
2026-09-18T06:20:00Z,09/18 15:20,42.33,大島,130020,0.0,0.26,0.26,実況,1066.1,975.0,9.2,14.6,1.0,53.6
2026-09-18T06:20:00Z,09/18 15:20,42.33,大阪,270000,0.0,0.19,0.19,実況,1220.6,975.0,2.1,14.0,2.0,37.6
2026-09-18T06:20:00Z,09/18 15:20,42.33,宮古,030020,0.0,0.03,0.03,実況,1564.4,975.0,4.5,13.4,1.0,67.8
2026-09-18T06:20:00Z,09/18 15:20,42.33,東京,130010,0.0,0.15,0.15,実況,1156.8,975.0,4.0,14.3,1.0,56.9
2026-09-18T06:20:00Z,09/18 15:20,42.33,横浜,140010,0.0,0.18,0.18,実況,1131.9,975.0,2.8,14.4,1.0,56.1
2026-09-18T06:20:00Z,09/18 15:20,42.33,水戸,080020,0.0,0.1,0.1,実況,1217.6,975.0,5.6,14.2,2.0,60.7
2026-09-18T06:20:00Z,09/18 15:20,42.33,甲府,,0.0,0.2,0.2,実況,1186.7,975.0,4.3,14.2,5.0,51.8
2026-09-18T06:20:00Z,09/18 15:20,42.33,銚子,120020,0.0,0.12,0.12,実況,1141.4,975.0,8.0,14.4,1.0,61.8
2026-09-18T06:20:00Z,09/18 15:20,42.33,静岡,220010,0.0,0.24,0.24,実況,1120.0,975.0,3.0,14.4,3.0,49.7
2026-09-18T06:20:00Z,09/18 15:20,42.33,高知,390010,0.0,0.2,0.2,実況,1248.1,975.0,1.8,13.9,9.0,27.4
2026-09-18T07:20:00Z,09/18 16:20,43.33,三宅島,130020,0.0,0.21,0.21,実況,994.3,975.0,14.8,14.8,2.0,54.0
2026-09-18T07:20:00Z,09/18 16:20,43.33,仙台,040010,0.0,0.04,0.04,実況,1420.6,975.0,3.5,13.7,4.0,64.4
2026-09-18T07:20:00Z,09/18 16:20,43.33,八丈島,130030,0.0,0.31,0.31,実況,881.0,975.0,9.1,15.2,1.0,53.4
2026-09-18T07:20:00Z,09/18 16:20,43.33,千葉,120010,0.0,0.1,0.1,実況,1139.9,975.0,7.0,14.4,2.0,59.1
2026-09-18T07:20:00Z,09/18 16:20,43.33,大島,130020,0.0,0.18,0.18,実況,1065.0,975.0,9.0,14.6,2.0,54.4
2026-09-18T07:20:00Z,09/18 16:20,43.33,大阪,270000,0.0,0.14,0.14,実況,1214.8,975.0,3.5,14.1,2.0,38.3
2026-09-18T07:20:00Z,09/18 16:20,43.33,宮古,030020,0.0,0.02,0.02,実況,1567.6,975.0,3.3,13.4,16.0,68.4
2026-09-18T07:20:00Z,09/18 16:20,43.33,東京,130010,0.0,0.11,0.11,実況,1156.8,975.0,2.2,14.3,1.0,57.6
2026-09-18T07:20:00Z,09/18 16:20,43.33,横浜,140010,0.0,0.13,0.13,実況,1131.6,975.0,1.9,14.4,16.0,56.9
2026-09-18T07:20:00Z,09/18 16:20,43.33,水戸,080020,0.0,0.07,0.07,実況,1218.7,975.0,4.2,14.2,2.0,61.5
2026-09-18T07:20:00Z,09/18 16:20,43.33,甲府,,0.0,0.14,0.14,実況,1185.1,975.0,4.2,14.2,4.0,52.5
2026-09-18T07:20:00Z,09/18 16:20,43.33,銚子,120020,0.0,0.08,0.08,実況,1142.8,975.0,8.5,14.4,1.0,62.6
2026-09-18T07:20:00Z,09/18 16:20,43.33,静岡,220010,0.0,0.17,0.17,実況,1117.8,975.0,3.0,14.4,3.0,50.5
2026-09-18T07:20:00Z,09/18 16:20,43.33,高知,390010,0.0,0.15,0.15,実況,1239.6,975.0,1.3,13.9,10.0,28.0
2026-09-18T08:20:00Z,09/18 17:20,44.33,三宅島,130020,0.0,0.05,0.05,実況,993.4,975.0,14.0,13.3,2.0,55.0
2026-09-18T08:20:00Z,09/18 17:20,44.33,仙台,040010,0.0,0.01,0.01,実況,1422.8,975.0,1.7,12.2,3.0,65.0
2026-09-18T08:20:00Z,09/18 17:20,44.33,八丈島,130030,0.0,0.1,0.1,実況,879.9,975.0,10.1,13.8,1.0,54.4
2026-09-18T08:20:00Z,09/18 17:20,44.33,千葉,120010,0.0,0.02,0.02,実況,1140.4,975.0,5.7,12.9,1.0,59.9
2026-09-18T08:20:00Z,09/18 17:20,44.33,大島,130020,0.0,0.04,0.04,実況,1064.2,975.0,8.7,13.1,2.0,55.3
2026-09-18T08:20:00Z,09/18 17:20,44.33,大阪,270000,0.0,0.02,0.02,実況,1209.3,975.0,3.2,12.3,2.0,39.0
2026-09-18T08:20:00Z,09/18 17:20,44.33,宮古,030020,0.0,0.0,0.0,実況,1570.9,975.0,5.8,12.0,1.0,68.9
2026-09-18T08:20:00Z,09/18 17:20,44.33,東京,130010,0.0,0.02,0.02,実況,1156.9,975.0,2.9,12.8,2.0,58.4
2026-09-18T08:20:00Z,09/18 17:20,44.33,横浜,140010,0.0,0.03,0.03,実況,1131.5,975.0,2.0,12.9,2.0,57.6
2026-09-18T08:20:00Z,09/18 17:20,44.33,水戸,080020,0.0,0.01,0.01,実況,1220.0,975.0,4.1,12.7,3.0,62.2
2026-09-18T08:20:00Z,09/18 17:20,44.33,甲府,,0.0,0.03,0.03,実況,1183.7,975.0,4.5,12.7,4.0,53.2
2026-09-18T08:20:00Z,09/18 17:20,44.33,銚子,120020,0.0,0.02,0.02,実況,1144.4,975.0,8.8,13.0,16.0,63.4
2026-09-18T08:20:00Z,09/18 17:20,44.33,静岡,220010,0.0,0.03,0.03,実況,1115.8,975.0,3.2,12.8,3.0,51.3
2026-09-18T08:20:00Z,09/18 17:20,44.33,高知,390010,0.0,0.02,0.02,実況,1231.3,975.0,2.3,11.9,12.0,28.6
2026-09-18T09:20:00Z,09/18 18:20,45.33,三宅島,130020,0.0,0.05,0.05,実況,992.3,975.0,15.4,13.4,2.0,56.0
2026-09-18T09:20:00Z,09/18 18:20,45.33,仙台,040010,0.0,0.01,0.01,実況,1424.9,975.0,2.3,12.2,16.0,65.7
2026-09-18T09:20:00Z,09/18 18:20,45.33,八丈島,130030,0.0,0.09,0.09,実況,878.5,975.0,10.7,13.8,2.0,55.6
2026-09-18T09:20:00Z,09/18 18:20,45.33,千葉,120010,0.0,0.02,0.02,実況,1140.9,975.0,5.9,12.9,1.0,60.7
2026-09-18T09:20:00Z,09/18 18:20,45.33,大島,130020,0.0,0.04,0.04,実況,1063.1,975.0,8.6,13.1,2.0,56.2
2026-09-18T09:20:00Z,09/18 18:20,45.33,大阪,270000,0.0,0.02,0.02,実況,1202.8,975.0,1.7,12.3,4.0,39.7
2026-09-18T09:20:00Z,09/18 18:20,45.33,宮古,030020,0.0,0.0,0.0,実況,1574.3,975.0,2.7,12.0,16.0,69.5
2026-09-18T09:20:00Z,09/18 18:20,45.33,東京,130010,0.0,0.02,0.02,実況,1156.9,975.0,4.5,12.9,2.0,59.3
2026-09-18T09:20:00Z,09/18 18:20,45.33,横浜,140010,0.0,0.03,0.03,実況,1131.3,975.0,2.1,12.9,1.0,58.5
2026-09-18T09:20:00Z,09/18 18:20,45.33,水戸,080020,0.0,0.01,0.01,実況,1221.2,975.0,3.9,12.7,2.0,63.0
2026-09-18T09:20:00Z,09/18 18:20,45.33,甲府,,0.0,0.03,0.03,実況,1181.9,975.0,4.2,12.7,4.0,54.1
2026-09-18T09:20:00Z,09/18 18:20,45.33,銚子,120020,0.0,0.02,0.02,実況,1146.1,975.0,8.0,13.0,1.0,64.2
2026-09-18T09:20:00Z,09/18 18:20,45.33,静岡,220010,0.0,0.03,0.03,実況,1113.4,975.0,3.4,12.9,2.0,52.2
2026-09-18T09:20:00Z,09/18 18:20,45.33,高知,390010,0.0,0.02,0.02,実況,1221.6,975.0,3.0,12.0,12.0,29.3
2026-09-18T10:20:00Z,09/18 19:20,46.33,三宅島,130020,0.0,0.13,0.13,実況,990.5,975.0,13.9,13.4,2.0,57.2
2026-09-18T10:20:00Z,09/18 19:20,46.33,仙台,040010,0.0,0.01,0.01,実況,1427.0,975.0,2.1,12.2,16.0,66.5
2026-09-18T10:20:00Z,09/18 19:20,46.33,八丈島,130030,0.0,0.23,0.23,実況,876.6,975.0,10.3,13.9,1.0,57.0
2026-09-18T10:20:00Z,09/18 19:20,46.33,千葉,120010,0.0,0.05,0.05,実況,1141.0,975.0,5.4,13.0,1.0,61.8
2026-09-18T10:20:00Z,09/18 19:20,46.33,大島,130020,0.0,0.1,0.1,実況,1061.4,975.0,9.0,13.1,2.0,57.4
2026-09-18T10:20:00Z,09/18 19:20,46.33,大阪,270000,0.0,0.05,0.05,実況,1194.4,975.0,1.2,12.3,2.0,40.7
2026-09-18T10:20:00Z,09/18 19:20,46.33,宮古,030020,0.5,0.01,-0.49,実況,1578.0,975.0,2.9,12.0,16.0,70.2
2026-09-18T10:20:00Z,09/18 19:20,46.33,東京,130010,0.0,0.05,0.05,実況,1156.4,975.0,4.0,12.9,2.0,60.3
2026-09-18T10:20:00Z,09/18 19:20,46.33,横浜,140010,0.0,0.07,0.07,実況,1130.5,975.0,2.1,13.0,2.0,59.6
2026-09-18T10:20:00Z,09/18 19:20,46.33,水戸,080020,0.0,0.03,0.03,実況,1222.2,975.0,2.4,12.7,1.0,64.0
2026-09-18T10:20:00Z,09/18 19:20,46.33,甲府,,0.0,0.06,0.06,実況,1179.2,975.0,1.8,12.7,4.0,55.1
2026-09-18T10:20:00Z,09/18 19:20,46.33,銚子,120020,0.0,0.04,0.04,実況,1147.6,975.0,7.4,13.0,1.0,65.3
2026-09-18T10:20:00Z,09/18 19:20,46.33,静岡,220010,0.0,0.09,0.09,実況,1110.0,975.0,2.3,12.9,3.0,53.3
2026-09-18T10:20:00Z,09/18 19:20,46.33,高知,390010,0.0,0.04,0.04,実況,1209.3,975.0,1.7,12.0,11.0,30.2
2026-09-18T11:20:00Z,09/18 20:20,47.33,三宅島,130020,0.0,0.13,0.13,実況,989.2,975.0,13.8,13.4,2.0,58.5
2026-09-18T11:20:00Z,09/18 20:20,47.33,仙台,040010,0.0,0.01,0.01,実況,1429.5,975.0,2.4,12.3,14.0,67.3
2026-09-18T11:20:00Z,09/18 20:20,47.33,八丈島,130030,0.0,0.23,0.23,実況,875.2,975.0,10.4,13.9,2.0,58.4
2026-09-18T11:20:00Z,09/18 20:20,47.33,千葉,120010,0.0,0.05,0.05,実況,1141.6,975.0,4.8,13.0,1.0,62.9
2026-09-18T11:20:00Z,09/18 20:20,47.33,大島,130020,0.0,0.1,0.1,実況,1060.1,975.0,8.8,13.2,2.0,58.5
2026-09-18T11:20:00Z,09/18 20:20,47.33,大阪,270000,0.0,0.05,0.05,実況,1186.3,975.0,1.8,12.4,1.0,41.6
2026-09-18T11:20:00Z,09/18 20:20,47.33,宮古,030020,0.5,0.01,-0.49,実況,1582.0,975.0,2.2,12.0,15.0,71.0
2026-09-18T11:20:00Z,09/18 20:20,47.33,東京,130010,0.0,0.05,0.05,実況,1156.3,975.0,4.0,12.9,2.0,61.4
2026-09-18T11:20:00Z,09/18 20:20,47.33,横浜,140010,0.0,0.06,0.06,実況,1130.1,975.0,2.4,13.0,2.0,60.7
2026-09-18T11:20:00Z,09/18 20:20,47.33,水戸,080020,0.0,0.03,0.03,実況,1223.7,975.0,3.4,12.8,1.0,65.0
2026-09-18T11:20:00Z,09/18 20:20,47.33,甲府,,0.0,0.06,0.06,実況,1177.0,975.0,1.2,12.7,16.0,56.2
2026-09-18T11:20:00Z,09/18 20:20,47.33,銚子,120020,0.0,0.04,0.04,実況,1149.6,975.0,7.6,13.0,1.0,66.4
2026-09-18T11:20:00Z,09/18 20:20,47.33,静岡,220010,0.0,0.09,0.09,実況,1107.0,975.0,3.1,12.9,3.0,54.4
2026-09-18T11:20:00Z,09/18 20:20,47.33,高知,390010,0.0,0.04,0.04,実況,1197.3,975.0,2.6,12.1,12.0,31.0
2026-09-18T12:20:00Z,09/18 21:20,48.33,三宅島,130020,0.0,0.13,0.13,実況,985.7,975.0,14.5,13.5,2.0,59.4
2026-09-18T12:20:00Z,09/18 21:20,48.33,仙台,040010,0.0,0.01,0.01,実況,1428.7,975.0,2.3,12.3,15.0,67.9
2026-09-18T12:20:00Z,09/18 21:20,48.33,八丈島,130030,0.0,0.22,0.22,実況,871.8,975.0,9.4,13.9,2.0,59.5
2026-09-18T12:20:00Z,09/18 21:20,48.33,千葉,120010,0.0,0.05,0.05,実況,1139.5,975.0,5.2,13.0,1.0,63.7
2026-09-18T12:20:00Z,09/18 21:20,48.33,大島,130020,0.0,0.1,0.1,実況,1056.7,975.0,9.7,13.2,2.0,59.4
2026-09-18T12:20:00Z,09/18 21:20,48.33,大阪,270000,0.0,0.05,0.05,実況,1178.0,975.0,1.1,12.4,1.0,42.3
2026-09-18T12:20:00Z,09/18 21:20,48.33,宮古,030020,0.5,0.01,-0.49,実況,1582.3,975.0,2.0,12.0,15.0,71.5
2026-09-18T12:20:00Z,09/18 21:20,48.33,東京,130010,0.0,0.05,0.05,実況,1153.8,975.0,3.1,12.9,2.0,62.2
2026-09-18T12:20:00Z,09/18 21:20,48.33,横浜,140010,0.0,0.06,0.06,実況,1127.3,975.0,2.4,13.0,2.0,61.5
2026-09-18T12:20:00Z,09/18 21:20,48.33,水戸,080020,0.0,0.03,0.03,実況,1222.2,975.0,3.3,12.8,1.0,65.7
2026-09-18T12:20:00Z,09/18 21:20,48.33,甲府,,0.0,0.06,0.06,実況,1172.9,975.0,1.5,12.8,15.0,56.9
2026-09-18T12:20:00Z,09/18 21:20,48.33,銚子,120020,0.0,0.04,0.04,実況,1148.6,975.0,7.0,13.0,16.0,67.2
2026-09-18T12:20:00Z,09/18 21:20,48.33,静岡,220010,0.0,0.09,0.09,実況,1102.4,975.0,1.9,13.0,1.0,55.2
2026-09-18T12:20:00Z,09/18 21:20,48.33,高知,390010,0.0,0.04,0.04,実況,1186.2,975.0,2.6,12.1,12.0,31.6
2026-09-18T13:20:00Z,09/18 22:20,49.33,三宅島,130020,0.0,0.31,0.31,実況,977.2,975.0,14.4,13.5,2.0,59.7
2026-09-18T13:20:00Z,09/18 22:20,49.33,仙台,040010,0.0,0.03,0.03,実況,1421.1,975.0,2.2,12.3,14.0,68.2
2026-09-18T13:20:00Z,09/18 22:20,49.33,八丈島,130030,0.5,0.55,0.05,実況,863.3,975.0,9.5,14.0,2.0,59.8
2026-09-18T13:20:00Z,09/18 22:20,49.33,千葉,120010,0.0,0.12,0.12,実況,1131.4,975.0,4.0,13.0,1.0,64.0
2026-09-18T13:20:00Z,09/18 22:20,49.33,大島,130020,0.0,0.25,0.25,実況,1048.2,975.0,9.7,13.2,2.0,59.7
2026-09-18T13:20:00Z,09/18 22:20,49.33,大阪,270000,0.0,0.1,0.1,実況,1168.3,975.0,1.7,12.5,2.0,42.4
2026-09-18T13:20:00Z,09/18 22:20,49.33,宮古,030020,2.0,0.02,-1.98,実況,1575.1,975.0,1.6,12.0,15.0,71.7
2026-09-18T13:20:00Z,09/18 22:20,49.33,東京,130010,0.0,0.13,0.13,実況,1145.5,975.0,3.0,13.0,1.0,62.4
2026-09-18T13:20:00Z,09/18 22:20,49.33,横浜,140010,0.0,0.16,0.16,実況,1119.0,975.0,2.6,13.0,16.0,61.8
2026-09-18T13:20:00Z,09/18 22:20,49.33,水戸,080020,0.0,0.08,0.08,実況,1214.4,975.0,2.1,12.8,16.0,66.0
2026-09-18T13:20:00Z,09/18 22:20,49.33,甲府,,0.0,0.15,0.15,実況,1164.1,975.0,2.7,12.8,13.0,57.1
2026-09-18T13:20:00Z,09/18 22:20,49.33,銚子,120020,0.0,0.11,0.11,実況,1140.9,975.0,6.8,13.1,16.0,67.5
2026-09-18T13:20:00Z,09/18 22:20,49.33,静岡,220010,0.0,0.2,0.2,実況,1093.5,975.0,1.7,13.0,16.0,55.4
2026-09-18T13:20:00Z,09/18 22:20,49.33,高知,390010,0.0,0.07,0.07,実況,1176.2,975.0,2.1,12.2,12.0,31.6
2026-09-18T14:20:00Z,09/18 23:20,50.33,三宅島,130020,0.0,0.32,0.32,実況,968.8,975.0,13.0,13.5,2.0,60.0
2026-09-18T14:20:00Z,09/18 23:20,50.33,仙台,040010,0.0,0.03,0.03,実況,1413.5,975.0,1.6,12.3,15.0,68.4
2026-09-18T14:20:00Z,09/18 23:20,50.33,八丈島,130030,0.0,0.57,0.57,実況,854.9,975.0,9.5,14.0,2.0,60.1
2026-09-18T14:20:00Z,09/18 23:20,50.33,千葉,120010,0.0,0.13,0.13,実況,1123.3,975.0,3.8,13.1,16.0,64.2
2026-09-18T14:20:00Z,09/18 23:20,50.33,大島,130020,0.0,0.26,0.26,実況,1039.7,975.0,7.8,13.3,2.0,59.9
2026-09-18T14:20:00Z,09/18 23:20,50.33,大阪,270000,0.0,0.11,0.11,実況,1158.6,975.0,1.8,12.5,2.0,42.5
2026-09-18T14:20:00Z,09/18 23:20,50.33,宮古,030020,1.0,0.02,-0.98,実況,1567.9,975.0,2.0,12.0,14.0,72.0
2026-09-18T14:20:00Z,09/18 23:20,50.33,東京,130010,0.0,0.13,0.13,実況,1137.3,975.0,2.6,13.0,2.0,62.7
2026-09-18T14:20:00Z,09/18 23:20,50.33,横浜,140010,0.0,0.16,0.16,実況,1110.8,975.0,2.2,13.1,2.0,62.0
2026-09-18T14:20:00Z,09/18 23:20,50.33,水戸,080020,0.0,0.09,0.09,実況,1206.5,975.0,1.8,12.8,15.0,66.2
2026-09-18T14:20:00Z,09/18 23:20,50.33,甲府,,0.0,0.16,0.16,実況,1155.4,975.0,0.9,12.8,12.0,57.3
2026-09-18T14:20:00Z,09/18 23:20,50.33,銚子,120020,0.0,0.11,0.11,実況,1133.2,975.0,6.0,13.1,16.0,67.8
2026-09-18T14:20:00Z,09/18 23:20,50.33,静岡,220010,0.0,0.21,0.21,実況,1084.6,975.0,1.9,13.0,2.0,55.6
2026-09-18T14:20:00Z,09/18 23:20,50.33,高知,390010,0.0,0.08,0.08,実況,1166.2,975.0,2.9,12.2,14.0,31.6
2026-09-18T15:20:00Z,09/19 00:20,51.33,三宅島,130020,0.0,0.33,0.33,実況,957.3,975.0,11.5,13.6,2.0,60.4
2026-09-18T15:20:00Z,09/19 00:20,51.33,仙台,040010,0.0,0.03,0.03,実況,1403.4,975.0,1.9,12.3,15.0,68.8
2026-09-18T15:20:00Z,09/19 00:20,51.33,八丈島,130030,0.0,0.6,0.6,実況,843.4,975.0,9.7,14.1,2.0,60.7
2026-09-18T15:20:00Z,09/19 00:20,51.33,千葉,120010,0.0,0.13,0.13,実況,1112.5,975.0,3.4,13.1,1.0,64.7
2026-09-18T15:20:00Z,09/19 00:20,51.33,大島,130020,0.0,0.27,0.27,実況,1028.3,975.0,6.0,13.3,1.0,60.3
2026-09-18T15:20:00Z,09/19 00:20,51.33,大阪,270000,0.0,0.12,0.12,実況,1145.2,975.0,2.1,12.6,1.0,42.7
2026-09-18T15:20:00Z,09/19 00:20,51.33,宮古,030020,1.0,0.02,-0.98,実況,1558.4,975.0,1.7,12.0,14.0,72.3
2026-09-18T15:20:00Z,09/19 00:20,51.33,東京,130010,0.0,0.14,0.14,実況,1126.3,975.0,3.2,13.0,16.0,63.1
2026-09-18T15:20:00Z,09/19 00:20,51.33,横浜,140010,0.0,0.17,0.17,実況,1099.6,975.0,2.5,13.1,1.0,62.4
2026-09-18T15:20:00Z,09/19 00:20,51.33,水戸,080020,0.0,0.09,0.09,実況,1196.0,975.0,2.6,12.9,16.0,66.6
2026-09-18T15:20:00Z,09/19 00:20,51.33,甲府,,0.0,0.17,0.17,実況,1143.6,975.0,1.0,12.9,1.0,57.7
2026-09-18T15:20:00Z,09/19 00:20,51.33,銚子,120020,0.0,0.11,0.11,実況,1123.0,975.0,7.3,13.1,16.0,68.2
2026-09-18T15:20:00Z,09/19 00:20,51.33,静岡,220010,0.0,0.22,0.22,実況,1072.6,975.0,1.9,13.1,1.0,56.0
2026-09-18T15:20:00Z,09/19 00:20,51.33,高知,390010,0.0,0.08,0.08,実況,1152.2,975.0,1.9,12.2,12.0,31.7
2026-09-18T16:20:00Z,09/19 01:20,52.33,三宅島,130020,0.0,0.26,0.26,実況,940.0,975.0,12.7,13.7,2.0,61.2
2026-09-18T16:20:00Z,09/19 01:20,52.33,仙台,040010,0.0,0.03,0.03,実況,1388.3,975.0,2.9,12.4,15.0,69.3
2026-09-18T16:20:00Z,09/19 01:20,52.33,八丈島,130030,0.0,0.45,0.45,実況,826.2,975.0,8.6,14.2,2.0,61.6
2026-09-18T16:20:00Z,09/19 01:20,52.33,千葉,120010,0.0,0.1,0.1,実況,1096.3,975.0,3.4,13.2,1.0,65.4
2026-09-18T16:20:00Z,09/19 01:20,52.33,大島,130020,0.0,0.21,0.21,実況,1011.0,975.0,8.7,13.4,2.0,61.0
2026-09-18T16:20:00Z,09/19 01:20,52.33,大阪,270000,0.0,0.11,0.11,実況,1124.4,975.0,2.9,12.6,1.0,43.0
2026-09-18T16:20:00Z,09/19 01:20,52.33,宮古,030020,0.5,0.01,-0.49,実況,1544.4,975.0,1.9,12.1,12.0,72.8
2026-09-18T16:20:00Z,09/19 01:20,52.33,東京,130010,0.0,0.11,0.11,実況,1109.6,975.0,2.3,13.1,16.0,63.8
2026-09-18T16:20:00Z,09/19 01:20,52.33,横浜,140010,0.0,0.13,0.13,実況,1082.8,975.0,5.7,13.2,16.0,63.1
2026-09-18T16:20:00Z,09/19 01:20,52.33,水戸,080020,0.0,0.07,0.07,実況,1180.3,975.0,1.9,12.9,15.0,67.3
2026-09-18T16:20:00Z,09/19 01:20,52.33,甲府,,0.0,0.13,0.13,実況,1125.6,975.0,0.6,12.9,16.0,58.3
2026-09-18T16:20:00Z,09/19 01:20,52.33,銚子,120020,0.0,0.09,0.09,実況,1107.8,975.0,7.0,13.2,16.0,69.0
2026-09-18T16:20:00Z,09/19 01:20,52.33,静岡,220010,0.0,0.18,0.18,実況,1054.2,975.0,1.8,13.2,16.0,56.6
2026-09-18T16:20:00Z,09/19 01:20,52.33,高知,390010,0.0,0.08,0.08,実況,1130.3,975.0,3.4,12.3,12.0,31.8
2026-09-18T17:20:00Z,09/19 02:20,53.33,三宅島,130020,0.0,0.28,0.28,実況,922.9,975.0,11.9,13.8,2.0,62.0
2026-09-18T17:20:00Z,09/19 02:20,53.33,仙台,040010,0.0,0.03,0.03,実況,1373.3,975.0,2.1,12.4,15.0,69.9
2026-09-18T17:20:00Z,09/19 02:20,53.33,八丈島,130030,0.0,0.48,0.48,実況,809.2,975.0,8.6,14.3,2.0,62.5
2026-09-18T17:20:00Z,09/19 02:20,53.33,千葉,120010,0.0,0.11,0.11,実況,1080.3,975.0,2.4,13.2,16.0,66.1
2026-09-18T17:20:00Z,09/19 02:20,53.33,大島,130020,0.0,0.22,0.22,実況,993.8,975.0,7.5,13.5,2.0,61.8
2026-09-18T17:20:00Z,09/19 02:20,53.33,大阪,270000,0.0,0.12,0.12,実況,1103.7,975.0,3.0,12.7,1.0,43.4
2026-09-18T17:20:00Z,09/19 02:20,53.33,宮古,030020,1.5,0.01,-1.49,実況,1530.5,975.0,1.5,12.1,11.0,73.4
2026-09-18T17:20:00Z,09/19 02:20,53.33,東京,130010,0.0,0.12,0.12,実況,1093.2,975.0,2.7,13.2,16.0,64.5
2026-09-18T17:20:00Z,09/19 02:20,53.33,横浜,140010,0.0,0.14,0.14,実況,1066.2,975.0,6.2,13.2,16.0,63.8
2026-09-18T17:20:00Z,09/19 02:20,53.33,水戸,080020,0.0,0.07,0.07,実況,1164.9,975.0,2.0,13.0,15.0,68.0
2026-09-18T17:20:00Z,09/19 02:20,53.33,甲府,,0.0,0.14,0.14,実況,1107.8,975.0,1.1,13.0,7.0,58.9
2026-09-18T17:20:00Z,09/19 02:20,53.33,銚子,120020,0.0,0.09,0.09,実況,1092.8,975.0,7.3,13.2,16.0,69.7
2026-09-18T17:20:00Z,09/19 02:20,53.33,静岡,220010,0.0,0.2,0.2,実況,1036.0,975.0,1.6,13.2,16.0,57.2
2026-09-18T17:20:00Z,09/19 02:20,53.33,高知,390010,0.0,0.1,0.1,実況,1108.3,975.0,1.8,12.4,12.0,31.9
2026-09-18T18:20:00Z,09/19 03:20,54.33,三宅島,130020,0.5,0.29,-0.21,実況,905.6,975.0,13.3,13.8,2.0,63.0
2026-09-18T18:20:00Z,09/19 03:20,54.33,仙台,040010,0.0,0.03,0.03,実況,1358.6,975.0,2.1,12.5,15.0,70.7
2026-09-18T18:20:00Z,09/19 03:20,54.33,八丈島,130030,2.5,0.5,-2.0,実況,792.1,975.0,9.7,14.4,1.0,63.7
2026-09-18T18:20:00Z,09/19 03:20,54.33,千葉,120010,0.0,0.11,0.11,実況,1064.3,975.0,2.9,13.3,16.0,67.0
2026-09-18T18:20:00Z,09/19 03:20,54.33,大島,130020,0.0,0.24,0.24,実況,976.4,975.0,7.9,13.6,1.0,62.7
2026-09-18T18:20:00Z,09/19 03:20,54.33,大阪,270000,0.0,0.13,0.13,実況,1081.5,975.0,2.5,12.8,2.0,43.9
2026-09-18T18:20:00Z,09/19 03:20,54.33,宮古,030020,1.5,0.01,-1.49,実況,1517.0,975.0,1.3,12.2,7.0,74.1
2026-09-18T18:20:00Z,09/19 03:20,54.33,東京,130010,0.0,0.12,0.12,実況,1076.6,975.0,2.6,13.2,14.0,65.4
2026-09-18T18:20:00Z,09/19 03:20,54.33,横浜,140010,0.0,0.15,0.15,実況,1049.4,975.0,5.8,13.3,16.0,64.7
2026-09-18T18:20:00Z,09/19 03:20,54.33,水戸,080020,0.0,0.08,0.08,実況,1149.5,975.0,2.1,13.0,16.0,68.9
2026-09-18T18:20:00Z,09/19 03:20,54.33,甲府,,0.0,0.16,0.16,実況,1089.5,975.0,1.1,13.1,1.0,59.6
2026-09-18T18:20:00Z,09/19 03:20,54.33,銚子,120020,0.5,0.09,-0.41,実況,1078.0,975.0,7.7,13.3,16.0,70.7
2026-09-18T18:20:00Z,09/19 03:20,54.33,静岡,220010,0.0,0.21,0.21,実況,1017.2,975.0,1.7,13.3,1.0,58.0
2026-09-18T18:20:00Z,09/19 03:20,54.33,高知,390010,0.0,0.11,0.11,実況,1084.3,975.0,1.3,12.5,12.0,32.2
2026-09-18T19:20:00Z,09/19 04:20,55.33,三宅島,130020,0.0,0.1,0.1,実況,888.0,975.0,12.5,13.9,2.0,64.5
2026-09-18T19:20:00Z,09/19 04:20,55.33,仙台,040010,0.0,0.01,0.01,実況,1344.3,975.0,3.8,12.5,15.0,71.7
2026-09-18T19:20:00Z,09/19 04:20,55.33,八丈島,130030,0.5,0.17,-0.33,実況,774.8,975.0,8.8,14.5,2.0,65.4
2026-09-18T19:20:00Z,09/19 04:20,55.33,千葉,120010,0.0,0.04,0.04,実況,1048.4,975.0,3.0,13.4,15.0,68.3
2026-09-18T19:20:00Z,09/19 04:20,55.33,大島,130020,0.0,0.08,0.08,実況,958.6,975.0,7.7,13.6,1.0,64.1
2026-09-18T19:20:00Z,09/19 04:20,55.33,大阪,270000,0.0,0.05,0.05,実況,1056.6,975.0,2.8,12.9,1.0,44.7
2026-09-18T19:20:00Z,09/19 04:20,55.33,宮古,030020,3.0,0.0,-3.0,実況,1504.3,975.0,1.0,12.2,10.0,75.0
2026-09-18T19:20:00Z,09/19 04:20,55.33,東京,130010,0.0,0.04,0.04,実況,1060.0,975.0,2.4,13.3,15.0,66.6
2026-09-18T19:20:00Z,09/19 04:20,55.33,横浜,140010,0.0,0.05,0.05,実況,1032.5,975.0,6.7,13.4,16.0,66.0
2026-09-18T19:20:00Z,09/19 04:20,55.33,水戸,080020,0.0,0.03,0.03,実況,1134.4,975.0,1.2,13.1,15.0,70.1
2026-09-18T19:20:00Z,09/19 04:20,55.33,甲府,,0.0,0.06,0.06,実況,1070.4,975.0,0.7,13.2,1.0,60.8
2026-09-18T19:20:00Z,09/19 04:20,55.33,銚子,120020,0.0,0.03,0.03,実況,1063.8,975.0,7.5,13.4,16.0,72.0
2026-09-18T19:20:00Z,09/19 04:20,55.33,静岡,220010,0.0,0.07,0.07,実況,997.5,975.0,1.6,13.4,1.0,59.2
2026-09-18T19:20:00Z,09/19 04:20,55.33,高知,390010,0.0,0.05,0.05,実況,1056.3,975.0,2.2,12.6,11.0,32.7
2026-09-18T20:20:00Z,09/19 05:20,56.33,三宅島,130020,0.0,0.1,0.1,実況,871.0,975.0,13.8,14.0,2.0,66.0
2026-09-18T20:20:00Z,09/19 05:20,56.33,仙台,040010,0.0,0.01,0.01,実況,1330.5,975.0,3.0,12.6,15.0,72.7
2026-09-18T20:20:00Z,09/19 05:20,56.33,八丈島,130030,4.5,0.18,-4.32,実況,758.3,975.0,9.0,14.6,2.0,67.2
2026-09-18T20:20:00Z,09/19 05:20,56.33,千葉,120010,0.0,0.04,0.04,実況,1033.1,975.0,3.2,13.4,15.0,69.6
2026-09-18T20:20:00Z,09/19 05:20,56.33,大島,130020,1.0,0.09,-0.91,実況,941.4,975.0,7.3,13.7,1.0,65.4
2026-09-18T20:20:00Z,09/19 05:20,56.33,大阪,270000,0.0,0.06,0.06,実況,1031.9,975.0,2.9,13.0,1.0,45.5
2026-09-18T20:20:00Z,09/19 05:20,56.33,宮古,030020,0.5,0.01,-0.49,実況,1492.1,975.0,0.5,12.2,10.0,75.9
2026-09-18T20:20:00Z,09/19 05:20,56.33,東京,130010,0.0,0.04,0.04,実況,1043.9,975.0,2.1,13.4,16.0,67.9
2026-09-18T20:20:00Z,09/19 05:20,56.33,横浜,140010,0.0,0.05,0.05,実況,1016.1,975.0,4.7,13.5,16.0,67.3
2026-09-18T20:20:00Z,09/19 05:20,56.33,水戸,080020,0.0,0.03,0.03,実況,1119.9,975.0,2.0,13.2,15.0,71.3
2026-09-18T20:20:00Z,09/19 05:20,56.33,甲府,,0.0,0.06,0.06,実況,1051.7,975.0,1.2,13.3,6.0,61.9
2026-09-18T20:20:00Z,09/19 05:20,56.33,銚子,120020,0.0,0.03,0.03,実況,1050.2,975.0,7.9,13.4,16.0,73.4
2026-09-18T20:20:00Z,09/19 05:20,56.33,静岡,220010,0.0,0.08,0.08,実況,978.2,975.0,3.0,13.5,16.0,60.4
2026-09-18T20:20:00Z,09/19 05:20,56.33,高知,390010,0.0,0.06,0.06,実況,1028.5,975.0,2.7,12.7,12.0,33.2
2026-09-18T21:20:00Z,09/19 06:20,57.33,三宅島,130020,0.0,0.11,0.11,実況,862.4,975.0,14.1,14.1,2.0,67.1
2026-09-18T21:20:00Z,09/19 06:20,57.33,仙台,040010,0.0,0.01,0.01,実況,1324.2,975.0,3.3,12.6,15.0,73.5
2026-09-18T21:20:00Z,09/19 06:20,57.33,八丈島,130030,1.5,0.18,-1.32,実況,750.2,975.0,8.3,14.7,2.0,68.5
2026-09-18T21:20:00Z,09/19 06:20,57.33,千葉,120010,0.0,0.04,0.04,実況,1025.7,975.0,2.5,13.5,16.0,70.6
2026-09-18T21:20:00Z,09/19 06:20,57.33,大島,130020,0.5,0.09,-0.41,実況,932.7,975.0,7.1,13.8,2.0,66.5
2026-09-18T21:20:00Z,09/19 06:20,57.33,大阪,270000,0.0,0.06,0.06,実況,1017.5,975.0,3.4,13.1,1.0,46.2
2026-09-18T21:20:00Z,09/19 06:20,57.33,宮古,030020,0.5,0.01,-0.49,実況,1486.8,975.0,1.3,12.3,9.0,76.6
2026-09-18T21:20:00Z,09/19 06:20,57.33,東京,130010,0.0,0.05,0.05,実況,1035.9,975.0,2.5,13.4,16.0,68.8
2026-09-18T21:20:00Z,09/19 06:20,57.33,横浜,140010,0.0,0.06,0.06,実況,1008.0,975.0,4.1,13.5,16.0,68.3
2026-09-18T21:20:00Z,09/19 06:20,57.33,水戸,080020,0.0,0.03,0.03,実況,1113.1,975.0,1.7,13.2,15.0,72.2
2026-09-18T21:20:00Z,09/19 06:20,57.33,甲府,,0.0,0.06,0.06,実況,1041.9,975.0,1.0,13.3,14.0,62.8
2026-09-18T21:20:00Z,09/19 06:20,57.33,銚子,120020,0.0,0.03,0.03,実況,1044.1,975.0,8.0,13.5,16.0,74.3
2026-09-18T21:20:00Z,09/19 06:20,57.33,静岡,220010,0.0,0.08,0.08,実況,967.9,975.0,0.8,13.6,16.0,61.4
2026-09-18T21:20:00Z,09/19 06:20,57.33,高知,390010,0.0,0.07,0.07,実況,1011.3,975.0,0.5,12.8,12.0,33.8
2026-09-18T22:20:00Z,09/19 07:20,58.33,三宅島,130020,0.0,0.47,0.47,実況,869.7,975.0,13.2,14.1,2.0,67.3
2026-09-18T22:20:00Z,09/19 07:20,58.33,仙台,040010,0.0,0.05,0.05,実況,1331.8,975.0,2.7,12.6,15.0,73.6
2026-09-18T22:20:00Z,09/19 07:20,58.33,八丈島,130030,5.5,0.78,-4.72,実況,757.5,975.0,10.1,14.6,2.0,68.7
2026-09-18T22:20:00Z,09/19 07:20,58.33,千葉,120010,0.0,0.19,0.19,実況,1033.2,975.0,2.9,13.5,16.0,70.7
2026-09-18T22:20:00Z,09/19 07:20,58.33,大島,130020,0.0,0.39,0.39,実況,939.9,975.0,7.1,13.8,2.0,66.7
2026-09-18T22:20:00Z,09/19 07:20,58.33,大阪,270000,0.0,0.24,0.24,実況,1022.9,975.0,3.6,13.1,1.0,46.5
2026-09-18T22:20:00Z,09/19 07:20,58.33,宮古,030020,0.0,0.02,0.02,実況,1494.5,975.0,1.2,12.2,10.0,76.7
2026-09-18T22:20:00Z,09/19 07:20,58.33,東京,130010,0.0,0.2,0.2,実況,1043.3,975.0,2.3,13.4,16.0,69.0
2026-09-18T22:20:00Z,09/19 07:20,58.33,横浜,140010,0.0,0.25,0.25,実況,1015.3,975.0,5.5,13.5,16.0,68.4
2026-09-18T22:20:00Z,09/19 07:20,58.33,水戸,080020,0.0,0.12,0.12,実況,1120.7,975.0,2.5,13.2,16.0,72.4
2026-09-18T22:20:00Z,09/19 07:20,58.33,甲府,,0.0,0.26,0.26,実況,1048.8,975.0,0.5,13.3,6.0,63.0
2026-09-18T22:20:00Z,09/19 07:20,58.33,銚子,120020,0.0,0.15,0.15,実況,1051.8,975.0,6.8,13.4,16.0,74.5
2026-09-18T22:20:00Z,09/19 07:20,58.33,静岡,220010,0.0,0.36,0.36,実況,974.7,975.0,2.5,13.5,16.0,61.6
2026-09-18T22:20:00Z,09/19 07:20,58.33,高知,390010,0.0,0.19,0.19,実況,1015.4,975.0,1.2,12.8,12.0,34.1
2026-09-18T23:20:00Z,09/19 08:20,59.33,三宅島,130020,0.0,0.45,0.45,実況,876.9,975.0,13.1,14.0,2.0,67.6
2026-09-18T23:20:00Z,09/19 08:20,59.33,仙台,040010,0.0,0.05,0.05,実況,1339.4,975.0,3.6,12.6,16.0,73.7
2026-09-18T23:20:00Z,09/19 08:20,59.33,八丈島,130030,0.0,0.75,0.75,実況,764.8,975.0,9.0,14.6,1.0,69.0
2026-09-18T23:20:00Z,09/19 08:20,59.33,千葉,120010,0.0,0.18,0.18,実況,1040.6,975.0,3.3,13.4,16.0,70.9
2026-09-18T23:20:00Z,09/19 08:20,59.33,大島,130020,0.0,0.38,0.38,実況,947.1,975.0,8.4,13.7,1.0,66.9
2026-09-18T23:20:00Z,09/19 08:20,59.33,大阪,270000,0.0,0.23,0.23,実況,1028.4,975.0,3.2,13.0,1.0,46.9
2026-09-18T23:20:00Z,09/19 08:20,59.33,宮古,030020,0.5,0.02,-0.48,実況,1502.3,975.0,1.4,12.2,10.0,76.7
2026-09-18T23:20:00Z,09/19 08:20,59.33,東京,130010,0.0,0.19,0.19,実況,1050.6,975.0,3.3,13.4,15.0,69.1
2026-09-18T23:20:00Z,09/19 08:20,59.33,横浜,140010,0.5,0.24,-0.26,実況,1022.6,975.0,4.5,13.5,16.0,68.6
2026-09-18T23:20:00Z,09/19 08:20,59.33,水戸,080020,0.0,0.12,0.12,実況,1128.2,975.0,2.0,13.2,16.0,72.5
2026-09-18T23:20:00Z,09/19 08:20,59.33,甲府,,0.0,0.26,0.26,実況,1055.8,975.0,1.7,13.3,6.0,63.2
2026-09-18T23:20:00Z,09/19 08:20,59.33,銚子,120020,0.0,0.14,0.14,実況,1059.4,975.0,7.1,13.4,16.0,74.6
2026-09-18T23:20:00Z,09/19 08:20,59.33,静岡,220010,0.0,0.35,0.35,実況,981.6,975.0,2.3,13.5,3.0,61.9
2026-09-18T23:20:00Z,09/19 08:20,59.33,高知,390010,0.0,0.19,0.19,実況,1019.4,975.0,2.0,12.8,11.0,34.5
2026-09-19T00:20:00Z,09/19 09:20,60.33,三宅島,130020,0.0,0.45,0.45,実況,875.5,975.0,12.0,14.1,2.0,68.0
2026-09-19T00:20:00Z,09/19 09:20,60.33,仙台,040010,0.0,0.05,0.05,実況,1338.6,975.0,1.4,12.6,14.0,73.9
2026-09-19T00:20:00Z,09/19 09:20,60.33,八丈島,130030,0.0,0.75,0.75,実況,763.5,975.0,7.0,14.6,3.0,69.5
2026-09-19T00:20:00Z,09/19 09:20,60.33,千葉,120010,0.0,0.18,0.18,実況,1039.5,975.0,4.1,13.4,1.0,71.2
2026-09-19T00:20:00Z,09/19 09:20,60.33,大島,130020,0.0,0.38,0.38,実況,945.5,975.0,8.9,13.7,2.0,67.3
2026-09-19T00:20:00Z,09/19 09:20,60.33,大阪,270000,0.0,0.24,0.24,実況,1024.7,975.0,4.4,13.1,2.0,47.1
2026-09-19T00:20:00Z,09/19 09:20,60.33,宮古,030020,0.0,0.02,0.02,実況,1501.8,975.0,1.8,12.2,8.0,77.0
2026-09-19T00:20:00Z,09/19 09:20,60.33,東京,130010,0.0,0.19,0.19,実況,1049.3,975.0,3.2,13.4,16.0,69.5
2026-09-19T00:20:00Z,09/19 09:20,60.33,横浜,140010,0.0,0.24,0.24,実況,1021.3,975.0,6.8,13.5,16.0,69.0
2026-09-19T00:20:00Z,09/19 09:20,60.33,水戸,080020,0.0,0.12,0.12,実況,1127.3,975.0,1.8,13.2,15.0,72.8
2026-09-19T00:20:00Z,09/19 09:20,60.33,甲府,,0.0,0.26,0.26,実況,1053.8,975.0,0.7,13.3,5.0,63.6
2026-09-19T00:20:00Z,09/19 09:20,60.33,銚子,120020,0.0,0.14,0.14,実況,1058.7,975.0,6.7,13.4,16.0,74.9
2026-09-19T00:20:00Z,09/19 09:20,60.33,静岡,220010,0.0,0.35,0.35,実況,979.4,975.0,2.9,13.5,2.0,62.2
2026-09-19T00:20:00Z,09/19 09:20,60.33,高知,390010,0.0,0.2,0.2,実況,1014.6,975.0,2.0,12.8,10.0,34.7
2026-09-19T01:20:00Z,09/19 10:20,61.33,三宅島,130020,0.0,0.41,0.41,実況,856.5,975.0,13.2,14.2,2.0,68.8
2026-09-19T01:20:00Z,09/19 10:20,61.33,仙台,040010,0.0,0.04,0.04,実況,1321.1,975.0,2.5,12.6,15.0,74.5
2026-09-19T01:20:00Z,09/19 10:20,61.33,八丈島,130030,0.0,0.67,0.67,実況,745.0,975.0,6.8,14.7,2.0,70.4
2026-09-19T01:20:00Z,09/19 10:20,61.33,千葉,120010,0.0,0.16,0.16,実況,1021.4,975.0,3.5,13.5,1.0,71.9
2026-09-19T01:20:00Z,09/19 10:20,61.33,大島,130020,0.0,0.34,0.34,実況,926.5,975.0,6.1,13.8,1.0,68.0
2026-09-19T01:20:00Z,09/19 10:20,61.33,大阪,270000,0.0,0.24,0.24,実況,1002.5,975.0,3.9,13.2,2.0,47.4
2026-09-19T01:20:00Z,09/19 10:20,61.33,宮古,030020,1.5,0.02,-1.48,実況,1485.1,975.0,2.0,12.3,1.0,77.5
2026-09-19T01:20:00Z,09/19 10:20,61.33,東京,130010,0.0,0.18,0.18,実況,1030.7,975.0,2.9,13.5,15.0,70.1
2026-09-19T01:20:00Z,09/19 10:20,61.33,横浜,140010,0.0,0.22,0.22,実況,1002.6,975.0,5.6,13.6,16.0,69.6
2026-09-19T01:20:00Z,09/19 10:20,61.33,水戸,080020,0.0,0.11,0.11,実況,1109.5,975.0,1.5,13.2,16.0,73.5
2026-09-19T01:20:00Z,09/19 10:20,61.33,甲府,,0.0,0.24,0.24,実況,1033.9,975.0,1.0,13.4,6.0,64.1
2026-09-19T01:20:00Z,09/19 10:20,61.33,銚子,120020,0.0,0.13,0.13,実況,1041.5,975.0,7.2,13.5,16.0,75.7
2026-09-19T01:20:00Z,09/19 10:20,61.33,静岡,220010,0.0,0.33,0.33,実況,959.3,975.0,3.0,13.6,2.0,62.8
2026-09-19T01:20:00Z,09/19 10:20,61.33,高知,390010,0.0,0.21,0.21,実況,991.8,975.0,2.7,12.9,10.0,34.7
2026-09-19T02:20:00Z,09/19 11:20,62.33,三宅島,130020,0.0,0.44,0.44,実況,837.8,975.0,13.6,14.3,2.0,69.6
2026-09-19T02:20:00Z,09/19 11:20,62.33,仙台,040010,0.0,0.05,0.05,実況,1303.7,975.0,1.5,12.7,15.0,75.1
2026-09-19T02:20:00Z,09/19 11:20,62.33,八丈島,130030,0.0,0.7,0.7,実況,726.6,975.0,7.2,14.8,2.0,71.4
2026-09-19T02:20:00Z,09/19 11:20,62.33,千葉,120010,0.0,0.17,0.17,実況,1003.4,975.0,4.2,13.6,1.0,72.7
2026-09-19T02:20:00Z,09/19 11:20,62.33,大島,130020,0.0,0.37,0.37,実況,907.5,975.0,8.9,13.9,2.0,68.7
2026-09-19T02:20:00Z,09/19 11:20,62.33,大阪,270000,0.0,0.27,0.27,実況,980.3,975.0,4.7,13.2,2.0,47.6
2026-09-19T02:20:00Z,09/19 11:20,62.33,宮古,030020,2.0,0.02,-1.98,実況,1468.6,975.0,1.8,12.3,2.0,78.0
2026-09-19T02:20:00Z,09/19 11:20,62.33,東京,130010,0.0,0.19,0.19,実況,1012.3,975.0,2.1,13.5,15.0,70.8
2026-09-19T02:20:00Z,09/19 11:20,62.33,横浜,140010,0.0,0.23,0.23,実況,984.0,975.0,4.0,13.6,16.0,70.3
2026-09-19T02:20:00Z,09/19 11:20,62.33,水戸,080020,0.0,0.12,0.12,実況,1091.9,975.0,3.9,13.3,2.0,74.1
2026-09-19T02:20:00Z,09/19 11:20,62.33,甲府,,0.0,0.26,0.26,実況,1014.2,975.0,1.0,13.4,7.0,64.7
2026-09-19T02:20:00Z,09/19 11:20,62.33,銚子,120020,0.0,0.14,0.14,実況,1024.5,975.0,6.7,13.6,1.0,76.4
2026-09-19T02:20:00Z,09/19 11:20,62.33,静岡,220010,0.0,0.35,0.35,実況,939.3,975.0,1.9,13.7,4.0,63.4
2026-09-19T02:20:00Z,09/19 11:20,62.33,高知,390010,0.0,0.24,0.24,実況,969.0,975.0,3.6,13.0,7.0,34.6
2026-09-19T03:20:00Z,09/19 12:20,63.33,三宅島,130020,0.0,0.46,0.46,実況,823.0,975.0,12.9,14.3,2.0,70.4
2026-09-19T03:20:00Z,09/19 12:20,63.33,仙台,040010,0.0,0.05,0.05,実況,1290.2,975.0,2.3,12.7,16.0,75.6
2026-09-19T03:20:00Z,09/19 12:20,63.33,八丈島,130030,0.0,0.72,0.72,実況,712.3,975.0,9.8,14.9,2.0,72.4
2026-09-19T03:20:00Z,09/19 12:20,63.33,千葉,120010,0.0,0.18,0.18,実況,989.3,975.0,3.5,13.7,2.0,73.4
2026-09-19T03:20:00Z,09/19 12:20,63.33,大島,130020,0.0,0.39,0.39,実況,892.5,975.0,7.4,14.0,2.0,69.4
2026-09-19T03:20:00Z,09/19 12:20,63.33,大阪,270000,0.0,0.3,0.3,実況,961.5,975.0,3.5,13.3,2.0,47.9
2026-09-19T03:20:00Z,09/19 12:20,63.33,宮古,030020,0.5,0.02,-0.48,実況,1455.8,975.0,2.2,12.4,1.0,78.6
2026-09-19T03:20:00Z,09/19 12:20,63.33,東京,130010,1.0,0.2,-0.8,実況,997.7,975.0,2.5,13.6,14.0,71.5
2026-09-19T03:20:00Z,09/19 12:20,63.33,横浜,140010,0.0,0.24,0.24,実況,969.4,975.0,2.1,13.7,1.0,71.1
2026-09-19T03:20:00Z,09/19 12:20,63.33,水戸,080020,0.0,0.12,0.12,実況,1078.1,975.0,4.9,13.4,2.0,74.8
2026-09-19T03:20:00Z,09/19 12:20,63.33,甲府,,0.0,0.28,0.28,実況,998.3,975.0,1.4,13.5,9.0,65.3
2026-09-19T03:20:00Z,09/19 12:20,63.33,銚子,120020,0.0,0.14,0.14,実況,1011.3,975.0,5.9,13.6,1.0,77.2
2026-09-19T03:20:00Z,09/19 12:20,63.33,静岡,220010,0.0,0.38,0.38,実況,923.1,975.0,2.8,13.8,3.0,64.0
2026-09-19T03:20:00Z,09/19 12:20,63.33,高知,390010,0.0,0.27,0.27,実況,949.2,975.0,5.5,13.1,7.0,34.7
2026-09-19T04:20:00Z,09/19 13:20,64.33,三宅島,130020,0.0,0.7,0.7,実況,815.8,975.0,13.6,14.4,2.0,71.3
2026-09-19T04:20:00Z,09/19 13:20,64.33,仙台,040010,0.0,0.07,0.07,実況,1284.2,975.0,2.1,12.8,2.0,76.2
2026-09-19T04:20:00Z,09/19 13:20,64.33,八丈島,130030,0.0,1.11,1.11,実況,705.5,975.0,8.9,15.0,3.0,73.5
2026-09-19T04:20:00Z,09/19 13:20,64.33,千葉,120010,1.0,0.28,-0.72,実況,982.7,975.0,4.9,13.7,1.0,74.1
2026-09-19T04:20:00Z,09/19 13:20,64.33,大島,130020,0.5,0.59,0.09,実況,885.1,975.0,5.9,14.0,1.0,70.2
2026-09-19T04:20:00Z,09/19 13:20,64.33,大阪,270000,0.0,0.4,0.4,実況,949.7,975.0,3.8,13.4,3.0,48.4
2026-09-19T04:20:00Z,09/19 13:20,64.33,宮古,030020,0.5,0.03,-0.47,実況,1450.5,975.0,2.4,12.4,2.0,79.1
2026-09-19T04:20:00Z,09/19 13:20,64.33,東京,130010,0.0,0.31,0.31,実況,990.8,975.0,1.8,13.6,15.0,72.2
2026-09-19T04:20:00Z,09/19 13:20,64.33,横浜,140010,0.0,0.38,0.38,実況,962.3,975.0,4.1,13.7,16.0,71.8
2026-09-19T04:20:00Z,09/19 13:20,64.33,水戸,080020,0.0,0.19,0.19,実況,1072.0,975.0,4.9,13.4,3.0,75.5
2026-09-19T04:20:00Z,09/19 13:20,64.33,甲府,,0.0,0.42,0.42,実況,989.9,975.0,1.1,13.6,7.0,66.0
2026-09-19T04:20:00Z,09/19 13:20,64.33,銚子,120020,0.0,0.22,0.22,実況,1005.7,975.0,4.6,13.7,1.0,77.9
2026-09-19T04:20:00Z,09/19 13:20,64.33,静岡,220010,0.0,0.57,0.57,実況,914.5,975.0,2.9,13.8,2.0,64.7
2026-09-19T04:20:00Z,09/19 13:20,64.33,高知,390010,0.0,0.32,0.32,実況,935.5,975.0,3.1,13.1,7.0,35.0
2026-09-19T05:20:00Z,09/19 14:20,65.33,三宅島,130020,0.0,0.71,0.71,実況,808.8,975.0,14.5,14.4,2.0,72.2
2026-09-19T05:20:00Z,09/19 14:20,65.33,仙台,040010,0.0,0.08,0.08,実況,1278.3,975.0,1.5,12.8,2.0,76.7
2026-09-19T05:20:00Z,09/19 14:20,65.33,八丈島,130030,0.0,1.11,1.11,実況,699.1,975.0,9.0,15.0,3.0,74.5
2026-09-19T05:20:00Z,09/19 14:20,65.33,千葉,120010,0.0,0.28,0.28,実況,976.4,975.0,3.9,13.7,1.0,74.9
2026-09-19T05:20:00Z,09/19 14:20,65.33,大島,130020,1.0,0.6,-0.4,実況,877.8,975.0,8.1,14.1,2.0,71.0
2026-09-19T05:20:00Z,09/19 14:20,65.33,大阪,270000,0.0,0.43,0.43,実況,938.0,975.0,3.9,13.4,2.0,49.0
2026-09-19T05:20:00Z,09/19 14:20,65.33,宮古,030020,0.0,0.03,0.03,実況,1445.3,975.0,3.5,12.4,2.0,79.5
2026-09-19T05:20:00Z,09/19 14:20,65.33,東京,130010,0.5,0.31,-0.19,実況,984.0,975.0,2.2,13.7,15.0,73.0
2026-09-19T05:20:00Z,09/19 14:20,65.33,横浜,140010,0.5,0.38,-0.12,実況,955.4,975.0,5.5,13.8,16.0,72.5
2026-09-19T05:20:00Z,09/19 14:20,65.33,水戸,080020,0.0,0.19,0.19,実況,1065.9,975.0,5.0,13.4,3.0,76.2
2026-09-19T05:20:00Z,09/19 14:20,65.33,甲府,,0.0,0.43,0.43,実況,981.6,975.0,3.6,13.6,6.0,66.6
2026-09-19T05:20:00Z,09/19 14:20,65.33,銚子,120020,2.5,0.22,-2.28,実況,1000.3,975.0,4.4,13.7,16.0,78.7
2026-09-19T05:20:00Z,09/19 14:20,65.33,静岡,220010,0.0,0.58,0.58,実況,905.9,975.0,4.2,13.9,2.0,65.5
2026-09-19T05:20:00Z,09/19 14:20,65.33,高知,390010,0.0,0.35,0.35,実況,921.9,975.0,4.4,13.2,7.0,35.4
2026-09-19T06:20:00Z,09/19 15:20,66.33,三宅島,130020,0.0,0.73,0.73,実況,797.0,974.9,11.1,14.5,2.0,73.1
2026-09-19T06:20:00Z,09/19 15:20,66.33,仙台,040010,0.0,0.08,0.08,実況,1267.6,974.9,2.0,12.8,16.0,77.3
2026-09-19T06:20:00Z,09/19 15:20,66.33,八丈島,130030,0.0,1.13,1.13,実況,687.9,974.9,9.0,15.1,3.0,75.6
2026-09-19T06:20:00Z,09/19 15:20,66.33,千葉,120010,0.0,0.29,0.29,実況,965.3,974.9,3.2,13.8,1.0,75.7
2026-09-19T06:20:00Z,09/19 15:20,66.33,大島,130020,0.0,0.63,0.63,実況,865.8,974.9,4.5,14.2,1.0,71.9
2026-09-19T06:20:00Z,09/19 15:20,66.33,大阪,270000,0.0,0.47,0.47,実況,921.8,974.9,3.5,13.5,2.0,49.4
2026-09-19T06:20:00Z,09/19 15:20,66.33,宮古,030020,0.0,0.04,0.04,実況,1435.4,974.9,3.3,12.4,1.0,80.1
2026-09-19T06:20:00Z,09/19 15:20,66.33,東京,130010,0.5,0.32,-0.18,実況,972.4,974.9,2.5,13.7,16.0,73.7
2026-09-19T06:20:00Z,09/19 15:20,66.33,横浜,140010,0.0,0.4,0.4,実況,943.7,974.9,3.9,13.8,16.0,73.3
2026-09-19T06:20:00Z,09/19 15:20,66.33,水戸,080020,0.0,0.2,0.2,実況,1055.2,974.9,4.4,13.5,3.0,76.9
2026-09-19T06:20:00Z,09/19 15:20,66.33,甲府,,0.0,0.46,0.46,実況,968.6,974.9,4.7,13.7,5.0,67.3
2026-09-19T06:20:00Z,09/19 15:20,66.33,銚子,120020,0.5,0.23,-0.27,実況,990.2,974.9,4.9,13.7,16.0,79.5
2026-09-19T06:20:00Z,09/19 15:20,66.33,静岡,220010,0.0,0.62,0.62,実況,892.6,974.9,3.2,14.0,3.0,66.2
2026-09-19T06:20:00Z,09/19 15:20,66.33,高知,390010,0.0,0.39,0.39,実況,904.2,974.9,4.8,13.3,8.0,35.6
2026-09-19T07:20:00Z,09/19 16:20,67.33,三宅島,130020,0.0,0.93,0.93,実況,775.7,974.4,12.6,14.6,2.0,74.1
2026-09-19T07:20:00Z,09/19 16:20,67.33,仙台,040010,0.0,0.1,0.1,実況,1247.4,974.4,0.9,12.9,15.0,78.0
2026-09-19T07:20:00Z,09/19 16:20,67.33,八丈島,130030,0.5,1.41,0.91,実況,667.3,974.4,8.2,15.3,3.0,76.9
2026-09-19T07:20:00Z,09/19 16:20,67.33,千葉,120010,0.0,0.37,0.37,実況,944.6,974.4,3.0,13.9,1.0,76.5
2026-09-19T07:20:00Z,09/19 16:20,67.33,大島,130020,0.0,0.8,0.8,実況,844.1,974.4,4.6,14.3,1.0,72.7
2026-09-19T07:20:00Z,09/19 16:20,67.33,大阪,270000,0.0,0.58,0.58,実況,896.3,974.4,3.5,13.6,3.0,49.6
2026-09-19T07:20:00Z,09/19 16:20,67.33,宮古,030020,0.0,0.05,0.05,実況,1415.9,974.4,2.8,12.5,1.0,80.7
2026-09-19T07:20:00Z,09/19 16:20,67.33,東京,130010,0.0,0.41,0.41,実況,951.2,974.4,1.0,13.8,15.0,74.5
2026-09-19T07:20:00Z,09/19 16:20,67.33,横浜,140010,0.0,0.51,0.51,実況,922.4,974.4,4.3,13.9,16.0,74.1
2026-09-19T07:20:00Z,09/19 16:20,67.33,水戸,080020,0.0,0.25,0.25,実況,1034.8,974.4,3.5,13.5,3.0,77.7
2026-09-19T07:20:00Z,09/19 16:20,67.33,甲府,,0.0,0.58,0.58,実況,945.8,974.4,2.4,13.8,5.0,68.0
2026-09-19T07:20:00Z,09/19 16:20,67.33,銚子,120020,1.0,0.29,-0.71,実況,970.6,974.4,5.0,13.8,16.0,80.4
2026-09-19T07:20:00Z,09/19 16:20,67.33,静岡,220010,0.0,0.79,0.79,実況,869.6,974.4,2.6,14.1,2.0,66.9
2026-09-19T07:20:00Z,09/19 16:20,67.33,高知,390010,0.0,0.45,0.45,実況,878.4,974.4,2.4,13.4,9.0,35.4
2026-09-19T08:20:00Z,09/19 17:20,68.33,三宅島,130020,0.0,1.17,1.17,実況,754.5,974.0,13.4,15.0,2.0,75.1
2026-09-19T08:20:00Z,09/19 17:20,68.33,仙台,040010,0.0,0.14,0.14,実況,1227.3,974.0,2.1,13.1,7.0,78.7
2026-09-19T08:20:00Z,09/19 17:20,68.33,八丈島,130030,0.5,1.64,1.14,実況,646.9,974.0,8.8,15.6,3.0,78.2
2026-09-19T08:20:00Z,09/19 17:20,68.33,千葉,120010,0.0,0.49,0.49,実況,924.1,974.0,3.0,14.2,1.0,77.4
2026-09-19T08:20:00Z,09/19 17:20,68.33,大島,130020,2.0,1.06,-0.94,実況,822.6,974.0,4.7,14.6,1.0,73.7
2026-09-19T08:20:00Z,09/19 17:20,68.33,大阪,270000,0.0,1.17,1.17,実況,870.9,974.0,3.0,14.4,3.0,49.9
2026-09-19T08:20:00Z,09/19 17:20,68.33,宮古,030020,0.0,0.06,0.06,実況,1396.6,974.0,2.2,12.7,1.0,81.3
2026-09-19T08:20:00Z,09/19 17:20,68.33,東京,130010,0.0,0.56,0.56,実況,930.2,974.0,2.6,14.2,14.0,75.4
2026-09-19T08:20:00Z,09/19 17:20,68.33,横浜,140010,0.0,0.68,0.68,実況,901.2,974.0,4.9,14.3,16.0,75.0
2026-09-19T08:20:00Z,09/19 17:20,68.33,水戸,080020,0.0,0.33,0.33,実況,1014.6,974.0,3.3,13.8,3.0,78.5
2026-09-19T08:20:00Z,09/19 17:20,68.33,甲府,,0.0,0.87,0.87,実況,923.2,974.0,2.4,14.2,2.0,68.7
2026-09-19T08:20:00Z,09/19 17:20,68.33,銚子,120020,0.0,0.36,0.36,実況,951.2,974.0,5.1,14.1,1.0,81.4
2026-09-19T08:20:00Z,09/19 17:20,68.33,静岡,220010,0.0,1.16,1.16,実況,846.8,974.0,3.0,14.5,2.0,67.6
2026-09-19T08:20:00Z,09/19 17:20,68.33,高知,390010,0.0,1.12,1.12,実況,852.6,974.0,2.6,14.3,7.0,35.2
2026-09-19T09:20:00Z,09/19 18:20,69.33,三宅島,130020,0.0,1.23,1.23,実況,736.1,973.6,11.3,15.1,2.0,76.1
2026-09-19T09:20:00Z,09/19 18:20,69.33,仙台,040010,0.0,0.15,0.15,実況,1209.6,973.6,2.8,13.2,7.0,79.3
2026-09-19T09:20:00Z,09/19 18:20,69.33,八丈島,130030,1.5,1.67,0.17,実況,629.3,973.6,8.4,15.7,3.0,79.5
2026-09-19T09:20:00Z,09/19 18:20,69.33,千葉,120010,0.0,0.51,0.51,実況,906.2,973.6,4.2,14.3,1.0,78.3
2026-09-19T09:20:00Z,09/19 18:20,69.33,大島,130020,0.5,1.12,0.62,実況,803.8,973.6,5.1,14.7,1.0,74.5
2026-09-19T09:20:00Z,09/19 18:20,69.33,大阪,270000,0.0,1.31,1.31,実況,848.2,973.6,2.2,14.5,3.0,50.1
2026-09-19T09:20:00Z,09/19 18:20,69.33,宮古,030020,0.0,0.07,0.07,実況,1379.7,973.6,1.8,12.7,16.0,81.9
2026-09-19T09:20:00Z,09/19 18:20,69.33,東京,130010,0.0,0.59,0.59,実況,911.7,973.6,1.2,14.2,16.0,76.2
2026-09-19T09:20:00Z,09/19 18:20,69.33,横浜,140010,0.0,0.72,0.72,実況,882.7,973.6,4.5,14.4,16.0,75.8
2026-09-19T09:20:00Z,09/19 18:20,69.33,水戸,080020,0.0,0.35,0.35,実況,997.0,973.6,4.3,13.9,2.0,79.3
2026-09-19T09:20:00Z,09/19 18:20,69.33,甲府,,0.0,0.94,0.94,実況,903.2,973.6,2.9,14.3,5.0,69.3
2026-09-19T09:20:00Z,09/19 18:20,69.33,銚子,120020,0.0,0.37,0.37,実況,934.3,973.6,5.8,14.1,1.0,82.3
2026-09-19T09:20:00Z,09/19 18:20,69.33,静岡,220010,0.0,1.24,1.24,実況,826.6,973.6,2.7,14.6,2.0,68.3
2026-09-19T09:20:00Z,09/19 18:20,69.33,高知,390010,0.0,1.26,1.26,実況,829.5,973.6,2.1,14.4,6.0,35.1
2026-09-19T10:20:00Z,09/19 19:20,70.33,三宅島,130020,0.0,0.57,0.57,実況,722.5,973.2,10.6,15.1,2.0,77.0
2026-09-19T10:20:00Z,09/19 19:20,70.33,仙台,040010,0.0,0.07,0.07,実況,1196.7,973.2,1.7,13.2,7.0,79.8
2026-09-19T10:20:00Z,09/19 19:20,70.33,八丈島,130030,2.5,0.77,-1.73,実況,616.4,973.2,8.9,15.8,3.0,80.6
2026-09-19T10:20:00Z,09/19 19:20,70.33,千葉,120010,0.0,0.24,0.24,実況,893.0,973.2,3.7,14.3,1.0,79.0
2026-09-19T10:20:00Z,09/19 19:20,70.33,大島,130020,0.0,0.53,0.53,実況,789.8,973.2,4.7,14.8,2.0,75.3
2026-09-19T10:20:00Z,09/19 19:20,70.33,大阪,270000,0.0,0.81,0.81,実況,830.9,973.2,3.1,14.5,16.0,50.4
2026-09-19T10:20:00Z,09/19 19:20,70.33,宮古,030020,0.0,0.03,0.03,実況,1367.2,973.2,1.2,12.8,15.0,82.4
2026-09-19T10:20:00Z,09/19 19:20,70.33,東京,130010,0.0,0.28,0.28,実況,898.1,973.2,2.2,14.3,16.0,76.9
2026-09-19T10:20:00Z,09/19 19:20,70.33,横浜,140010,0.5,0.34,-0.16,実況,869.0,973.2,2.9,14.4,16.0,76.5
2026-09-19T10:20:00Z,09/19 19:20,70.33,水戸,080020,0.0,0.17,0.17,実況,984.0,973.2,3.9,13.9,2.0,80.0
2026-09-19T10:20:00Z,09/19 19:20,70.33,甲府,,0.0,0.47,0.47,実況,888.3,973.2,1.8,14.3,1.0,69.9
2026-09-19T10:20:00Z,09/19 19:20,70.33,銚子,120020,0.0,0.17,0.17,実況,922.0,973.2,5.6,14.2,1.0,83.0
2026-09-19T10:20:00Z,09/19 19:20,70.33,静岡,220010,0.0,0.61,0.61,実況,811.6,973.2,2.2,14.7,2.0,68.9
2026-09-19T10:20:00Z,09/19 19:20,70.33,高知,390010,0.0,1.09,1.09,実況,811.7,973.2,1.8,14.5,13.0,35.0
2026-09-19T11:20:00Z,09/19 20:20,71.33,三宅島,130020,0.0,0.59,0.59,実況,709.0,972.8,9.9,15.2,2.0,77.9
2026-09-19T11:20:00Z,09/19 20:20,71.33,仙台,040010,0.0,0.08,0.08,実況,1183.8,972.8,1.5,13.3,7.0,80.4
2026-09-19T11:20:00Z,09/19 20:20,71.33,八丈島,130030,1.0,0.78,-0.22,実況,603.7,972.8,11.0,15.9,3.0,81.7
2026-09-19T11:20:00Z,09/19 20:20,71.33,千葉,120010,0.0,0.25,0.25,実況,880.0,972.8,3.6,14.4,1.0,79.7
2026-09-19T11:20:00Z,09/19 20:20,71.33,大島,130020,0.0,0.55,0.55,実況,776.0,972.8,2.6,14.9,16.0,76.1
2026-09-19T11:20:00Z,09/19 20:20,71.33,大阪,270000,0.0,0.87,0.87,実況,813.6,972.8,4.3,14.6,1.0,50.6
2026-09-19T11:20:00Z,09/19 20:20,71.33,宮古,030020,0.0,0.03,0.03,実況,1354.9,972.8,0.7,12.8,14.0,82.9
2026-09-19T11:20:00Z,09/19 20:20,71.33,東京,130010,0.0,0.29,0.29,実況,884.6,972.8,3.0,14.3,2.0,77.6
2026-09-19T11:20:00Z,09/19 20:20,71.33,横浜,140010,0.0,0.36,0.36,実況,855.5,972.8,3.0,14.5,1.0,77.2
2026-09-19T11:20:00Z,09/19 20:20,71.33,水戸,080020,0.0,0.17,0.17,実況,971.2,972.8,3.2,14.0,2.0,80.7
2026-09-19T11:20:00Z,09/19 20:20,71.33,甲府,,0.0,0.49,0.49,実況,873.5,972.8,1.1,14.4,11.0,70.5
2026-09-19T11:20:00Z,09/19 20:20,71.33,銚子,120020,0.0,0.18,0.18,実況,909.9,972.8,5.3,14.2,1.0,83.8
2026-09-19T11:20:00Z,09/19 20:20,71.33,静岡,220010,0.0,0.64,0.64,実況,796.6,972.8,1.2,14.8,16.0,69.6
2026-09-19T11:20:00Z,09/19 20:20,71.33,高知,390010,0.0,1.19,1.19,実況,793.9,972.8,0.8,14.6,14.0,34.9
2026-09-19T12:20:00Z,09/19 21:20,72.33,三宅島,130020,0.0,0.59,0.59,実況,698.6,972.4,10.9,15.3,2.0,78.9
2026-09-19T12:20:00Z,09/19 21:20,72.33,仙台,040010,0.0,0.08,0.08,実況,1173.9,972.4,2.1,13.3,8.0,81.0
2026-09-19T12:20:00Z,09/19 21:20,72.33,八丈島,130030,1.5,0.78,-0.72,実況,594.2,972.4,7.6,15.9,3.0,83.0
2026-09-19T12:20:00Z,09/19 21:20,72.33,千葉,120010,0.0,0.26,0.26,実況,869.9,972.4,3.7,14.4,2.0,80.6
2026-09-19T12:20:00Z,09/19 21:20,72.33,大島,130020,0.0,0.56,0.56,実況,765.1,972.4,4.2,14.9,1.0,77.0
2026-09-19T12:20:00Z,09/19 21:20,72.33,大阪,270000,0.0,0.92,0.92,実況,798.0,972.4,4.9,14.7,1.0,51.1
2026-09-19T12:20:00Z,09/19 21:20,72.33,宮古,030020,0.5,0.04,-0.46,実況,1345.6,972.4,1.1,12.8,10.0,83.4
2026-09-19T12:20:00Z,09/19 21:20,72.33,東京,130010,0.0,0.3,0.3,実況,874.0,972.4,1.7,14.4,1.0,78.4
2026-09-19T12:20:00Z,09/19 21:20,72.33,横浜,140010,0.0,0.36,0.36,実況,844.8,972.4,1.6,14.5,1.0,78.1
2026-09-19T12:20:00Z,09/19 21:20,72.33,水戸,080020,0.0,0.18,0.18,実況,961.4,972.4,2.2,14.0,3.0,81.4
2026-09-19T12:20:00Z,09/19 21:20,72.33,甲府,,0.0,0.51,0.51,実況,861.4,972.4,1.2,14.5,1.0,71.3
2026-09-19T12:20:00Z,09/19 21:20,72.33,銚子,120020,0.0,0.18,0.18,実況,900.8,972.4,4.6,14.3,1.0,84.6
2026-09-19T12:20:00Z,09/19 21:20,72.33,静岡,220010,0.0,0.66,0.66,実況,784.3,972.4,0.6,14.8,7.0,70.4
2026-09-19T12:20:00Z,09/19 21:20,72.33,高知,390010,0.0,1.3,1.3,実況,776.9,972.4,2.5,14.7,11.0,35.1
2026-09-19T13:20:00Z,09/19 22:20,73.33,三宅島,130020,2.0,1.31,-0.69,実況,694.0,971.9,9.7,15.3,2.0,80.3
2026-09-19T13:20:00Z,09/19 22:20,73.33,仙台,040010,0.0,0.17,0.17,実況,1169.8,971.9,1.7,13.3,10.0,81.8
2026-09-19T13:20:00Z,09/19 22:20,73.33,八丈島,130030,3.0,1.66,-1.34,実況,590.9,971.9,9.6,16.0,3.0,84.6
2026-09-19T13:20:00Z,09/19 22:20,73.33,千葉,120010,0.0,0.57,0.57,実況,865.8,971.9,3.7,14.4,1.0,81.6
2026-09-19T13:20:00Z,09/19 22:20,73.33,大島,130020,0.0,1.24,1.24,実況,760.0,971.9,5.6,14.9,1.0,78.2
2026-09-19T13:20:00Z,09/19 22:20,73.33,大阪,270000,0.0,1.77,1.77,実況,785.8,971.9,2.7,14.8,16.0,51.9
2026-09-19T13:20:00Z,09/19 22:20,73.33,宮古,030020,0.0,0.08,0.08,実況,1342.3,971.9,0.6,12.8,10.0,84.1
2026-09-19T13:20:00Z,09/19 22:20,73.33,東京,130010,0.0,0.66,0.66,実況,869.3,971.9,2.0,14.4,1.0,79.4
2026-09-19T13:20:00Z,09/19 22:20,73.33,横浜,140010,0.0,0.81,0.81,実況,840.0,971.9,1.5,14.5,1.0,79.2
2026-09-19T13:20:00Z,09/19 22:20,73.33,水戸,080020,0.0,0.39,0.39,実況,957.5,971.9,2.4,14.0,2.0,82.4
2026-09-19T13:20:00Z,09/19 22:20,73.33,甲府,,0.0,1.11,1.11,実況,854.5,971.9,0.6,14.5,6.0,72.3
2026-09-19T13:20:00Z,09/19 22:20,73.33,銚子,120020,0.0,0.4,0.4,実況,898.0,971.9,3.6,14.3,1.0,85.7
2026-09-19T13:20:00Z,09/19 22:20,73.33,静岡,220010,0.0,1.45,1.45,実況,777.1,971.9,0.6,14.9,14.0,71.5
2026-09-19T13:20:00Z,09/19 22:20,73.33,高知,390010,0.0,1.81,1.81,実況,761.5,971.9,2.0,14.8,10.0,35.7
2026-09-19T14:20:00Z,09/19 23:20,74.33,三宅島,130020,10.5,1.28,-9.22,実況,689.8,971.5,4.8,15.3,3.0,81.6
2026-09-19T14:20:00Z,09/19 23:20,74.33,仙台,040010,0.0,0.17,0.17,実況,1166.0,971.5,1.9,13.3,10.0,82.5
2026-09-19T14:20:00Z,09/19 23:20,74.33,八丈島,130030,2.5,1.59,-0.91,実況,588.1,971.5,7.9,16.0,2.0,86.3
2026-09-19T14:20:00Z,09/19 23:20,74.33,千葉,120010,0.0,0.56,0.56,実況,862.0,971.5,4.2,14.4,1.0,82.7
2026-09-19T14:20:00Z,09/19 23:20,74.33,大島,130020,0.0,1.22,1.22,実況,755.1,971.5,4.9,15.0,1.0,79.4
2026-09-19T14:20:00Z,09/19 23:20,74.33,大阪,270000,0.0,1.86,1.86,実況,773.8,971.5,4.0,14.8,16.0,52.8
2026-09-19T14:20:00Z,09/19 23:20,74.33,宮古,030020,0.0,0.08,0.08,実況,1339.2,971.5,0.7,12.8,10.0,84.7
2026-09-19T14:20:00Z,09/19 23:20,74.33,東京,130010,0.0,0.66,0.66,実況,864.8,971.5,2.7,14.4,1.0,80.5
2026-09-19T14:20:00Z,09/19 23:20,74.33,横浜,140010,1.0,0.8,-0.2,実況,835.4,971.5,2.2,14.6,1.0,80.3
2026-09-19T14:20:00Z,09/19 23:20,74.33,水戸,080020,0.0,0.38,0.38,実況,953.9,971.5,2.0,14.0,2.0,83.4
2026-09-19T14:20:00Z,09/19 23:20,74.33,甲府,,0.0,1.11,1.11,実況,847.9,971.5,0.7,14.5,8.0,73.3
2026-09-19T14:20:00Z,09/19 23:20,74.33,銚子,120020,0.0,0.4,0.4,実況,895.4,971.5,4.4,14.3,16.0,86.7
2026-09-19T14:20:00Z,09/19 23:20,74.33,静岡,220010,0.0,1.45,1.45,実況,770.3,971.5,1.8,14.9,1.0,72.7
2026-09-19T14:20:00Z,09/19 23:20,74.33,高知,390010,0.0,1.98,1.98,実況,746.2,971.5,1.2,14.9,10.0,36.3
2026-09-19T15:20:00Z,09/20 00:20,75.33,三宅島,130020,0.5,1.27,0.77,実況,682.7,971.1,5.1,15.4,3.0,82.7
2026-09-19T15:20:00Z,09/20 00:20,75.33,仙台,040010,1.0,0.18,-0.82,実況,1159.1,971.1,1.2,13.3,10.0,83.2
2026-09-19T15:20:00Z,09/20 00:20,75.33,八丈島,130030,4.5,1.56,-2.94,実況,582.2,971.1,7.2,16.0,3.0,87.6
2026-09-19T15:20:00Z,09/20 00:20,75.33,千葉,120010,0.0,0.56,0.56,実況,855.1,971.1,3.7,14.5,1.0,83.6
2026-09-19T15:20:00Z,09/20 00:20,75.33,大島,130020,0.0,1.22,1.22,実況,747.5,971.1,5.8,15.0,1.0,80.4
2026-09-19T15:20:00Z,09/20 00:20,75.33,大阪,270000,0.0,1.97,1.97,実況,760.8,971.1,4.4,14.9,16.0,53.4
2026-09-19T15:20:00Z,09/20 00:20,75.33,宮古,030020,0.0,0.08,0.08,実況,1332.7,971.1,0.3,12.8,7.0,85.3
2026-09-19T15:20:00Z,09/20 00:20,75.33,東京,130010,0.0,0.66,0.66,実況,857.3,971.1,2.2,14.5,1.0,81.3
2026-09-19T15:20:00Z,09/20 00:20,75.33,横浜,140010,0.0,0.8,0.8,実況,827.9,971.1,4.1,14.6,16.0,81.2
2026-09-19T15:20:00Z,09/20 00:20,75.33,水戸,080020,0.0,0.39,0.39,実況,947.2,971.1,2.1,14.1,1.0,84.1
2026-09-19T15:20:00Z,09/20 00:20,75.33,甲府,,0.0,1.14,1.14,実況,838.8,971.1,0.7,14.6,3.0,74.1
2026-09-19T15:20:00Z,09/20 00:20,75.33,銚子,120020,0.0,0.4,0.4,実況,889.5,971.1,5.0,14.3,16.0,87.6
2026-09-19T15:20:00Z,09/20 00:20,75.33,静岡,220010,0.0,1.47,1.47,実況,761.1,971.1,1.8,14.9,1.0,73.5
2026-09-19T15:20:00Z,09/20 00:20,75.33,高知,390010,0.0,2.15,2.15,実況,731.4,971.1,1.7,14.9,12.0,36.6
2026-09-19T16:20:00Z,09/20 01:20,76.33,三宅島,130020,3.0,2.08,-0.92,実況,669.0,970.7,10.6,15.4,2.0,83.3
2026-09-19T16:20:00Z,09/20 01:20,76.33,仙台,040010,0.0,0.27,0.27,実況,1145.4,970.7,1.4,13.4,11.0,83.5
2026-09-19T16:20:00Z,09/20 01:20,76.33,八丈島,130030,0.5,2.53,2.03,実況,569.1,970.7,6.8,16.1,3.0,88.4
2026-09-19T16:20:00Z,09/20 01:20,76.33,千葉,120010,0.0,0.91,0.91,実況,841.5,970.7,4.7,14.5,2.0,84.0
2026-09-19T16:20:00Z,09/20 01:20,76.33,大島,130020,0.0,1.98,1.98,実況,733.5,970.7,5.1,15.1,1.0,80.8
2026-09-19T16:20:00Z,09/20 01:20,76.33,大阪,270000,0.0,2.48,2.48,実況,745.7,970.7,3.0,15.0,16.0,53.3
2026-09-19T16:20:00Z,09/20 01:20,76.33,宮古,030020,0.0,0.12,0.12,実況,1319.3,970.7,0.2,12.9,0.0,85.6
2026-09-19T16:20:00Z,09/20 01:20,76.33,東京,130010,0.0,1.06,1.06,実況,843.5,970.7,1.9,14.5,1.0,81.7
2026-09-19T16:20:00Z,09/20 01:20,76.33,横浜,140010,0.0,1.29,1.29,実況,814.0,970.7,2.9,14.7,16.0,81.6
2026-09-19T16:20:00Z,09/20 01:20,76.33,水戸,080020,0.0,0.62,0.62,実況,933.6,970.7,0.1,14.1,0.0,84.5
2026-09-19T16:20:00Z,09/20 01:20,76.33,甲府,,0.0,1.77,1.77,実況,824.2,970.7,0.5,14.6,1.0,74.4
2026-09-19T16:20:00Z,09/20 01:20,76.33,銚子,120020,0.0,0.64,0.64,実況,876.4,970.7,4.5,14.3,15.0,88.1
2026-09-19T16:20:00Z,09/20 01:20,76.33,静岡,220010,0.0,2.33,2.33,実況,746.5,970.7,0.3,15.0,11.0,73.8
2026-09-19T16:20:00Z,09/20 01:20,76.33,高知,390010,0.0,1.94,1.94,実況,717.2,970.7,2.5,15.0,12.0,36.1
2026-09-19T17:20:00Z,09/20 02:20,77.33,三宅島,130020,1.0,2.16,1.16,実況,655.3,970.3,6.3,15.5,3.0,83.8
2026-09-19T17:20:00Z,09/20 02:20,77.33,仙台,040010,0.0,0.29,0.29,実況,1131.8,970.3,0.4,13.4,14.0,83.8
2026-09-19T17:20:00Z,09/20 02:20,77.33,八丈島,130030,4.5,2.57,-1.93,実況,556.1,970.3,7.8,16.2,3.0,89.1
2026-09-19T17:20:00Z,09/20 02:20,77.33,千葉,120010,0.0,0.95,0.95,実況,827.9,970.3,3.5,14.6,1.0,84.5
2026-09-19T17:20:00Z,09/20 02:20,77.33,大島,130020,2.0,2.08,0.08,実況,719.6,970.3,5.8,15.1,1.0,81.3
2026-09-19T17:20:00Z,09/20 02:20,77.33,大阪,270000,0.0,2.68,2.68,実況,730.6,970.3,2.7,15.1,1.0,53.2
2026-09-19T17:20:00Z,09/20 02:20,77.33,宮古,030020,0.0,0.13,0.13,実況,1305.9,970.3,0.8,12.9,9.0,85.9
2026-09-19T17:20:00Z,09/20 02:20,77.33,東京,130010,0.5,1.12,0.62,実況,829.6,970.3,2.0,14.6,16.0,82.1
2026-09-19T17:20:00Z,09/20 02:20,77.33,横浜,140010,0.0,1.36,1.36,実況,800.2,970.3,2.6,14.7,16.0,82.0
2026-09-19T17:20:00Z,09/20 02:20,77.33,水戸,080020,0.0,0.65,0.65,実況,920.1,970.3,0.9,14.2,3.0,85.0
2026-09-19T17:20:00Z,09/20 02:20,77.33,甲府,,0.0,1.88,1.88,実況,809.7,970.3,0.0,14.7,0.0,74.7
2026-09-19T17:20:00Z,09/20 02:20,77.33,銚子,120020,0.0,0.67,0.67,実況,863.3,970.3,5.0,14.4,16.0,88.5
2026-09-19T17:20:00Z,09/20 02:20,77.33,静岡,220010,0.0,2.47,2.47,実況,731.9,970.3,1.3,15.1,5.0,74.2
2026-09-19T17:20:00Z,09/20 02:20,77.33,高知,390010,0.0,2.06,2.06,実況,703.1,970.3,2.5,15.1,13.0,35.7
2026-09-19T18:20:00Z,09/20 03:20,78.33,三宅島,130020,0.0,2.21,2.21,実況,644.1,970.0,5.9,15.6,3.0,84.3
2026-09-19T18:20:00Z,09/20 03:20,78.33,仙台,040010,0.0,0.3,0.3,実況,1120.5,970.0,1.4,13.4,16.0,84.1
2026-09-19T18:20:00Z,09/20 03:20,78.33,八丈島,130030,3.5,2.59,-0.91,実況,545.5,970.0,8.4,16.3,3.0,89.9
2026-09-19T18:20:00Z,09/20 03:20,78.33,千葉,120010,0.0,0.99,0.99,実況,816.8,970.0,4.0,14.6,1.0,84.9
2026-09-19T18:20:00Z,09/20 03:20,78.33,大島,130020,1.5,2.15,0.65,実況,708.1,970.0,7.7,15.2,2.0,81.7
2026-09-19T18:20:00Z,09/20 03:20,78.33,大阪,270000,0.0,2.86,2.86,実況,717.8,970.0,2.7,15.1,1.0,53.2
2026-09-19T18:20:00Z,09/20 03:20,78.33,宮古,030020,0.0,0.14,0.14,実況,1295.0,970.0,0.8,12.9,11.0,86.1
2026-09-19T18:20:00Z,09/20 03:20,78.33,東京,130010,0.0,1.16,1.16,実況,818.3,970.0,1.7,14.6,15.0,82.5
2026-09-19T18:20:00Z,09/20 03:20,78.33,横浜,140010,0.0,1.41,1.41,実況,788.8,970.0,4.8,14.8,16.0,82.4
2026-09-19T18:20:00Z,09/20 03:20,78.33,水戸,080020,0.0,0.68,0.68,実況,909.0,970.0,1.1,14.2,3.0,85.3
2026-09-19T18:20:00Z,09/20 03:20,78.33,甲府,,0.0,1.97,1.97,実況,797.7,970.0,0.4,14.8,16.0,75.0
2026-09-19T18:20:00Z,09/20 03:20,78.33,銚子,120020,0.0,0.69,0.69,実況,852.7,970.0,4.9,14.4,1.0,89.0
2026-09-19T18:20:00Z,09/20 03:20,78.33,静岡,220010,0.0,2.58,2.58,実況,719.9,970.0,2.4,15.2,1.0,74.5
2026-09-19T18:20:00Z,09/20 03:20,78.33,高知,390010,0.0,2.16,2.16,実況,691.1,970.0,2.9,15.2,11.0,35.3
2026-09-19T19:20:00Z,09/20 04:20,79.33,三宅島,130020,0.5,1.2,0.7,実況,637.8,970.0,8.9,15.6,2.0,84.8
2026-09-19T19:20:00Z,09/20 04:20,79.33,仙台,040010,0.0,0.18,0.18,実況,1114.2,970.0,1.4,13.5,16.0,84.3
2026-09-19T19:20:00Z,09/20 04:20,79.33,八丈島,130030,16.0,1.4,-14.6,実況,539.7,970.0,8.6,16.3,3.0,90.4
2026-09-19T19:20:00Z,09/20 04:20,79.33,千葉,120010,0.0,0.55,0.55,実況,810.5,970.0,3.0,14.7,1.0,85.2
2026-09-19T19:20:00Z,09/20 04:20,79.33,大島,130020,0.5,1.19,0.69,実況,701.5,970.0,7.0,15.2,1.0,82.1
2026-09-19T19:20:00Z,09/20 04:20,79.33,大阪,270000,0.0,2.26,2.26,実況,709.8,970.0,2.9,15.2,1.0,53.2
2026-09-19T19:20:00Z,09/20 04:20,79.33,宮古,030020,1.0,0.08,-0.92,実況,1288.7,970.0,2.4,12.9,11.0,86.3
2026-09-19T19:20:00Z,09/20 04:20,79.33,東京,130010,0.0,0.66,0.66,実況,811.8,970.0,1.7,14.7,15.0,82.9
2026-09-19T19:20:00Z,09/20 04:20,79.33,横浜,140010,0.0,0.79,0.79,実況,782.3,970.0,5.8,14.8,16.0,82.7
2026-09-19T19:20:00Z,09/20 04:20,79.33,水戸,080020,0.0,0.38,0.38,実況,902.8,970.0,1.5,14.2,1.0,85.6
2026-09-19T19:20:00Z,09/20 04:20,79.33,甲府,,0.0,1.16,1.16,実況,790.6,970.0,1.0,14.8,7.0,75.2
2026-09-19T19:20:00Z,09/20 04:20,79.33,銚子,120020,0.0,0.38,0.38,実況,846.7,970.0,5.8,14.5,1.0,89.4
2026-09-19T19:20:00Z,09/20 04:20,79.33,静岡,220010,0.0,1.49,1.49,実況,712.7,970.0,1.2,15.2,11.0,74.8
2026-09-19T19:20:00Z,09/20 04:20,79.33,高知,390010,0.0,2.73,2.73,実況,683.1,970.0,1.5,15.2,11.0,35.2
2026-09-19T20:20:00Z,09/20 05:20,80.33,三宅島,130020,3.5,1.2,-2.3,実況,631.4,970.0,8.0,15.7,3.0,85.2
2026-09-19T20:20:00Z,09/20 05:20,80.33,仙台,040010,0.0,0.18,0.18,実況,1107.8,970.0,2.3,13.5,15.0,84.6
2026-09-19T20:20:00Z,09/20 05:20,80.33,八丈島,130030,25.0,1.39,-23.61,実況,533.9,970.0,10.3,16.4,3.0,91.0
2026-09-19T20:20:00Z,09/20 05:20,80.33,千葉,120010,0.5,0.56,0.06,実況,804.2,970.0,4.2,14.7,1.0,85.6
2026-09-19T20:20:00Z,09/20 05:20,80.33,大島,130020,1.0,1.2,0.2,実況,695.0,970.0,7.8,15.3,2.0,82.5
2026-09-19T20:20:00Z,09/20 05:20,80.33,大阪,270000,0.0,2.33,2.33,実況,701.7,970.0,2.5,15.2,1.0,53.3
2026-09-19T20:20:00Z,09/20 05:20,80.33,宮古,030020,5.0,0.08,-4.92,実況,1282.6,970.0,1.9,13.0,11.0,86.6
2026-09-19T20:20:00Z,09/20 05:20,80.33,東京,130010,0.0,0.66,0.66,実況,805.3,970.0,1.8,14.7,16.0,83.2
2026-09-19T20:20:00Z,09/20 05:20,80.33,横浜,140010,0.0,0.8,0.8,実況,775.8,970.0,3.9,14.8,16.0,83.1
2026-09-19T20:20:00Z,09/20 05:20,80.33,水戸,080020,0.0,0.39,0.39,実況,896.5,970.0,1.0,14.3,3.0,86.0
2026-09-19T20:20:00Z,09/20 05:20,80.33,甲府,,0.0,1.18,1.18,実況,783.5,970.0,1.1,14.8,5.0,75.5
2026-09-19T20:20:00Z,09/20 05:20,80.33,銚子,120020,0.0,0.39,0.39,実況,840.8,970.0,4.9,14.5,1.0,89.7
2026-09-19T20:20:00Z,09/20 05:20,80.33,静岡,220010,0.0,1.51,1.51,実況,705.6,970.0,0.9,15.2,2.0,75.1
2026-09-19T20:20:00Z,09/20 05:20,80.33,高知,390010,0.0,2.83,2.83,実況,675.2,970.0,1.3,15.3,10.0,35.0
2026-09-19T21:20:00Z,09/20 06:20,81.33,三宅島,130020,13.5,1.31,-12.19,実況,625.5,970.0,13.4,15.9,2.0,85.8
2026-09-19T21:20:00Z,09/20 06:20,81.33,仙台,040010,0.0,0.22,0.22,実況,1101.7,970.0,1.6,13.7,15.0,84.8
2026-09-19T21:20:00Z,09/20 06:20,81.33,八丈島,130030,2.5,1.5,-1.0,実況,528.6,970.0,8.6,16.6,3.0,91.7
2026-09-19T21:20:00Z,09/20 06:20,81.33,千葉,120010,1.0,0.64,-0.36,実況,798.2,970.0,3.8,14.9,1.0,86.0
2026-09-19T21:20:00Z,09/20 06:20,81.33,大島,130020,2.5,1.3,-1.2,実況,688.7,970.0,6.2,15.5,1.0,82.9
2026-09-19T21:20:00Z,09/20 06:20,81.33,大阪,270000,0.0,2.08,2.08,実況,693.4,970.0,2.7,15.1,2.0,53.4
2026-09-19T21:20:00Z,09/20 06:20,81.33,宮古,030020,1.5,0.11,-1.39,実況,1276.7,970.0,0.9,13.2,13.0,86.8
2026-09-19T21:20:00Z,09/20 06:20,81.33,東京,130010,0.5,0.75,0.25,実況,799.1,970.0,2.3,14.9,16.0,83.6
2026-09-19T21:20:00Z,09/20 06:20,81.33,横浜,140010,0.0,0.89,0.89,実況,769.5,970.0,7.2,15.0,16.0,83.5
2026-09-19T21:20:00Z,09/20 06:20,81.33,水戸,080020,0.0,0.46,0.46,実況,890.6,970.0,1.3,14.5,3.0,86.3
2026-09-19T21:20:00Z,09/20 06:20,81.33,甲府,,0.0,1.25,1.25,実況,776.6,970.0,0.3,14.9,10.0,75.9
2026-09-19T21:20:00Z,09/20 06:20,81.33,銚子,120020,0.5,0.46,-0.04,実況,835.3,970.0,5.7,14.8,1.0,90.1
2026-09-19T21:20:00Z,09/20 06:20,81.33,静岡,220010,0.0,1.57,1.57,実況,698.6,970.0,2.8,15.3,3.0,75.4
2026-09-19T21:20:00Z,09/20 06:20,81.33,高知,390010,0.0,2.15,2.15,実況,666.6,970.0,1.8,14.9,1.0,34.9
2026-09-19T22:20:00Z,09/20 07:20,82.33,三宅島,130020,7.5,2.95,-4.55,実況,620.1,970.0,14.8,15.9,2.0,86.5
2026-09-19T22:20:00Z,09/20 07:20,82.33,仙台,040010,0.0,0.46,0.46,実況,1096.2,970.0,1.9,13.7,16.0,85.2
2026-09-19T22:20:00Z,09/20 07:20,82.33,八丈島,130030,0.5,3.27,2.77,実況,524.2,970.0,8.6,16.7,3.0,92.7
2026-09-19T22:20:00Z,09/20 07:20,82.33,千葉,120010,1.5,1.41,-0.09,実況,792.9,970.0,2.8,14.9,16.0,86.5
2026-09-19T22:20:00Z,09/20 07:20,82.33,大島,130020,8.5,2.92,-5.58,実況,683.0,970.0,7.9,15.5,1.0,83.6
2026-09-19T22:20:00Z,09/20 07:20,82.33,大阪,270000,0.0,2.81,2.81,実況,684.4,970.0,2.3,15.1,2.0,53.7
2026-09-19T22:20:00Z,09/20 07:20,82.33,宮古,030020,0.0,0.22,0.22,実況,1271.5,970.0,0.7,13.2,8.0,87.1
2026-09-19T22:20:00Z,09/20 07:20,82.33,東京,130010,0.0,1.63,1.63,実況,793.4,970.0,2.3,14.9,16.0,84.1
2026-09-19T22:20:00Z,09/20 07:20,82.33,横浜,140010,1.0,1.97,0.97,実況,763.9,970.0,3.3,15.1,16.0,84.0
2026-09-19T22:20:00Z,09/20 07:20,82.33,水戸,080020,0.0,1.0,1.0,実況,885.3,970.0,2.2,14.5,1.0,86.8
2026-09-19T22:20:00Z,09/20 07:20,82.33,甲府,,0.0,2.59,2.59,実況,769.9,970.0,0.6,15.0,8.0,76.4
2026-09-19T22:20:00Z,09/20 07:20,82.33,銚子,120020,1.0,1.04,0.04,実況,830.7,970.0,5.8,14.8,1.0,90.7
2026-09-19T22:20:00Z,09/20 07:20,82.33,静岡,220010,0.0,3.35,3.35,実況,691.9,970.0,2.1,15.4,2.0,76.0
2026-09-19T22:20:00Z,09/20 07:20,82.33,高知,390010,0.0,1.61,1.61,実況,656.8,970.0,2.8,15.0,16.0,35.0
2026-09-19T23:20:00Z,09/20 08:20,83.33,三宅島,130020,2.5,2.93,0.43,実況,614.9,970.0,14.0,16.0,2.0,87.2
2026-09-19T23:20:00Z,09/20 08:20,83.33,仙台,040010,0.0,0.47,0.47,実況,1090.8,970.0,1.4,13.7,15.0,85.6
2026-09-19T23:20:00Z,09/20 08:20,83.33,八丈島,130030,0.5,3.2,2.7,実況,519.9,970.0,7.9,16.7,3.0,93.6
2026-09-19T23:20:00Z,09/20 08:20,83.33,千葉,120010,5.5,1.42,-4.08,実況,787.7,970.0,3.6,15.0,2.0,87.1
2026-09-19T23:20:00Z,09/20 08:20,83.33,大島,130020,19.5,2.93,-16.57,実況,677.3,970.0,7.5,15.5,1.0,84.2
2026-09-19T23:20:00Z,09/20 08:20,83.33,大阪,270000,0.0,2.95,2.95,実況,675.5,970.0,2.7,15.2,1.0,54.1
2026-09-19T23:20:00Z,09/20 08:20,83.33,宮古,030020,0.0,0.22,0.22,実況,1266.4,970.0,1.1,13.2,11.0,87.5
2026-09-19T23:20:00Z,09/20 08:20,83.33,東京,130010,2.0,1.65,-0.35,実況,787.8,970.0,2.2,14.9,1.0,84.7
2026-09-19T23:20:00Z,09/20 08:20,83.33,横浜,140010,5.0,1.98,-3.02,実況,758.3,970.0,4.0,15.1,16.0,84.6
2026-09-19T23:20:00Z,09/20 08:20,83.33,水戸,080020,0.5,1.01,0.51,実況,880.2,970.0,2.0,14.5,3.0,87.3
2026-09-19T23:20:00Z,09/20 08:20,83.33,甲府,,0.0,2.64,2.64,実況,763.3,970.0,0.6,15.0,12.0,76.9
2026-09-19T23:20:00Z,09/20 08:20,83.33,銚子,120020,6.5,1.04,-5.46,実況,826.1,970.0,6.6,14.8,2.0,91.3
2026-09-19T23:20:00Z,09/20 08:20,83.33,静岡,220010,0.0,3.4,3.4,実況,685.3,970.0,4.0,15.4,3.0,76.6
2026-09-19T23:20:00Z,09/20 08:20,83.33,高知,390010,0.0,1.69,1.69,実況,647.0,970.0,3.4,15.0,1.0,35.1
2026-09-20T00:20:00Z,09/20 09:20,84.33,三宅島,130020,4.5,2.93,-1.57,実況,608.0,970.0,13.6,16.0,2.0,87.8
2026-09-20T00:20:00Z,09/20 09:20,84.33,仙台,040010,0.0,0.48,0.48,実況,1083.7,970.0,3.3,13.8,16.0,86.0
2026-09-20T00:20:00Z,09/20 09:20,84.33,八丈島,130030,1.0,3.15,2.15,実況,513.8,970.0,8.6,16.8,2.0,94.4
2026-09-20T00:20:00Z,09/20 09:20,84.33,千葉,120010,8.0,1.44,-6.56,実況,780.7,970.0,4.0,15.0,1.0,87.6
2026-09-20T00:20:00Z,09/20 09:20,84.33,大島,130020,16.5,2.96,-13.54,実況,670.0,970.0,9.0,15.6,2.0,84.7
2026-09-20T00:20:00Z,09/20 09:20,84.33,大阪,270000,0.0,3.09,3.09,実況,666.0,970.0,5.7,15.3,16.0,54.2
2026-09-20T00:20:00Z,09/20 09:20,84.33,宮古,030020,4.5,0.23,-4.27,実況,1259.4,970.0,2.0,13.2,11.0,87.8
2026-09-20T00:20:00Z,09/20 09:20,84.33,東京,130010,4.0,1.68,-2.32,実況,780.6,970.0,2.4,15.0,1.0,85.1
2026-09-20T00:20:00Z,09/20 09:20,84.33,横浜,140010,4.0,2.01,-1.99,実況,751.1,970.0,3.6,15.1,1.0,85.1
2026-09-20T00:20:00Z,09/20 09:20,84.33,水戸,080020,2.0,1.02,-0.98,実況,873.2,970.0,4.8,14.6,3.0,87.8
2026-09-20T00:20:00Z,09/20 09:20,84.33,甲府,,0.0,2.71,2.71,実況,755.2,970.0,0.2,15.0,0.0,77.3
2026-09-20T00:20:00Z,09/20 09:20,84.33,銚子,120020,10.5,1.05,-9.45,実況,819.6,970.0,6.2,14.8,16.0,91.7
2026-09-20T00:20:00Z,09/20 09:20,84.33,静岡,220010,0.0,3.47,3.47,実況,677.2,970.0,3.7,15.5,3.0,77.0
2026-09-20T00:20:00Z,09/20 09:20,84.33,高知,390010,0.0,1.75,1.75,実況,637.5,970.0,6.1,15.1,1.0,34.9
2026-09-20T01:20:00Z,09/20 10:20,85.33,三宅島,130020,2.5,4.5,2.0,実況,597.4,970.0,14.6,16.1,2.0,88.2
2026-09-20T01:20:00Z,09/20 10:20,85.33,仙台,040010,0.0,0.65,0.65,実況,1073.0,970.0,0.6,13.8,2.0,86.1
2026-09-20T01:20:00Z,09/20 10:20,85.33,八丈島,130030,1.5,4.82,3.32,実況,503.7,970.0,9.9,16.9,3.0,94.9
2026-09-20T01:20:00Z,09/20 10:20,85.33,千葉,120010,8.5,2.09,-6.41,実況,770.2,970.0,3.6,15.1,1.0,87.8
2026-09-20T01:20:00Z,09/20 10:20,85.33,大島,130020,14.0,4.36,-9.64,実況,659.3,970.0,9.4,15.7,2.0,85.0
2026-09-20T01:20:00Z,09/20 10:20,85.33,大阪,270000,0.0,2.67,2.67,実況,655.3,970.0,4.5,15.3,1.0,53.9
2026-09-20T01:20:00Z,09/20 10:20,85.33,宮古,030020,4.0,0.31,-3.69,実況,1248.9,970.0,0.2,13.3,0.0,87.9
2026-09-20T01:20:00Z,09/20 10:20,85.33,東京,130010,4.5,2.38,-2.12,実況,769.9,970.0,3.0,15.0,1.0,85.3
2026-09-20T01:20:00Z,09/20 10:20,85.33,横浜,140010,5.5,2.89,-2.61,実況,740.3,970.0,3.0,15.2,16.0,85.3
2026-09-20T01:20:00Z,09/20 10:20,85.33,水戸,080020,1.0,1.46,0.46,実況,862.6,970.0,3.6,14.6,2.0,88.0
2026-09-20T01:20:00Z,09/20 10:20,85.33,甲府,,0.0,3.55,3.55,実況,744.2,970.0,0.4,15.1,12.0,77.4
2026-09-20T01:20:00Z,09/20 10:20,85.33,銚子,120020,5.0,1.55,-3.45,実況,809.3,970.0,5.4,14.9,2.0,92.0
2026-09-20T01:20:00Z,09/20 10:20,85.33,静岡,220010,0.0,4.7,4.7,実況,666.1,970.0,2.5,15.5,3.0,77.1
2026-09-20T01:20:00Z,09/20 10:20,85.33,高知,390010,0.0,1.22,1.22,実況,628.4,970.0,5.6,15.1,1.0,34.3
2026-09-20T02:20:00Z,09/20 11:20,86.33,三宅島,130020,9.5,4.6,-4.9,実況,586.9,970.0,18.8,16.2,2.0,88.5
2026-09-20T02:20:00Z,09/20 11:20,86.33,仙台,040010,0.0,0.68,0.68,実況,1062.3,970.0,0.4,13.8,1.0,86.3
2026-09-20T02:20:00Z,09/20 11:20,86.33,八丈島,130030,12.5,4.8,-7.7,実況,493.6,970.0,10.0,16.9,2.0,95.5
2026-09-20T02:20:00Z,09/20 11:20,86.33,千葉,120010,4.0,2.17,-1.83,実況,759.6,970.0,4.6,15.1,2.0,88.1
2026-09-20T02:20:00Z,09/20 11:20,86.33,大島,130020,4.0,4.51,0.51,実況,648.6,970.0,9.5,15.7,2.0,85.2
2026-09-20T02:20:00Z,09/20 11:20,86.33,大阪,270000,0.0,2.77,2.77,実況,644.6,970.0,4.0,15.4,16.0,53.6
2026-09-20T02:20:00Z,09/20 11:20,86.33,宮古,030020,0.5,0.32,-0.18,実況,1238.3,970.0,0.7,13.3,16.0,88.1
2026-09-20T02:20:00Z,09/20 11:20,86.33,東京,130010,2.0,2.48,0.48,実況,759.2,970.0,2.9,15.1,1.0,85.6
2026-09-20T02:20:00Z,09/20 11:20,86.33,横浜,140010,3.0,3.0,0.0,実況,729.6,970.0,2.3,15.2,1.0,85.5
2026-09-20T02:20:00Z,09/20 11:20,86.33,水戸,080020,0.5,1.51,1.01,実況,852.1,970.0,3.5,14.7,2.0,88.2
2026-09-20T02:20:00Z,09/20 11:20,86.33,甲府,,0.0,3.72,3.72,実況,733.2,970.0,1.0,15.2,12.0,77.5
2026-09-20T02:20:00Z,09/20 11:20,86.33,銚子,120020,12.0,1.6,-10.4,実況,799.0,970.0,7.4,14.9,1.0,92.3
2026-09-20T02:20:00Z,09/20 11:20,86.33,静岡,220010,0.0,4.92,4.92,実況,655.1,970.0,3.6,15.6,3.0,77.2
2026-09-20T02:20:00Z,09/20 11:20,86.33,高知,390010,0.0,1.23,1.23,実況,619.4,970.0,5.0,15.2,15.0,33.7
2026-09-20T03:20:00Z,09/20 12:20,87.33,三宅島,130020,3.5,4.71,1.21,実況,574.0,970.0,19.7,16.3,2.0,88.9
2026-09-20T03:20:00Z,09/20 12:20,87.33,仙台,040010,0.0,0.72,0.72,実況,1049.3,970.0,2.0,13.9,8.0,86.5
2026-09-20T03:20:00Z,09/20 12:20,87.33,八丈島,130030,12.5,4.75,-7.75,実況,481.4,970.0,8.3,17.1,2.0,96.2
2026-09-20T03:20:00Z,09/20 12:20,87.33,千葉,120010,1.0,2.26,1.26,実況,746.7,970.0,3.8,15.2,1.0,88.4
2026-09-20T03:20:00Z,09/20 12:20,87.33,大島,130020,19.0,4.7,-14.3,実況,635.5,970.0,10.3,15.8,2.0,85.5
2026-09-20T03:20:00Z,09/20 12:20,87.33,大阪,270000,0.0,2.89,2.89,実況,631.6,970.0,4.3,15.5,16.0,53.3
2026-09-20T03:20:00Z,09/20 12:20,87.33,宮古,030020,0.0,0.34,0.34,実況,1225.4,970.0,0.9,13.3,16.0,88.3
2026-09-20T03:20:00Z,09/20 12:20,87.33,東京,130010,0.5,2.6,2.1,実況,746.1,970.0,4.0,15.2,3.0,85.8
2026-09-20T03:20:00Z,09/20 12:20,87.33,横浜,140010,0.0,3.15,3.15,実況,716.5,970.0,3.3,15.3,2.0,85.8
2026-09-20T03:20:00Z,09/20 12:20,87.33,水戸,080020,0.5,1.59,1.09,実況,839.2,970.0,4.5,14.7,2.0,88.5
2026-09-20T03:20:00Z,09/20 12:20,87.33,甲府,,0.0,3.94,3.94,実況,719.7,970.0,0.8,15.2,15.0,77.6
2026-09-20T03:20:00Z,09/20 12:20,87.33,銚子,120020,11.5,1.66,-9.84,実況,786.4,970.0,7.2,15.0,1.0,92.7
2026-09-20T03:20:00Z,09/20 12:20,87.33,静岡,220010,0.0,5.19,5.19,実況,641.6,970.0,3.9,15.7,2.0,77.4
2026-09-20T03:20:00Z,09/20 12:20,87.33,高知,390010,0.0,1.24,1.24,実況,608.5,970.0,6.0,15.3,1.0,33.0
2026-09-20T04:20:00Z,09/20 13:20,88.33,三宅島,130020,5.0,6.41,1.41,実況,556.5,970.0,16.1,16.4,2.0,89.5
2026-09-20T04:20:00Z,09/20 13:20,88.33,仙台,040010,0.0,0.86,0.86,実況,1031.5,970.0,2.2,13.9,7.0,86.8
2026-09-20T04:20:00Z,09/20 13:20,88.33,八丈島,130030,5.5,6.32,0.82,実況,464.8,970.0,4.9,17.2,3.0,97.2
2026-09-20T04:20:00Z,09/20 13:20,88.33,千葉,120010,1.0,2.89,1.89,実況,729.1,970.0,4.6,15.3,2.0,88.9
2026-09-20T04:20:00Z,09/20 13:20,88.33,大島,130020,15.0,6.07,-8.93,実況,617.6,970.0,7.4,15.9,1.0,86.0
2026-09-20T04:20:00Z,09/20 13:20,88.33,大阪,270000,0.0,2.35,2.35,実況,613.9,970.0,5.0,15.6,16.0,52.8
2026-09-20T04:20:00Z,09/20 13:20,88.33,宮古,030020,0.0,0.41,0.41,実況,1207.8,970.0,1.2,13.4,1.0,88.5
2026-09-20T04:20:00Z,09/20 13:20,88.33,東京,130010,0.0,3.25,3.25,実況,728.3,970.0,3.1,15.3,1.0,86.2
2026-09-20T04:20:00Z,09/20 13:20,88.33,横浜,140010,1.5,3.96,2.46,実況,698.7,970.0,2.2,15.4,2.0,86.2
2026-09-20T04:20:00Z,09/20 13:20,88.33,水戸,080020,0.0,1.99,1.99,実況,821.6,970.0,4.4,14.8,2.0,88.9
2026-09-20T04:20:00Z,09/20 13:20,88.33,甲府,,0.0,4.48,4.48,実況,701.3,970.0,2.7,15.3,4.0,77.8
2026-09-20T04:20:00Z,09/20 13:20,88.33,銚子,120020,13.5,2.17,-11.33,実況,769.4,970.0,7.8,15.1,2.0,93.2
2026-09-20T04:20:00Z,09/20 13:20,88.33,静岡,220010,0.0,5.95,5.95,実況,623.3,970.0,3.4,15.8,2.0,77.6
2026-09-20T04:20:00Z,09/20 13:20,88.33,高知,390010,0.0,0.92,0.92,実況,593.8,970.0,4.4,15.3,1.0,31.9
2026-09-20T05:20:00Z,09/20 14:20,89.33,三宅島,130020,9.0,6.64,-2.36,実況,539.1,970.0,17.6,16.5,2.0,90.2
2026-09-20T05:20:00Z,09/20 14:20,89.33,仙台,040010,0.0,0.93,0.93,実況,1013.8,970.0,2.0,14.0,7.0,87.1
2026-09-20T05:20:00Z,09/20 14:20,89.33,八丈島,130030,1.5,6.12,4.62,実況,448.4,970.0,8.5,17.4,3.0,98.3
2026-09-20T05:20:00Z,09/20 14:20,89.33,千葉,120010,5.0,3.09,-1.91,実況,711.6,970.0,4.6,15.4,2.0,89.3
2026-09-20T05:20:00Z,09/20 14:20,89.33,大島,130020,5.5,6.47,0.97,実況,599.8,970.0,6.0,16.1,1.0,86.5
2026-09-20T05:20:00Z,09/20 14:20,89.33,大阪,270000,0.0,2.46,2.46,実況,596.2,970.0,5.9,15.7,16.0,52.3
2026-09-20T05:20:00Z,09/20 14:20,89.33,宮古,030020,0.0,0.44,0.44,実況,1190.2,970.0,2.0,13.4,2.0,88.8
2026-09-20T05:20:00Z,09/20 14:20,89.33,東京,130010,2.0,3.49,1.49,実況,710.5,970.0,2.6,15.4,1.0,86.6
2026-09-20T05:20:00Z,09/20 14:20,89.33,横浜,140010,3.0,4.25,1.25,実況,680.9,970.0,3.7,15.5,16.0,86.7
2026-09-20T05:20:00Z,09/20 14:20,89.33,水戸,080020,0.0,2.14,2.14,実況,804.1,970.0,3.5,14.9,2.0,89.3
2026-09-20T05:20:00Z,09/20 14:20,89.33,甲府,,0.0,4.86,4.86,実況,683.0,970.0,4.6,15.4,5.0,78.0
2026-09-20T05:20:00Z,09/20 14:20,89.33,銚子,120020,13.0,2.3,-10.7,実況,752.4,970.0,7.4,15.2,2.0,93.8
2026-09-20T05:20:00Z,09/20 14:20,89.33,静岡,220010,0.0,6.46,6.46,実況,604.9,970.0,3.1,15.9,2.0,77.8
2026-09-20T05:20:00Z,09/20 14:20,89.33,高知,390010,0.0,0.93,0.93,実況,579.3,970.0,3.5,15.4,2.0,30.8
2026-09-20T06:20:00Z,09/20 15:20,90.33,三宅島,130020,12.5,6.82,-5.68,実況,523.6,969.9,15.6,16.7,2.0,90.7
2026-09-20T06:20:00Z,09/20 15:20,90.33,仙台,040010,0.0,1.0,1.0,実況,998.1,969.9,1.9,14.1,6.0,87.3
2026-09-20T06:20:00Z,09/20 15:20,90.33,八丈島,130030,0.0,5.95,5.95,実況,433.8,969.9,6.8,17.5,3.0,99.1
2026-09-20T06:20:00Z,09/20 15:20,90.33,千葉,120010,1.0,3.28,2.28,実況,696.1,969.9,2.5,15.5,2.0,89.7
2026-09-20T06:20:00Z,09/20 15:20,90.33,大島,130020,6.0,6.86,0.86,実況,584.1,969.9,8.9,16.2,1.0,86.8
2026-09-20T06:20:00Z,09/20 15:20,90.33,大阪,270000,0.0,2.54,2.54,実況,581.3,969.9,6.1,15.8,1.0,51.7
2026-09-20T06:20:00Z,09/20 15:20,90.33,宮古,030020,0.0,0.47,0.47,実況,1174.7,969.9,2.0,13.5,2.0,89.0
2026-09-20T06:20:00Z,09/20 15:20,90.33,東京,130010,2.0,3.73,1.73,実況,694.8,969.9,2.5,15.5,1.0,86.9
2026-09-20T06:20:00Z,09/20 15:20,90.33,横浜,140010,1.5,4.53,3.03,実況,665.3,969.9,2.9,15.6,1.0,87.0
2026-09-20T06:20:00Z,09/20 15:20,90.33,水戸,080020,1.5,2.28,0.78,実況,788.6,969.9,4.0,15.0,2.0,89.6
2026-09-20T06:20:00Z,09/20 15:20,90.33,甲府,,0.0,5.24,5.24,実況,666.9,969.9,4.8,15.5,5.0,78.1
2026-09-20T06:20:00Z,09/20 15:20,90.33,銚子,120020,7.0,2.43,-4.57,実況,737.3,969.9,5.6,15.3,2.0,94.2
2026-09-20T06:20:00Z,09/20 15:20,90.33,静岡,220010,0.0,6.96,6.96,実況,588.8,969.9,4.5,16.1,3.0,77.9
2026-09-20T06:20:00Z,09/20 15:20,90.33,高知,390010,0.0,0.92,0.92,実況,567.7,969.9,2.0,15.5,2.0,29.7
2026-09-20T07:20:00Z,09/20 16:20,91.33,三宅島,130020,5.5,6.25,0.75,実況,512.1,969.5,16.3,16.8,2.0,90.8
2026-09-20T07:20:00Z,09/20 16:20,91.33,仙台,040010,0.0,1.02,1.02,実況,986.6,969.5,3.1,14.1,7.0,87.3
2026-09-20T07:20:00Z,09/20 16:20,91.33,八丈島,130030,0.0,5.3,5.3,実況,422.5,969.5,6.5,17.7,4.0,99.5
2026-09-20T07:20:00Z,09/20 16:20,91.33,千葉,120010,3.0,3.22,0.22,実況,684.5,969.5,2.6,15.5,2.0,89.8
2026-09-20T07:20:00Z,09/20 16:20,91.33,大島,130020,9.0,6.64,-2.36,実況,572.6,969.5,8.4,16.3,1.0,86.9
2026-09-20T07:20:00Z,09/20 16:20,91.33,大阪,270000,0.0,2.89,2.89,実況,571.7,969.5,5.4,15.9,1.0,51.1
2026-09-20T07:20:00Z,09/20 16:20,91.33,宮古,030020,0.0,0.48,0.48,実況,1163.1,969.5,0.7,13.5,2.0,89.1
2026-09-20T07:20:00Z,09/20 16:20,91.33,東京,130010,3.0,3.71,0.71,実況,683.2,969.5,1.8,15.5,16.0,87.0
2026-09-20T07:20:00Z,09/20 16:20,91.33,横浜,140010,4.0,4.49,0.49,実況,653.7,969.5,3.6,15.7,1.0,87.0
2026-09-20T07:20:00Z,09/20 16:20,91.33,水戸,080020,0.5,2.27,1.77,実況,777.1,969.5,5.0,15.0,2.0,89.7
2026-09-20T07:20:00Z,09/20 16:20,91.33,甲府,,0.0,5.52,5.52,実況,655.5,969.5,4.2,15.6,5.0,78.0
2026-09-20T07:20:00Z,09/20 16:20,91.33,銚子,120020,0.5,2.35,1.85,実況,725.8,969.5,5.1,15.3,2.0,94.4
2026-09-20T07:20:00Z,09/20 16:20,91.33,静岡,220010,2.0,7.32,5.32,実況,577.4,969.5,2.9,16.1,3.0,77.8
2026-09-20T07:20:00Z,09/20 16:20,91.33,高知,390010,0.0,1.03,1.03,実況,561.4,969.5,2.1,15.5,2.0,28.7
2026-09-20T08:20:00Z,09/20 17:20,92.33,三宅島,130020,11.5,5.46,-6.04,実況,500.6,969.1,15.4,16.5,2.0,90.9
2026-09-20T08:20:00Z,09/20 17:20,92.33,仙台,040010,0.0,0.61,0.61,実況,975.0,969.1,2.9,13.5,7.0,87.3
2026-09-20T08:20:00Z,09/20 17:20,92.33,八丈島,130030,0.0,5.22,5.22,実況,411.3,969.1,7.0,17.6,4.0,99.9
2026-09-20T08:20:00Z,09/20 17:20,92.33,千葉,120010,3.0,2.36,-0.64,実況,673.0,969.1,3.8,15.1,1.0,89.9
2026-09-20T08:20:00Z,09/20 17:20,92.33,大島,130020,7.0,5.28,-1.72,実況,561.0,969.1,7.1,15.9,1.0,86.9
2026-09-20T08:20:00Z,09/20 17:20,92.33,大阪,270000,0.0,2.32,2.32,実況,562.3,969.1,4.7,15.5,16.0,50.4
2026-09-20T08:20:00Z,09/20 17:20,92.33,宮古,030020,0.0,0.26,0.26,実況,1151.6,969.1,0.5,12.8,13.0,89.1
2026-09-20T08:20:00Z,09/20 17:20,92.33,東京,130010,4.0,2.7,-1.3,実況,671.6,969.1,2.6,15.1,16.0,87.0
2026-09-20T08:20:00Z,09/20 17:20,92.33,横浜,140010,4.0,3.34,-0.66,実況,642.1,969.1,5.3,15.3,16.0,87.0
2026-09-20T08:20:00Z,09/20 17:20,92.33,水戸,080020,1.0,1.56,0.56,実況,765.5,969.1,4.0,14.5,2.0,89.8
2026-09-20T08:20:00Z,09/20 17:20,92.33,甲府,,0.5,4.03,3.53,実況,644.0,969.1,3.6,15.2,4.0,77.9
2026-09-20T08:20:00Z,09/20 17:20,92.33,銚子,120020,1.5,1.69,0.19,実況,714.4,969.1,4.8,14.9,1.0,94.5
2026-09-20T08:20:00Z,09/20 17:20,92.33,静岡,220010,3.0,5.6,2.6,実況,565.9,969.1,3.0,15.8,2.0,77.6
2026-09-20T08:20:00Z,09/20 17:20,92.33,高知,390010,0.0,0.83,0.83,実況,555.2,969.1,2.1,15.2,16.0,27.7
2026-09-20T09:20:00Z,09/20 18:20,93.33,三宅島,130020,12.5,5.67,-6.83,実況,489.4,968.7,13.5,16.7,2.0,91.2
2026-09-20T09:20:00Z,09/20 18:20,93.33,仙台,040010,0.0,0.65,0.65,実況,963.7,968.7,1.5,13.5,8.0,87.4
2026-09-20T09:20:00Z,09/20 18:20,93.33,八丈島,130030,0.0,5.21,5.21,実況,400.6,968.7,9.4,17.7,3.0,100.4
2026-09-20T09:20:00Z,09/20 18:20,93.33,千葉,120010,4.0,2.5,-1.5,実況,661.8,968.7,3.9,15.2,1.0,90.0
2026-09-20T09:20:00Z,09/20 18:20,93.33,大島,130020,22.0,5.58,-16.42,実況,549.7,968.7,9.3,16.0,1.0,87.0
2026-09-20T09:20:00Z,09/20 18:20,93.33,大阪,270000,0.0,2.38,2.38,実況,552.6,968.7,4.4,15.6,16.0,49.8
2026-09-20T09:20:00Z,09/20 18:20,93.33,宮古,030020,0.0,0.28,0.28,実況,1140.4,968.7,0.3,12.8,13.0,89.2
2026-09-20T09:20:00Z,09/20 18:20,93.33,東京,130010,1.5,2.87,1.37,実況,660.4,968.7,2.8,15.2,16.0,87.1
2026-09-20T09:20:00Z,09/20 18:20,93.33,横浜,140010,5.0,3.54,-1.46,実況,630.9,968.7,3.5,15.4,16.0,87.2
2026-09-20T09:20:00Z,09/20 18:20,93.33,水戸,080020,4.5,1.65,-2.85,実況,754.3,968.7,4.2,14.6,1.0,89.9
2026-09-20T09:20:00Z,09/20 18:20,93.33,甲府,,3.5,4.29,0.79,実況,632.7,968.7,1.5,15.3,15.0,77.8
2026-09-20T09:20:00Z,09/20 18:20,93.33,銚子,120020,2.5,1.78,-0.72,実況,703.4,968.7,5.7,14.9,3.0,94.7
2026-09-20T09:20:00Z,09/20 18:20,93.33,静岡,220010,3.0,5.97,2.97,実況,554.6,968.7,2.0,15.9,2.0,77.6
2026-09-20T09:20:00Z,09/20 18:20,93.33,高知,390010,0.0,0.83,0.83,実況,548.5,968.7,3.0,15.2,15.0,26.8
2026-09-20T10:20:00Z,09/20 19:20,94.33,三宅島,130020,25.5,6.48,-19.02,実況,479.1,968.3,9.7,16.8,1.0,91.7
2026-09-20T10:20:00Z,09/20 19:20,94.33,仙台,040010,0.0,0.72,0.72,実況,953.1,968.3,1.0,13.6,5.0,87.6
2026-09-20T10:20:00Z,09/20 19:20,94.33,八丈島,130030,0.0,5.75,5.75,実況,391.1,968.3,6.6,17.9,3.0,101.3
2026-09-20T10:20:00Z,09/20 19:20,94.33,千葉,120010,10.0,2.81,-7.19,実況,651.4,968.3,4.2,15.3,2.0,90.4
2026-09-20T10:20:00Z,09/20 19:20,94.33,大島,130020,20.5,6.29,-14.21,実況,539.1,968.3,8.4,16.1,1.0,87.4
2026-09-20T10:20:00Z,09/20 19:20,94.33,大阪,270000,0.0,2.21,2.21,実況,542.2,968.3,3.8,15.7,16.0,49.4
2026-09-20T10:20:00Z,09/20 19:20,94.33,宮古,030020,0.0,0.31,0.31,実況,1129.9,968.3,0.3,12.9,12.0,89.4
2026-09-20T10:20:00Z,09/20 19:20,94.33,東京,130010,7.5,3.2,-4.3,実況,649.8,968.3,1.9,15.2,16.0,87.4
2026-09-20T10:20:00Z,09/20 19:20,94.33,横浜,140010,14.5,3.95,-10.55,実況,620.2,968.3,5.4,15.5,16.0,87.5
2026-09-20T10:20:00Z,09/20 19:20,94.33,水戸,080020,1.5,1.84,0.34,実況,743.9,968.3,3.2,14.6,2.0,90.2
2026-09-20T10:20:00Z,09/20 19:20,94.33,甲府,,1.0,4.6,3.6,実況,621.7,968.3,0.6,15.4,9.0,78.0
2026-09-20T10:20:00Z,09/20 19:20,94.33,銚子,120020,2.5,2.01,-0.49,実況,693.3,968.3,7.8,15.0,2.0,95.1
2026-09-20T10:20:00Z,09/20 19:20,94.33,静岡,220010,2.5,6.39,3.89,実況,543.6,968.3,0.5,16.0,2.0,77.7
2026-09-20T10:20:00Z,09/20 19:20,94.33,高知,390010,0.0,0.74,0.74,実況,540.5,968.3,3.3,15.3,1.0,26.0
2026-09-20T11:20:00Z,09/20 20:20,95.33,三宅島,130020,14.0,6.64,-7.36,実況,468.7,967.9,13.9,16.9,2.0,92.2
2026-09-20T11:20:00Z,09/20 20:20,95.33,仙台,040010,0.0,0.76,0.76,実況,942.5,967.9,1.8,13.6,4.0,87.8
2026-09-20T11:20:00Z,09/20 20:20,95.33,八丈島,130030,0.0,5.64,5.64,実況,381.6,967.9,5.2,18.0,4.0,102.1
2026-09-20T11:20:00Z,09/20 20:20,95.33,千葉,120010,7.5,2.95,-4.55,実況,641.0,967.9,2.6,15.3,16.0,90.7
2026-09-20T11:20:00Z,09/20 20:20,95.33,大島,130020,24.5,6.61,-17.89,実況,528.5,967.9,9.2,16.2,1.0,87.7
2026-09-20T11:20:00Z,09/20 20:20,95.33,大阪,270000,0.0,2.29,2.29,実況,531.8,967.9,4.1,15.8,1.0,49.0
2026-09-20T11:20:00Z,09/20 20:20,95.33,宮古,030020,0.0,0.32,0.32,実況,1119.4,967.9,0.4,12.9,16.0,89.6
2026-09-20T11:20:00Z,09/20 20:20,95.33,東京,130010,11.0,3.38,-7.62,実況,639.2,967.9,2.6,15.3,1.0,87.7
2026-09-20T11:20:00Z,09/20 20:20,95.33,横浜,140010,21.0,4.18,-16.82,実況,609.6,967.9,3.1,15.6,16.0,87.8
2026-09-20T11:20:00Z,09/20 20:20,95.33,水戸,080020,1.0,1.94,0.94,実況,733.5,967.9,5.3,14.7,2.0,90.5
2026-09-20T11:20:00Z,09/20 20:20,95.33,甲府,,2.5,4.9,2.4,実況,610.7,967.9,0.5,15.5,14.0,78.1
2026-09-20T11:20:00Z,09/20 20:20,95.33,銚子,120020,0.0,2.11,2.11,実況,683.2,967.9,7.2,15.1,2.0,95.5
2026-09-20T11:20:00Z,09/20 20:20,95.33,静岡,220010,3.0,6.81,3.81,実況,532.6,967.9,2.7,16.1,1.0,77.9
2026-09-20T11:20:00Z,09/20 20:20,95.33,高知,390010,0.0,0.75,0.75,実況,532.5,967.9,1.7,15.4,12.0,25.2
2026-09-20T12:20:00Z,09/20 21:20,96.33,三宅島,130020,2.0,6.8,4.8,実況,456.9,967.6,2.1,17.0,13.0,92.6
2026-09-20T12:20:00Z,09/20 21:20,96.33,仙台,040010,0.0,0.81,0.81,実況,930.5,967.6,1.8,13.7,2.0,88.0
2026-09-20T12:20:00Z,09/20 21:20,96.33,八丈島,130030,0.5,5.52,5.02,実況,370.6,967.6,9.5,18.2,3.0,103.0
2026-09-20T12:20:00Z,09/20 21:20,96.33,千葉,120010,3.5,3.13,-0.37,実況,629.0,967.6,4.1,15.4,1.0,91.0
2026-09-20T12:20:00Z,09/20 21:20,96.33,大島,130020,10.5,6.98,-3.52,実況,516.4,967.6,8.7,16.4,1.0,88.1
2026-09-20T12:20:00Z,09/20 21:20,96.33,大阪,270000,0.0,2.36,2.36,実況,520.6,967.6,5.6,15.9,1.0,48.4
2026-09-20T12:20:00Z,09/20 21:20,96.33,宮古,030020,0.0,0.35,0.35,実況,1107.4,967.6,0.4,13.0,14.0,89.8
2026-09-20T12:20:00Z,09/20 21:20,96.33,東京,130010,17.5,3.6,-13.9,実況,627.1,967.6,2.8,15.4,15.0,88.0
2026-09-20T12:20:00Z,09/20 21:20,96.33,横浜,140010,15.0,4.44,-10.56,実況,597.6,967.6,7.6,15.6,16.0,88.0
2026-09-20T12:20:00Z,09/20 21:20,96.33,水戸,080020,0.5,2.07,1.57,実況,721.5,967.6,4.3,14.8,1.0,90.8
2026-09-20T12:20:00Z,09/20 21:20,96.33,甲府,,0.5,5.26,4.76,実況,598.3,967.6,1.4,15.6,6.0,78.2
2026-09-20T12:20:00Z,09/20 21:20,96.33,銚子,120020,0.0,2.22,2.22,実況,671.6,967.6,5.5,15.1,2.0,95.9
2026-09-20T12:20:00Z,09/20 21:20,96.33,静岡,220010,0.5,7.31,6.81,実況,520.2,967.6,2.6,16.3,2.0,78.0
2026-09-20T12:20:00Z,09/20 21:20,96.33,高知,390010,0.0,0.75,0.75,実況,524.6,967.6,4.8,15.4,2.0,24.1
2026-09-20T13:20:00Z,09/20 22:20,97.33,三宅島,130020,3.0,6.61,3.61,実況,442.0,967.2,9.3,17.2,2.0,93.0
2026-09-20T13:20:00Z,09/20 22:20,97.33,仙台,040010,0.0,0.87,0.87,実況,915.4,967.2,2.0,13.7,4.0,88.1
2026-09-20T13:20:00Z,09/20 22:20,97.33,八丈島,130030,0.0,5.14,5.14,実況,356.5,967.2,5.9,18.4,3.0,103.9
2026-09-20T13:20:00Z,09/20 22:20,97.33,千葉,120010,10.5,3.25,-7.25,実況,614.1,967.2,5.1,15.5,16.0,91.3
2026-09-20T13:20:00Z,09/20 22:20,97.33,大島,130020,9.5,7.16,-2.34,実況,501.3,967.2,8.6,16.5,1.0,88.3
2026-09-20T13:20:00Z,09/20 22:20,97.33,大阪,270000,0.0,2.53,2.53,実況,508.1,967.2,3.5,16.0,16.0,47.5
2026-09-20T13:20:00Z,09/20 22:20,97.33,宮古,030020,0.0,0.37,0.37,実況,1092.4,967.2,0.9,13.0,3.0,89.9
2026-09-20T13:20:00Z,09/20 22:20,97.33,東京,130010,12.0,3.78,-8.22,実況,612.0,967.2,3.6,15.5,16.0,88.1
2026-09-20T13:20:00Z,09/20 22:20,97.33,横浜,140010,7.5,4.65,-2.85,実況,582.5,967.2,7.6,15.8,16.0,88.2
2026-09-20T13:20:00Z,09/20 22:20,97.33,水戸,080020,4.0,2.17,-1.83,実況,706.5,967.2,5.5,14.9,1.0,91.0
2026-09-20T13:20:00Z,09/20 22:20,97.33,甲府,,3.0,5.71,2.71,実況,583.2,967.2,0.6,15.7,6.0,78.1
2026-09-20T13:20:00Z,09/20 22:20,97.33,銚子,120020,0.0,2.28,2.28,実況,656.9,967.2,7.6,15.2,2.0,96.2
2026-09-20T13:20:00Z,09/20 22:20,97.33,静岡,220010,2.0,7.94,5.94,実況,505.1,967.2,1.8,16.4,3.0,77.9
2026-09-20T13:20:00Z,09/20 22:20,97.33,高知,390010,0.0,0.77,0.77,実況,516.7,967.2,6.8,15.5,2.0,22.7
2026-09-20T14:20:00Z,09/20 23:20,98.33,三宅島,130020,1.0,6.72,5.72,実況,427.1,966.8,4.6,17.4,4.0,93.4
2026-09-20T14:20:00Z,09/20 23:20,98.33,仙台,040010,0.0,0.94,0.94,実況,900.3,966.8,0.9,13.8,2.0,88.2
2026-09-20T14:20:00Z,09/20 23:20,98.33,八丈島,130030,3.0,5.0,2.0,実況,342.4,966.8,5.0,18.6,3.0,104.8
2026-09-20T14:20:00Z,09/20 23:20,98.33,千葉,120010,17.5,3.48,-14.02,実況,599.1,966.8,4.9,15.7,15.0,91.5
2026-09-20T14:20:00Z,09/20 23:20,98.33,大島,130020,14.5,7.59,-6.91,実況,486.3,966.8,7.9,16.7,1.0,88.5
2026-09-20T14:20:00Z,09/20 23:20,98.33,大阪,270000,0.0,2.57,2.57,実況,495.7,966.8,4.8,16.1,16.0,46.5
2026-09-20T14:20:00Z,09/20 23:20,98.33,宮古,030020,0.0,0.4,0.4,実況,1077.3,966.8,1.8,13.1,1.0,90.0
2026-09-20T14:20:00Z,09/20 23:20,98.33,東京,130010,22.0,4.07,-17.93,実況,596.9,966.8,1.9,15.7,15.0,88.3
2026-09-20T14:20:00Z,09/20 23:20,98.33,横浜,140010,18.5,4.99,-13.51,実況,567.4,966.8,6.1,15.9,16.0,88.4
2026-09-20T14:20:00Z,09/20 23:20,98.33,水戸,080020,5.0,2.34,-2.66,実況,691.5,966.8,4.2,15.0,1.0,91.2
2026-09-20T14:20:00Z,09/20 23:20,98.33,甲府,,0.5,6.2,5.7,実況,568.0,966.8,1.1,15.8,7.0,78.0
2026-09-20T14:20:00Z,09/20 23:20,98.33,銚子,120020,1.5,2.43,0.93,実況,642.2,966.8,7.4,15.4,3.0,96.6
2026-09-20T14:20:00Z,09/20 23:20,98.33,静岡,220010,4.5,8.63,4.13,実況,490.0,966.8,2.2,16.6,2.0,77.8
2026-09-20T14:20:00Z,09/20 23:20,98.33,高知,390010,0.0,0.76,0.76,実況,509.2,966.8,5.6,15.5,2.0,21.3
2026-09-20T15:20:00Z,09/21 00:20,99.33,三宅島,130020,2.0,6.71,4.71,実況,407.8,966.4,4.3,17.6,4.0,94.1
2026-09-20T15:20:00Z,09/21 00:20,99.33,仙台,040010,0.0,1.04,1.04,実況,880.5,966.4,1.5,13.9,3.0,88.5
2026-09-20T15:20:00Z,09/21 00:20,99.33,八丈島,130030,3.0,4.76,1.76,実況,324.5,966.4,4.4,18.9,3.0,106.4
2026-09-20T15:20:00Z,09/21 00:20,99.33,千葉,120010,19.5,3.78,-15.72,実況,579.5,966.4,5.4,15.8,15.0,91.9
2026-09-20T15:20:00Z,09/21 00:20,99.33,大島,130020,9.5,8.06,-1.44,実況,466.5,966.4,7.2,16.9,1.0,88.9
2026-09-20T15:20:00Z,09/21 00:20,99.33,大阪,270000,0.0,2.62,2.62,実況,479.0,966.4,2.9,16.3,16.0,45.2
2026-09-20T15:20:00Z,09/21 00:20,99.33,宮古,030020,0.0,0.44,0.44,実況,1057.7,966.4,1.6,13.1,1.0,90.2
2026-09-20T15:20:00Z,09/21 00:20,99.33,東京,130010,12.0,4.46,-7.54,実況,577.2,966.4,3.0,15.8,1.0,88.6
2026-09-20T15:20:00Z,09/21 00:20,99.33,横浜,140010,5.0,5.44,0.44,実況,547.6,966.4,5.6,16.1,16.0,88.7
2026-09-20T15:20:00Z,09/21 00:20,99.33,水戸,080020,1.0,2.56,1.56,実況,672.0,966.4,5.2,15.1,1.0,91.6
2026-09-20T15:20:00Z,09/21 00:20,99.33,甲府,,6.0,6.9,0.9,実況,548.0,966.4,0.2,16.0,0.0,78.0
2026-09-20T15:20:00Z,09/21 00:20,99.33,銚子,120020,13.5,2.62,-10.88,実況,623.1,966.4,5.4,15.5,3.0,97.1
2026-09-20T15:20:00Z,09/21 00:20,99.33,静岡,220010,1.0,9.6,8.6,実況,469.9,966.4,3.2,16.8,16.0,77.7
2026-09-20T15:20:00Z,09/21 00:20,99.33,高知,390010,0.0,0.74,0.74,実況,498.8,966.4,3.5,15.6,2.0,19.3
2026-09-20T16:20:00Z,09/21 01:20,100.33,三宅島,130020,5.5,9.23,3.73,実況,379.5,966.0,4.9,18.0,4.0,95.5
2026-09-20T16:20:00Z,09/21 01:20,100.33,仙台,040010,0.5,1.3,0.8,実況,851.4,966.0,2.3,14.0,16.0,88.9
2026-09-20T16:20:00Z,09/21 01:20,100.33,八丈島,130030,2.5,5.69,3.19,実況,299.1,966.0,4.6,19.4,3.0,109.3
2026-09-20T16:20:00Z,09/21 01:20,100.33,千葉,120010,33.5,5.29,-28.21,実況,550.9,966.0,5.1,16.1,16.0,92.8
2026-09-20T16:20:00Z,09/21 01:20,100.33,大島,130020,16.0,11.9,-4.1,実況,437.5,966.0,6.6,17.2,2.0,89.8
2026-09-20T16:20:00Z,09/21 01:20,100.33,大阪,270000,0.0,1.75,1.75,実況,453.6,966.0,4.7,16.5,1.0,43.3
2026-09-20T16:20:00Z,09/21 01:20,100.33,宮古,030020,0.0,0.56,0.56,実況,1028.8,966.0,1.1,13.3,3.0,90.6
2026-09-20T16:20:00Z,09/21 01:20,100.33,東京,130010,8.5,5.89,-2.61,実況,548.1,966.0,3.4,16.1,16.0,89.3
2026-09-20T16:20:00Z,09/21 01:20,100.33,横浜,140010,16.5,7.32,-9.18,実況,518.6,966.0,5.8,16.4,16.0,89.5
2026-09-20T16:20:00Z,09/21 01:20,100.33,水戸,080020,4.0,3.44,-0.56,実況,643.3,966.0,5.0,15.3,1.0,92.3
2026-09-20T16:20:00Z,09/21 01:20,100.33,甲府,,2.0,6.94,4.94,実況,518.2,966.0,1.7,16.3,9.0,78.1
2026-09-20T16:20:00Z,09/21 01:20,100.33,銚子,120020,6.5,3.82,-2.68,実況,595.4,966.0,4.2,15.7,5.0,98.2
2026-09-20T16:20:00Z,09/21 01:20,100.33,静岡,220010,0.5,8.54,8.04,実況,440.1,966.0,1.0,17.1,16.0,77.8
2026-09-20T16:20:00Z,09/21 01:20,100.33,高知,390010,0.0,0.47,0.47,実況,483.1,966.0,2.3,15.7,8.0,16.4
2026-09-20T17:20:00Z,09/21 02:20,101.33,三宅島,130020,0.0,8.17,8.17,実況,351.5,965.6,4.2,18.5,5.0,97.2
2026-09-20T17:20:00Z,09/21 02:20,101.33,仙台,040010,1.0,1.51,0.51,実況,822.4,965.6,2.6,14.2,15.0,89.4
2026-09-20T17:20:00Z,09/21 02:20,101.33,八丈島,130030,0.5,5.02,4.52,実況,274.7,965.6,5.9,19.9,4.0,112.7
2026-09-20T17:20:00Z,09/21 02:20,101.33,千葉,120010,16.0,6.06,-9.94,実況,522.4,965.6,4.5,16.3,16.0,93.8
2026-09-20T17:20:00Z,09/21 02:20,101.33,大島,130020,21.5,12.82,-8.68,実況,408.6,965.6,8.5,17.6,2.0,90.8
2026-09-20T17:20:00Z,09/21 02:20,101.33,大阪,270000,0.0,1.76,1.76,実況,428.8,965.6,3.7,16.8,1.0,41.2
2026-09-20T17:20:00Z,09/21 02:20,101.33,宮古,030020,0.0,0.65,0.65,実況,999.9,965.6,1.8,13.4,1.0,91.1
2026-09-20T17:20:00Z,09/21 02:20,101.33,東京,130010,3.5,6.85,3.35,実況,519.1,965.6,2.9,16.4,15.0,90.1
2026-09-20T17:20:00Z,09/21 02:20,101.33,横浜,140010,2.5,8.5,6.0,実況,489.6,965.6,6.4,16.6,16.0,90.3
2026-09-20T17:20:00Z,09/21 02:20,101.33,水戸,080020,22.0,3.97,-18.03,実況,614.7,965.6,5.0,15.5,16.0,93.1
2026-09-20T17:20:00Z,09/21 02:20,101.33,甲府,,2.0,7.91,5.91,実況,488.4,965.6,0.9,16.6,11.0,78.3
2026-09-20T17:20:00Z,09/21 02:20,101.33,銚子,120020,1.0,4.27,3.27,実況,567.9,965.6,6.3,16.0,6.0,99.3
2026-09-20T17:20:00Z,09/21 02:20,101.33,静岡,220010,0.0,9.09,9.09,実況,410.3,965.6,0.5,17.5,11.0,78.0
2026-09-20T17:20:00Z,09/21 02:20,101.33,高知,390010,0.0,0.45,0.45,実況,468.8,965.6,4.1,15.8,13.0,13.3
2026-09-20T18:20:00Z,09/21 03:20,102.33,三宅島,130020,3.5,7.28,3.78,実況,325.0,965.3,4.9,18.9,6.0,98.5
2026-09-20T18:20:00Z,09/21 03:20,102.33,仙台,040010,4.5,1.74,-2.76,実況,795.0,965.3,2.2,14.3,14.0,89.7
2026-09-20T18:20:00Z,09/21 03:20,102.33,八丈島,130030,0.5,4.48,3.98,実況,251.6,965.3,5.1,20.5,3.0,116.1
2026-09-20T18:20:00Z,09/21 03:20,102.33,千葉,120010,6.0,6.84,0.84,実況,495.5,965.3,4.1,16.6,16.0,94.5
2026-09-20T18:20:00Z,09/21 03:20,102.33,大島,130020,15.0,11.5,-3.5,実況,381.3,965.3,6.9,18.0,2.0,91.5
2026-09-20T18:20:00Z,09/21 03:20,102.33,大阪,270000,0.0,1.72,1.72,実況,407.9,965.3,3.9,17.1,16.0,38.7
2026-09-20T18:20:00Z,09/21 03:20,102.33,宮古,030020,1.0,0.75,-0.25,実況,972.7,965.3,1.5,13.5,16.0,91.4
2026-09-20T18:20:00Z,09/21 03:20,102.33,東京,130010,0.5,7.87,7.37,実況,491.8,965.3,2.6,16.6,16.0,90.6
2026-09-20T18:20:00Z,09/21 03:20,102.33,横浜,140010,1.0,9.75,8.75,実況,462.3,965.3,6.6,16.9,16.0,90.9
2026-09-20T18:20:00Z,09/21 03:20,102.33,水戸,080020,26.5,4.54,-21.96,実況,587.7,965.3,4.1,15.8,16.0,93.7
2026-09-20T18:20:00Z,09/21 03:20,102.33,甲府,,1.0,8.74,7.74,実況,460.7,965.3,0.9,16.9,8.0,78.1
2026-09-20T18:20:00Z,09/21 03:20,102.33,銚子,120020,0.0,4.72,4.72,実況,541.7,965.3,6.0,16.2,7.0,100.3
2026-09-20T18:20:00Z,09/21 03:20,102.33,静岡,220010,1.5,9.11,7.61,実況,382.7,965.3,1.3,17.9,3.0,77.8
2026-09-20T18:20:00Z,09/21 03:20,102.33,高知,390010,0.0,0.42,0.42,実況,459.0,965.3,3.7,15.9,14.0,10.1
2026-09-20T19:20:00Z,09/21 04:20,103.33,三宅島,130020,2.0,7.18,5.18,実況,304.2,965.0,4.3,19.3,5.0,98.7
2026-09-20T19:20:00Z,09/21 04:20,103.33,仙台,040010,4.0,1.87,-2.13,実況,774.3,965.0,3.3,14.5,15.0,89.6
2026-09-20T19:20:00Z,09/21 04:20,103.33,八丈島,130030,0.0,4.65,4.65,実況,232.0,965.0,5.3,21.0,2.0,117.8
2026-09-20T19:20:00Z,09/21 04:20,103.33,千葉,120010,0.5,7.86,7.36,実況,474.7,965.0,4.0,16.8,16.0,94.4
2026-09-20T19:20:00Z,09/21 04:20,103.33,大島,130020,57.0,10.03,-46.97,実況,360.6,965.0,7.6,18.3,1.0,91.2
2026-09-20T19:20:00Z,09/21 04:20,103.33,大阪,270000,0.0,1.27,1.27,実況,397.4,965.0,3.6,17.2,16.0,36.2
2026-09-20T19:20:00Z,09/21 04:20,103.33,宮古,030020,2.5,0.82,-1.68,実況,952.0,965.0,0.7,13.6,1.0,91.3
2026-09-20T19:20:00Z,09/21 04:20,103.33,東京,130010,0.5,8.02,7.52,実況,471.1,965.0,2.6,16.8,15.0,90.4
2026-09-20T19:20:00Z,09/21 04:20,103.33,横浜,140010,1.0,9.62,8.62,実況,441.6,965.0,5.9,17.2,16.0,90.7
2026-09-20T19:20:00Z,09/21 04:20,103.33,水戸,080020,4.5,5.08,0.58,実況,566.9,965.0,2.3,15.9,16.0,93.6
2026-09-20T19:20:00Z,09/21 04:20,103.33,甲府,,3.5,6.95,3.45,実況,441.1,965.0,0.6,17.1,12.0,77.3
2026-09-20T19:20:00Z,09/21 04:20,103.33,銚子,120020,0.5,5.94,5.44,実況,520.9,965.0,3.1,16.4,6.0,100.5
2026-09-20T19:20:00Z,09/21 04:20,103.33,静岡,220010,0.5,6.87,6.37,実況,363.1,965.0,2.2,18.2,15.0,76.8
2026-09-20T19:20:00Z,09/21 04:20,103.33,高知,390010,0.0,0.3,0.3,実況,458.3,965.0,3.4,15.8,14.0,7.6
2026-09-20T20:20:00Z,09/21 05:20,104.33,三宅島,130020,0.0,6.72,6.72,実況,289.9,965.0,5.4,19.6,4.0,98.2
2026-09-20T20:20:00Z,09/21 05:20,104.33,仙台,040010,3.0,1.98,-1.02,実況,760.7,965.0,1.8,14.5,16.0,89.2
2026-09-20T20:20:00Z,09/21 05:20,104.33,八丈島,130030,1.5,4.39,2.89,実況,217.5,965.0,5.3,21.4,3.0,118.3
2026-09-20T20:20:00Z,09/21 05:20,104.33,千葉,120010,2.5,8.31,5.81,実況,460.7,965.0,3.9,17.0,16.0,94.0
2026-09-20T20:20:00Z,09/21 05:20,104.33,大島,130020,28.0,9.4,-18.6,実況,346.8,965.0,8.6,18.5,2.0,90.5
2026-09-20T20:20:00Z,09/21 05:20,104.33,大阪,270000,0.0,1.2,1.2,実況,393.7,965.0,3.0,17.2,16.0,34.2
2026-09-20T20:20:00Z,09/21 05:20,104.33,宮古,030020,1.0,0.87,-0.13,実況,938.2,965.0,1.2,13.6,15.0,91.1
2026-09-20T20:20:00Z,09/21 05:20,104.33,東京,130010,1.0,8.29,7.29,実況,457.4,965.0,3.1,17.0,15.0,89.8
2026-09-20T20:20:00Z,09/21 05:20,104.33,横浜,140010,2.0,9.72,7.72,実況,427.9,965.0,5.9,17.3,15.0,90.0
2026-09-20T20:20:00Z,09/21 05:20,104.33,水戸,080020,1.5,5.41,3.91,実況,552.9,965.0,1.6,16.1,1.0,93.2
2026-09-20T20:20:00Z,09/21 05:20,104.33,甲府,,1.0,6.85,5.85,実況,428.9,965.0,1.4,17.2,6.0,76.3
2026-09-20T20:20:00Z,09/21 05:20,104.33,銚子,120020,0.0,6.36,6.36,実況,506.5,965.0,3.8,16.5,6.0,100.2
2026-09-20T20:20:00Z,09/21 05:20,104.33,静岡,220010,1.0,6.56,5.56,実況,351.0,965.0,2.1,18.3,16.0,75.5
2026-09-20T20:20:00Z,09/21 05:20,104.33,高知,390010,0.0,0.28,0.28,実況,461.8,965.0,3.5,15.7,14.0,5.9
2026-09-20T21:20:00Z,09/21 06:20,105.33,三宅島,130020,0.0,6.15,6.15,実況,271.0,965.0,6.5,20.8,4.0,97.4
2026-09-20T21:20:00Z,09/21 06:20,105.33,仙台,040010,6.0,2.15,-3.85,実況,742.6,965.0,3.3,14.6,16.0,88.8
2026-09-20T21:20:00Z,09/21 06:20,105.33,八丈島,130030,2.0,4.05,2.05,実況,198.3,965.0,4.7,23.0,2.0,119.2
2026-09-20T21:20:00Z,09/21 06:20,105.33,千葉,120010,6.5,8.84,2.34,実況,442.0,965.0,3.5,17.5,16.0,93.4
2026-09-20T21:20:00Z,09/21 06:20,105.33,大島,130020,16.5,8.61,-7.89,実況,328.6,965.0,7.4,19.5,2.0,89.4
2026-09-20T21:20:00Z,09/21 06:20,105.33,大阪,270000,0.0,1.1,1.1,実況,389.4,965.0,2.9,17.9,16.0,31.5
2026-09-20T21:20:00Z,09/21 06:20,105.33,宮古,030020,0.5,0.95,0.45,実況,919.9,965.0,0.4,13.5,1.0,90.8
2026-09-20T21:20:00Z,09/21 06:20,105.33,東京,130010,15.0,8.51,-6.49,実況,439.2,965.0,3.1,17.6,15.0,89.0
2026-09-20T21:20:00Z,09/21 06:20,105.33,横浜,140010,9.5,9.58,0.08,実況,409.7,965.0,5.6,18.0,15.0,89.2
2026-09-20T21:20:00Z,09/21 06:20,105.33,水戸,080020,1.0,5.86,4.86,実況,534.4,965.0,2.2,16.4,16.0,92.7
2026-09-20T21:20:00Z,09/21 06:20,105.33,甲府,,3.0,6.66,3.66,実況,413.0,965.0,0.9,17.9,12.0,74.9
2026-09-20T21:20:00Z,09/21 06:20,105.33,銚子,120020,0.5,6.97,6.47,実況,487.4,965.0,4.8,17.0,6.0,99.9
2026-09-20T21:20:00Z,09/21 06:20,105.33,静岡,220010,2.0,6.13,4.13,実況,335.2,965.0,2.4,19.3,1.0,73.7
2026-09-20T21:20:00Z,09/21 06:20,105.33,高知,390010,0.0,0.25,0.25,実況,467.0,965.0,3.1,15.8,16.0,3.6
2026-09-20T22:20:00Z,09/21 07:20,106.33,三宅島,130020,1.5,5.44,3.94,実況,245.4,965.0,8.4,21.5,4.0,97.2
2026-09-20T22:20:00Z,09/21 07:20,106.33,仙台,040010,3.5,2.41,-1.09,実況,717.5,965.0,2.2,14.8,15.0,88.5
2026-09-20T22:20:00Z,09/21 07:20,106.33,八丈島,130030,5.0,3.61,-1.39,実況,174.5,965.0,6.1,24.0,3.0,122.1
2026-09-20T22:20:00Z,09/21 07:20,106.33,千葉,120010,22.0,9.29,-12.71,実況,416.6,965.0,2.6,17.9,16.0,93.1
2026-09-20T22:20:00Z,09/21 07:20,106.33,大島,130020,12.5,7.68,-4.82,実況,303.5,965.0,4.2,20.0,2.0,88.6
2026-09-20T22:20:00Z,09/21 07:20,106.33,大阪,270000,0.0,1.01,1.01,実況,380.6,965.0,3.0,18.0,16.0,28.0
2026-09-20T22:20:00Z,09/21 07:20,106.33,宮古,030020,0.5,1.07,0.57,実況,894.6,965.0,0.8,13.7,15.0,90.6
2026-09-20T22:20:00Z,09/21 07:20,106.33,東京,130010,8.0,8.66,0.66,実況,414.1,965.0,2.8,17.9,15.0,88.4
2026-09-20T22:20:00Z,09/21 07:20,106.33,横浜,140010,1.5,9.19,7.69,実況,384.6,965.0,6.8,18.4,16.0,88.6
2026-09-20T22:20:00Z,09/21 07:20,106.33,水戸,080020,5.5,6.56,1.06,実況,509.0,965.0,1.4,16.7,16.0,92.4
2026-09-20T22:20:00Z,09/21 07:20,106.33,甲府,,0.0,6.47,6.47,実況,389.9,965.0,0.8,18.3,14.0,73.4
2026-09-20T22:20:00Z,09/21 07:20,106.33,銚子,120020,0.0,7.8,7.8,実況,461.8,965.0,4.3,17.3,6.0,100.0
2026-09-20T22:20:00Z,09/21 07:20,106.33,静岡,220010,0.0,5.66,5.66,実況,312.4,965.0,1.4,19.8,2.0,71.7
2026-09-20T22:20:00Z,09/21 07:20,106.33,高知,390010,0.0,0.22,0.22,実況,470.2,965.0,3.1,15.7,15.0,0.6
2026-09-20T23:20:00Z,09/21 08:20,107.33,三宅島,130020,19.5,6.83,-12.67,予報,224.5,965.1,6.7,21.5,3.0,99.1
2026-09-20T23:20:00Z,09/21 08:20,107.33,仙台,040010,0.0,1.03,1.03,予報,695.7,965.1,3.5,13.3,16.0,88.8
2026-09-20T23:20:00Z,09/21 08:20,107.33,八丈島,130030,1.0,3.67,2.67,予報,159.3,965.1,9.9,24.6,4.0,127.7
2026-09-20T23:20:00Z,09/21 08:20,107.33,千葉,120010,11.0,6.37,-4.63,予報,395.2,965.1,3.7,17.0,15.0,93.9
2026-09-20T23:20:00Z,09/21 08:20,107.33,大島,130020,10.0,10.66,0.66,予報,281.7,965.1,7.1,19.7,2.0,89.5
2026-09-20T23:20:00Z,09/21 08:20,107.33,大阪,270000,0.0,1.13,1.13,予報,366.6,965.1,4.2,18.4,16.0,25.4
2026-09-20T23:20:00Z,09/21 08:20,107.33,宮古,030020,0.5,0.34,-0.16,予報,872.9,965.1,1.6,12.1,9.0,90.9
2026-09-20T23:20:00Z,09/21 08:20,107.33,東京,130010,7.5,7.11,-0.39,予報,392.3,965.1,2.2,17.1,16.0,89.1
2026-09-20T23:20:00Z,09/21 08:20,107.33,横浜,140010,4.5,9.14,4.64,予報,362.8,965.1,6.1,17.7,16.0,89.2
2026-09-20T23:20:00Z,09/21 08:20,107.33,水戸,080020,7.0,3.6,-3.4,予報,487.5,965.1,3.8,15.5,2.0,93.1
2026-09-20T23:20:00Z,09/21 08:20,107.33,甲府,,0.0,6.7,6.7,予報,367.7,965.1,1.7,17.8,7.0,73.1
2026-09-20T23:20:00Z,09/21 08:20,107.33,銚子,120020,0.5,4.03,3.53,予報,441.3,965.1,4.1,16.1,6.0,101.1
2026-09-20T23:20:00Z,09/21 08:20,107.33,静岡,220010,0.0,6.52,6.52,予報,290.3,965.1,2.9,19.7,2.0,71.3
2026-09-20T23:20:00Z,09/21 08:20,107.33,高知,390010,0.0,0.33,0.33,予報,465.9,965.1,2.6,16.8,15.0,358.0
2026-09-21T00:20:00Z,09/21 09:20,108.33,三宅島,130020,7.5,5.52,-1.98,予報,201.2,965.2,10.7,24.0,4.0,99.9
2026-09-21T00:20:00Z,09/21 09:20,108.33,仙台,040010,0.5,1.37,0.87,予報,672.2,965.2,3.1,13.6,16.0,88.7
2026-09-21T00:20:00Z,09/21 09:20,108.33,八丈島,130030,4.5,3.06,-1.44,予報,140.6,965.2,7.1,28.4,3.0,133.2
2026-09-21T00:20:00Z,09/21 09:20,108.33,千葉,120010,3.5,8.13,4.63,予報,371.7,965.2,2.9,18.0,1.0,94.0
2026-09-21T00:20:00Z,09/21 09:20,108.33,大島,130020,15.0,8.76,-6.24,予報,258.2,965.2,5.8,21.4,2.0,89.2
2026-09-21T00:20:00Z,09/21 09:20,108.33,大阪,270000,0.0,0.95,0.95,予報,358.3,965.2,3.7,18.3,16.0,22.0
2026-09-21T00:20:00Z,09/21 09:20,108.33,宮古,030020,0.0,0.47,0.47,予報,849.4,965.2,1.3,12.2,6.0,90.9
2026-09-21T00:20:00Z,09/21 09:20,108.33,東京,130010,11.0,8.71,-2.29,予報,368.8,965.2,1.7,18.1,1.0,88.9
2026-09-21T00:20:00Z,09/21 09:20,108.33,横浜,140010,7.5,10.73,3.23,予報,339.3,965.2,4.8,18.8,15.0,89.0
2026-09-21T00:20:00Z,09/21 09:20,108.33,水戸,080020,3.5,4.7,1.2,予報,464.0,965.2,2.7,16.2,2.0,93.1
2026-09-21T00:20:00Z,09/21 09:20,108.33,甲府,,0.5,6.77,6.27,予報,345.7,965.2,2.3,18.6,6.0,71.8
2026-09-21T00:20:00Z,09/21 09:20,108.33,銚子,120020,0.0,5.21,5.21,予報,418.0,965.2,4.8,17.0,6.0,101.6
2026-09-21T00:20:00Z,09/21 09:20,108.33,静岡,220010,0.0,6.01,6.01,予報,268.6,965.2,1.9,21.0,1.0,69.5
2026-09-21T00:20:00Z,09/21 09:20,108.33,高知,390010,0.0,0.24,0.24,予報,468.5,965.2,4.0,16.2,16.0,355.2
