site,start_lead_h,start_jst,end_jst,total_mm,peak_mm_h,anchored_total_mm,anchored_peak_mm_h,wet_frac
三宅島,0.0,09/21 08:00,09/21 14:00,25.5,6.1,126.2,30.0,1.0
三宅島,6.0,09/21 14:00,09/21 20:00,9.9,2.6,49.2,12.8,1.0
三宅島,12.0,09/21 20:00,09/22 02:00,3.2,0.9,15.9,4.4,1.0
三宅島,18.0,09/22 02:00,09/22 08:00,0.9,0.3,4.3,1.4,0.71
三宅島,24.0,09/22 08:00,09/22 14:00,0.2,0.1,0.9,0.3,0.0
三宅島,30.0,09/22 14:00,09/22 20:00,0.0,0.0,0.2,0.1,0.0
三宅島,36.0,09/22 20:00,09/23 02:00,0.0,0.0,0.0,0.0,0.0
三宅島,42.0,09/23 02:00,09/23 08:00,0.0,0.0,0.0,0.0,0.0
三宅島,48.0,09/23 08:00,09/23 14:00,0.0,0.0,0.0,0.0,0.0
三宅島,54.0,09/23 14:00,09/23 20:00,0.0,0.0,0.0,0.0,0.0
三宅島,60.0,09/23 20:00,09/24 02:00,0.0,0.0,0.0,0.0,0.0
三宅島,66.0,09/24 02:00,09/24 08:00,0.0,0.0,0.0,0.0,0.0
仙台,0.0,09/21 08:00,09/21 14:00,10.4,2.6,29.4,7.4,1.0
仙台,6.0,09/21 14:00,09/21 20:00,10.7,2.4,30.5,6.7,1.0
仙台,12.0,09/21 20:00,09/22 02:00,7.2,1.6,20.6,4.7,1.0
仙台,18.0,09/22 02:00,09/22 08:00,2.2,0.7,6.2,2.0,1.0
仙台,24.0,09/22 08:00,09/22 14:00,0.4,0.1,1.2,0.4,0.29
仙台,30.0,09/22 14:00,09/22 20:00,0.1,0.0,0.2,0.1,0.0
仙台,36.0,09/22 20:00,09/23 02:00,0.0,0.0,0.0,0.0,0.0
仙台,42.0,09/23 02:00,09/23 08:00,0.0,0.0,0.0,0.0,0.0
仙台,48.0,09/23 08:00,09/23 14:00,0.0,0.0,0.0,0.0,0.0
仙台,54.0,09/23 14:00,09/23 20:00,0.0,0.0,0.0,0.0,0.0
仙台,60.0,09/23 20:00,09/24 02:00,0.0,0.0,0.0,0.0,0.0
仙台,66.0,09/24 02:00,09/24 08:00,0.0,0.0,0.0,0.0,0.0
八丈島,0.0,09/21 08:00,09/21 14:00,18.2,4.2,130.4,30.0,1.0
八丈島,6.0,09/21 14:00,09/21 20:00,8.2,2.0,58.7,14.5,1.0
八丈島,12.0,09/21 20:00,09/22 02:00,3.0,0.8,21.2,5.9,1.0
八丈島,18.0,09/22 02:00,09/22 08:00,0.8,0.3,6.0,1.8,0.71
八丈島,24.0,09/22 08:00,09/22 14:00,0.2,0.1,1.3,0.5,0.0
八丈島,30.0,09/22 14:00,09/22 20:00,0.0,0.0,0.2,0.1,0.0
八丈島,36.0,09/22 20:00,09/23 02:00,0.0,0.0,0.0,0.0,0.0
八丈島,42.0,09/23 02:00,09/23 08:00,0.0,0.0,0.0,0.0,0.0
八丈島,48.0,09/23 08:00,09/23 14:00,0.0,0.0,0.0,0.0,0.0
八丈島,54.0,09/23 14:00,09/23 20:00,0.0,0.0,0.0,0.0,0.0
八丈島,60.0,09/23 20:00,09/24 02:00,0.0,0.0,0.0,0.0,0.0
八丈島,66.0,09/24 02:00,09/24 08:00,0.0,0.0,0.0,0.0,0.0
千葉,0.0,09/21 08:00,09/21 14:00,32.4,9.4,124.0,36.2,1.0
千葉,6.0,09/21 14:00,09/21 20:00,16.1,4.0,61.6,15.2,1.0
千葉,12.0,09/21 20:00,09/22 02:00,4.9,1.5,18.8,5.7,1.0
千葉,18.0,09/22 02:00,09/22 08:00,1.2,0.4,4.7,1.5,0.86
千葉,24.0,09/22 08:00,09/22 14:00,0.2,0.1,0.9,0.3,0.0
千葉,30.0,09/22 14:00,09/22 20:00,0.0,0.0,0.2,0.1,0.0
千葉,36.0,09/22 20:00,09/23 02:00,0.0,0.0,0.0,0.0,0.0
千葉,42.0,09/23 02:00,09/23 08:00,0.0,0.0,0.0,0.0,0.0
千葉,48.0,09/23 08:00,09/23 14:00,0.0,0.0,0.0,0.0,0.0
千葉,54.0,09/23 14:00,09/23 20:00,0.0,0.0,0.0,0.0,0.0
千葉,60.0,09/23 20:00,09/24 02:00,0.0,0.0,0.0,0.0,0.0
千葉,66.0,09/24 02:00,09/24 08:00,0.0,0.0,0.0,0.0,0.0
大島,0.0,09/21 08:00,09/21 14:00,31.0,7.3,153.8,36.1,1.0
大島,6.0,09/21 14:00,09/21 20:00,12.3,3.2,61.1,16.0,1.0
大島,12.0,09/21 20:00,09/22 02:00,3.8,1.1,18.6,5.2,1.0
大島,18.0,09/22 02:00,09/22 08:00,1.0,0.3,5.0,1.6,0.71
大島,24.0,09/22 08:00,09/22 14:00,0.2,0.1,1.0,0.4,0.0
大島,30.0,09/22 14:00,09/22 20:00,0.0,0.0,0.2,0.1,0.0
大島,36.0,09/22 20:00,09/23 02:00,0.0,0.0,0.0,0.0,0.0
大島,42.0,09/23 02:00,09/23 08:00,0.0,0.0,0.0,0.0,0.0
大島,48.0,09/23 08:00,09/23 14:00,0.0,0.0,0.0,0.0,0.0
大島,54.0,09/23 14:00,09/23 20:00,0.0,0.0,0.0,0.0,0.0
大島,60.0,09/23 20:00,09/24 02:00,0.0,0.0,0.0,0.0,0.0
大島,66.0,09/24 02:00,09/24 08:00,0.0,0.0,0.0,0.0,0.0
大阪,0.0,09/21 08:00,09/21 14:00,3.6,1.0,11.6,3.2,1.0
大阪,6.0,09/21 14:00,09/21 20:00,1.2,0.5,3.9,1.5,1.0
大阪,12.0,09/21 20:00,09/22 02:00,0.4,0.1,1.4,0.4,0.29
大阪,18.0,09/22 02:00,09/22 08:00,0.1,0.0,0.4,0.1,0.0
大阪,24.0,09/22 08:00,09/22 14:00,0.0,0.0,0.1,0.0,0.0
大阪,30.0,09/22 14:00,09/22 20:00,0.0,0.0,0.0,0.0,0.0
大阪,36.0,09/22 20:00,09/23 02:00,0.0,0.0,0.0,0.0,0.0
大阪,42.0,09/23 02:00,09/23 08:00,0.0,0.0,0.0,0.0,0.0
大阪,48.0,09/23 08:00,09/23 14:00,0.0,0.0,0.0,0.0,0.0
大阪,54.0,09/23 14:00,09/23 20:00,0.0,0.0,0.0,0.0,0.0
大阪,60.0,09/23 20:00,09/24 02:00,0.0,0.0,0.0,0.0,0.0
大阪,66.0,09/24 02:00,09/24 08:00,0.0,0.0,0.0,0.0,0.0
宮古,0.0,09/21 08:00,09/21 14:00,4.6,1.2,14.0,3.7,1.0
宮古,6.0,09/21 14:00,09/21 20:00,6.2,1.2,18.7,3.7,1.0
宮古,12.0,09/21 20:00,09/22 02:00,6.9,1.3,20.9,3.8,1.0
宮古,18.0,09/22 02:00,09/22 08:00,3.2,0.9,9.5,2.8,1.0
宮古,24.0,09/22 08:00,09/22 14:00,0.6,0.2,2.0,0.7,0.43
宮古,30.0,09/22 14:00,09/22 20:00,0.1,0.0,0.4,0.1,0.0
宮古,36.0,09/22 20:00,09/23 02:00,0.0,0.0,0.1,0.0,0.0
宮古,42.0,09/23 02:00,09/23 08:00,0.0,0.0,0.0,0.0,0.0
宮古,48.0,09/23 08:00,09/23 14:00,0.0,0.0,0.0,0.0,0.0
宮古,54.0,09/23 14:00,09/23 20:00,0.0,0.0,0.0,0.0,0.0
宮古,60.0,09/23 20:00,09/24 02:00,0.0,0.0,0.0,0.0,0.0
宮古,66.0,09/24 02:00,09/24 08:00,0.0,0.0,0.0,0.0,0.0
東京,0.0,09/21 08:00,09/21 14:00,30.0,8.8,101.4,29.9,1.0
東京,6.0,09/21 14:00,09/21 20:00,14.6,3.7,49.5,12.5,1.0
東京,12.0,09/21 20:00,09/22 02:00,4.5,1.3,15.3,4.5,1.0
東京,18.0,09/22 02:00,09/22 08:00,1.2,0.4,3.9,1.2,0.86
東京,24.0,09/22 08:00,09/22 14:00,0.2,0.1,0.8,0.3,0.0
東京,30.0,09/22 14:00,09/22 20:00,0.0,0.0,0.1,0.0,0.0
東京,36.0,09/22 20:00,09/23 02:00,0.0,0.0,0.0,0.0,0.0
東京,42.0,09/23 02:00,09/23 08:00,0.0,0.0,0.0,0.0,0.0
東京,48.0,09/23 08:00,09/23 14:00,0.0,0.0,0.0,0.0,0.0
東京,54.0,09/23 14:00,09/23 20:00,0.0,0.0,0.0,0.0,0.0
東京,60.0,09/23 20:00,09/24 02:00,0.0,0.0,0.0,0.0,0.0
東京,66.0,09/24 02:00,09/24 08:00,0.0,0.0,0.0,0.0,0.0
横浜,0.0,09/21 08:00,09/21 14:00,32.5,9.1,66.0,18.4,1.0
横浜,6.0,09/21 14:00,09/21 20:00,14.8,3.7,29.9,7.6,1.0
横浜,12.0,09/21 20:00,09/22 02:00,4.5,1.3,9.0,2.6,1.0
横浜,18.0,09/22 02:00,09/22 08:00,1.2,0.4,2.3,0.7,0.86
横浜,24.0,09/22 08:00,09/22 14:00,0.2,0.1,0.5,0.2,0.0
横浜,30.0,09/22 14:00,09/22 20:00,0.0,0.0,0.1,0.0,0.0
横浜,36.0,09/22 20:00,09/23 02:00,0.0,0.0,0.0,0.0,0.0
横浜,42.0,09/23 02:00,09/23 08:00,0.0,0.0,0.0,0.0,0.0
横浜,48.0,09/23 08:00,09/23 14:00,0.0,0.0,0.0,0.0,0.0
横浜,54.0,09/23 14:00,09/23 20:00,0.0,0.0,0.0,0.0,0.0
横浜,60.0,09/23 20:00,09/24 02:00,0.0,0.0,0.0,0.0,0.0
横浜,66.0,09/24 02:00,09/24 08:00,0.0,0.0,0.0,0.0,0.0
水戸,0.0,09/21 08:00,09/21 14:00,26.5,7.1,71.9,19.1,1.0
水戸,6.0,09/21 14:00,09/21 20:00,18.6,4.4,50.3,11.9,1.0
水戸,12.0,09/21 20:00,09/22 02:00,6.7,2.0,18.1,5.3,1.0
水戸,18.0,09/22 02:00,09/22 08:00,1.6,0.5,4.3,1.4,1.0
水戸,24.0,09/22 08:00,09/22 14:00,0.3,0.1,0.9,0.3,0.14
水戸,30.0,09/22 14:00,09/22 20:00,0.1,0.0,0.2,0.1,0.0
水戸,36.0,09/22 20:00,09/23 02:00,0.0,0.0,0.0,0.0,0.0
水戸,42.0,09/23 02:00,09/23 08:00,0.0,0.0,0.0,0.0,0.0
水戸,48.0,09/23 08:00,09/23 14:00,0.0,0.0,0.0,0.0,0.0
水戸,54.0,09/23 14:00,09/23 20:00,0.0,0.0,0.0,0.0,0.0
水戸,60.0,09/23 20:00,09/24 02:00,0.0,0.0,0.0,0.0,0.0
水戸,66.0,09/24 02:00,09/24 08:00,0.0,0.0,0.0,0.0,0.0
甲府,0.0,09/21 08:00,09/21 14:00,21.8,6.5,70.9,21.3,1.0
甲府,6.0,09/21 14:00,09/21 20:00,9.2,2.6,29.9,8.6,1.0
甲府,12.0,09/21 20:00,09/22 02:00,3.0,0.8,9.8,2.7,1.0
甲府,18.0,09/22 02:00,09/22 08:00,0.8,0.3,2.7,0.8,0.71
甲府,24.0,09/22 08:00,09/22 14:00,0.2,0.1,0.5,0.2,0.0
甲府,30.0,09/22 14:00,09/22 20:00,0.0,0.0,0.1,0.0,0.0
甲府,36.0,09/22 20:00,09/23 02:00,0.0,0.0,0.0,0.0,0.0
甲府,42.0,09/23 02:00,09/23 08:00,0.0,0.0,0.0,0.0,0.0
甲府,48.0,09/23 08:00,09/23 14:00,0.0,0.0,0.0,0.0,0.0
甲府,54.0,09/23 14:00,09/23 20:00,0.0,0.0,0.0,0.0,0.0
甲府,60.0,09/23 20:00,09/24 02:00,0.0,0.0,0.0,0.0,0.0
甲府,66.0,09/24 02:00,09/24 08:00,0.0,0.0,0.0,0.0,0.0
銚子,0.0,09/21 08:00,09/21 14:00,35.1,8.0,123.3,28.3,1.0
銚子,6.0,09/21 14:00,09/21 20:00,21.8,5.3,76.7,18.5,1.0
銚子,12.0,09/21 20:00,09/22 02:00,7.0,2.1,24.5,7.4,1.0
銚子,18.0,09/22 02:00,09/22 08:00,1.7,0.5,5.8,1.9,1.0
銚子,24.0,09/22 08:00,09/22 14:00,0.3,0.1,1.2,0.4,0.14
銚子,30.0,09/22 14:00,09/22 20:00,0.1,0.0,0.2,0.1,0.0
銚子,36.0,09/22 20:00,09/23 02:00,0.0,0.0,0.0,0.0,0.0
銚子,42.0,09/23 02:00,09/23 08:00,0.0,0.0,0.0,0.0,0.0
銚子,48.0,09/23 08:00,09/23 14:00,0.0,0.0,0.0,0.0,0.0
銚子,54.0,09/23 14:00,09/23 20:00,0.0,0.0,0.0,0.0,0.0
銚子,60.0,09/23 20:00,09/24 02:00,0.0,0.0,0.0,0.0,0.0
銚子,66.0,09/24 02:00,09/24 08:00,0.0,0.0,0.0,0.0,0.0
静岡,0.0,09/21 08:00,09/21 14:00,19.7,5.5,54.8,15.4,1.0
静岡,6.0,09/21 14:00,09/21 20:00,7.6,2.2,21.0,6.1,1.0
静岡,12.0,09/21 20:00,09/22 02:00,2.4,0.7,6.8,1.9,1.0
静岡,18.0,09/22 02:00,09/22 08:00,0.7,0.2,1.9,0.6,0.43
静岡,24.0,09/22 08:00,09/22 14:00,0.1,0.0,0.4,0.1,0.0
静岡,30.0,09/22 14:00,09/22 20:00,0.0,0.0,0.1,0.0,0.0
静岡,36.0,09/22 20:00,09/23 02:00,0.0,0.0,0.0,0.0,0.0
静岡,42.0,09/23 02:00,09/23 08:00,0.0,0.0,0.0,0.0,0.0
静岡,48.0,09/23 08:00,09/23 14:00,0.0,0.0,0.0,0.0,0.0
静岡,54.0,09/23 14:00,09/23 20:00,0.0,0.0,0.0,0.0,0.0
静岡,60.0,09/23 20:00,09/24 02:00,0.0,0.0,0.0,0.0,0.0
静岡,66.0,09/24 02:00,09/24 08:00,0.0,0.0,0.0,0.0,0.0
高知,0.0,09/21 08:00,09/21 14:00,1.0,0.2,3.3,0.7,1.0
高知,6.0,09/21 14:00,09/21 20:00,0.4,0.1,1.1,0.5,0.14
高知,12.0,09/21 20:00,09/22 02:00,0.1,0.0,0.4,0.1,0.0
高知,18.0,09/22 02:00,09/22 08:00,0.0,0.0,0.1,0.0,0.0
高知,24.0,09/22 08:00,09/22 14:00,0.0,0.0,0.0,0.0,0.0
高知,30.0,09/22 14:00,09/22 20:00,0.0,0.0,0.0,0.0,0.0
高知,36.0,09/22 20:00,09/23 02:00,0.0,0.0,0.0,0.0,0.0
高知,42.0,09/23 02:00,09/23 08:00,0.0,0.0,0.0,0.0,0.0
高知,48.0,09/23 08:00,09/23 14:00,0.0,0.0,0.0,0.0,0.0
高知,54.0,09/23 14:00,09/23 20:00,0.0,0.0,0.0,0.0,0.0
高知,60.0,09/23 20:00,09/24 02:00,0.0,0.0,0.0,0.0,0.0
高知,66.0,09/24 02:00,09/24 08:00,0.0,0.0,0.0,0.0,0.0
