hour,stamp,obs_pres_hPa,obs_atmp_C,obs_rh,obs_wspd_m_s,err_T_K,err_p_Pa,err_rho,err_u,err_v
0.0,2026-08-05 00:00,1011.2,16.0,0.9023839445818631,4.0,0.0,0.0,0.0,0.0,0.0
1.0,2026-08-05 01:00,1010.9,16.0,0.9023839445818631,4.0,0.0,0.0,0.0,0.0,0.0
2.0,2026-08-05 02:00,1010.8,15.9,0.9081618496369518,4.0,0.0,0.0,0.0,0.0,0.0
3.0,2026-08-05 03:00,1010.9,15.8,0.9139812562566745,4.0,0.0,0.0,0.0,0.0,0.0
4.0,2026-08-05 04:00,1011.4,15.8,0.9139812562566745,5.0,0.0,0.0,0.0,0.0,0.0
5.0,2026-08-05 05:00,1011.9,15.7,0.9139175479782663,4.0,0.0,0.0,0.0,0.0,0.0
6.0,2026-08-05 06:00,1012.3,15.7,0.9139175479782663,5.0,0.0,0.0,0.0,0.0,0.0
7.0,2026-08-05 07:00,1012.2,15.6,0.9138537700596067,4.0,0.0,0.0,0.0,0.0,0.0
8.0,2026-08-05 08:00,1012.2,15.5,0.9197232843946157,4.0,0.0,0.0,0.0,0.0,0.0
9.0,2026-08-05 09:00,1012.1,15.4,0.9196635817576888,5.0,0.0,0.0,0.0,0.0,0.0
10.0,2026-08-05 10:00,1012.0,15.5,0.9078902673517467,6.0,0.0,0.0,0.0,0.0,0.0
11.0,2026-08-05 11:00,1012.1,15.6,0.8962675939685737,6.0,0.0,0.0,0.0,0.0,0.0
12.0,2026-08-05 12:00,1012.0,15.6,0.8962675939685737,5.0,0.0,0.0,0.0,0.0,0.0
13.0,2026-08-05 13:00,1012.1,15.5,0.8961914238891036,5.0,0.0,0.0,0.0,0.0,0.0
14.0,2026-08-05 14:00,1012.3,15.4,0.9019519636075642,5.0,0.0,0.0,0.0,0.0,0.0
15.0,2026-08-05 15:00,1012.9,15.4,0.9019519636075642,4.0,0.0,0.0,0.0,0.0,0.0
16.0,2026-08-05 16:00,1013.5,15.4,0.9019519636075642,4.0,0.0,0.0,0.0,0.0,0.0
17.0,2026-08-05 17:00,1014.1,15.5,0.9078902673517467,4.0,0.0,0.0,0.0,0.0,0.0
18.0,2026-08-05 18:00,1014.2,15.5,0.9020241555358138,4.0,0.0,0.0,0.0,0.0,0.0
19.0,2026-08-05 19:00,1014.4,15.4,0.9137260049025345,5.0,0.0,0.0,0.0,0.0,0.0
20.0,2026-08-05 20:00,1014.4,15.5,0.9197232843946157,5.0,0.0,0.0,0.0,0.0,0.0
21.0,2026-08-05 21:00,1014.3,15.8,0.9139812562566745,4.0,0.0,0.0,0.0,0.0,0.0
22.0,2026-08-05 22:00,1014.0,16.1,0.9082971985117843,3.0,0.0,0.0,0.0,0.0,0.0
23.0,2026-08-05 23:00,1013.4,16.3,0.8795935710186665,3.0,0.0,0.0,0.0,0.0,0.0
24.0,2026-08-06 00:00,1013.2,16.2,0.9025273159768378,3.0,0.0,0.0,0.0,0.0,0.0
25.0,2026-08-06 01:00,1013.2,16.2,0.8909513381609734,4.0,0.0,0.0,0.0,0.0,0.0
26.0,2026-08-06 02:00,1013.3,16.1,0.8908716767532859,4.0,0.0,0.0,0.0,0.0,0.0
27.0,2026-08-06 03:00,1013.3,16.0,0.8907919299106308,4.0,0.0,0.0,0.0,0.0,0.0
28.0,2026-08-06 04:00,1013.5,15.9,0.8964956120580871,4.0,0.0,0.0,0.0,0.0,0.0
29.0,2026-08-06 05:00,1014.0,15.8,0.8964196879378954,3.0,0.0,0.0,0.0,0.0,0.0
30.0,2026-08-06 06:00,1014.5,15.8,0.8964196879378954,3.0,0.0,0.0,0.0,0.0,0.0
31.0,2026-08-06 07:00,1014.3,15.8,0.8906321794432869,2.0,0.0,0.0,0.0,0.0,0.0
32.0,2026-08-06 08:00,1014.3,15.7,0.8905521755795275,2.0,0.0,0.0,0.0,0.0,0.0
33.0,2026-08-06 09:00,1014.1,15.6,0.8962675939685737,2.0,0.0,0.0,0.0,0.0,0.0
34.0,2026-08-06 10:00,1013.7,15.5,0.8903919099926343,2.0,0.0,0.0,0.0,0.0,0.0
35.0,2026-08-06 11:00,1013.7,15.4,0.8961151715925393,2.0,0.0,0.0,0.0,0.0,0.0
36.0,2026-08-06 12:00,1013.8,15.3,0.8902312997919388,2.0,0.0,0.0,0.0,0.0,0.0
37.0,2026-08-06 13:00,1014.0,15.3,0.8902312997919388,2.0,0.0,0.0,0.0,0.0,0.0
38.0,2026-08-06 14:00,1014.4,15.3,0.8902312997919388,2.0,0.0,0.0,0.0,0.0,0.0
39.0,2026-08-06 15:00,1015.0,15.4,0.8788037582206677,2.0,0.0,0.0,0.0,0.0,0.0
40.0,2026-08-06 16:00,1015.1,15.5,0.8731910602520148,2.0,0.0,0.0,0.0,0.0,0.0
41.0,2026-08-06 17:00,1015.4,15.9,0.8566954162419518,1.0,0.0,0.0,0.0,0.0,0.0
42.0,2026-08-06 18:00,1015.6,16.1,0.8458333275142259,1.0,0.0,0.0,0.0,0.0,0.0
43.0,2026-08-06 19:00,1015.9,16.5,0.8245691978497086,1.0,0.0,0.0,0.0,0.0,0.0
44.0,2026-08-06 20:00,1015.9,16.8,0.8142919700836869,2.0,0.0,0.0,0.0,0.0,0.0
45.0,2026-08-06 21:00,1016.0,16.7,0.8248154384116951,2.0,0.0,0.0,0.0,0.0,0.0
46.0,2026-08-06 22:00,1015.9,16.6,0.8354747616503428,3.0,0.0,0.0,0.0,0.0,0.0
47.0,2026-08-06 23:00,1015.5,16.8,0.8303073633649752,2.0,0.0,0.0,0.0,0.0,0.0
48.0,2026-08-07 00:00,1015.4,16.8,0.8411376751740729,2.0,0.0,0.0,0.0,0.0,0.0
49.0,2026-08-07 01:00,1015.0,16.6,0.8463810124724284,2.0,0.0,0.0,0.0,0.0,0.0
50.0,2026-08-07 02:00,1014.8,16.1,0.8624821592448819,3.0,0.0,0.0,0.0,0.0,0.0
51.0,2026-08-07 03:00,1014.8,15.9,0.8735580502449808,3.0,0.0,0.0,0.0,0.0,0.0
52.0,2026-08-07 04:00,1015.0,15.6,0.8732829535308032,4.0,0.0,0.0,0.0,0.0,0.0
53.0,2026-08-07 05:00,1015.4,15.1,0.8958859202426598,5.0,0.0,0.0,0.0,0.0,0.0
54.0,2026-08-07 06:00,1015.8,14.7,0.919243820759249,5.0,0.0,0.0,0.0,0.0,0.0
55.0,2026-08-07 07:00,1015.8,14.3,0.9618678089217948,5.0,0.0,0.0,0.0,0.0,0.0
56.0,2026-08-07 08:00,1016.2,14.4,0.9618968805991968,4.0,0.0,0.0,0.0,0.0,0.0
57.0,2026-08-07 09:00,1016.3,14.6,0.9495594180605547,3.0,0.0,0.0,0.0,0.0,0.0
58.0,2026-08-07 10:00,1016.1,14.7,0.9557730904272964,4.0,0.0,0.0,0.0,0.0,0.0
59.0,2026-08-07 11:00,1016.0,14.7,0.9495975954134986,5.0,0.0,0.0,0.0,0.0,0.0
60.0,2026-08-07 12:00,1016.0,14.7,0.9434572410644311,5.0,0.0,0.0,0.0,0.0,0.0
61.0,2026-08-07 13:00,1016.1,14.6,0.943414544438949,5.0,0.0,0.0,0.0,0.0,0.0
62.0,2026-08-07 14:00,1016.4,14.4,0.9494829342963098,4.0,0.0,0.0,0.0,0.0,0.0
63.0,2026-08-07 15:00,1017.0,14.4,0.9494829342963098,4.0,0.0,0.0,0.0,0.0,0.0
64.0,2026-08-07 16:00,1017.1,14.4,0.9494829342963098,4.0,0.0,0.0,0.0,0.0,0.0
65.0,2026-08-07 17:00,1017.5,14.4,0.9556721676893177,4.0,0.0,0.0,0.0,0.0,0.0
66.0,2026-08-07 18:00,1017.5,14.6,0.9495594180605547,4.0,0.0,0.0,0.0,0.0,0.0
67.0,2026-08-07 19:00,1017.9,14.8,0.9434998898789043,4.0,0.0,0.0,0.0,0.0,0.0
68.0,2026-08-07 20:00,1017.9,14.9,0.9435424909529484,4.0,0.0,0.0,0.0,0.0,0.0
69.0,2026-08-07 21:00,1017.6,14.9,0.9435424909529484,4.0,0.0,0.0,0.0,0.0,0.0
70.0,2026-08-07 22:00,1017.1,14.9,0.9435424909529484,5.0,0.0,0.0,0.0,0.0,0.0
71.0,2026-08-07 23:00,1016.6,15.1,0.9497498761193929,5.0,0.0,0.0,0.0,0.0,0.0
72.0,2026-08-08 00:00,1016.2,15.2,0.9436700084363895,6.0,0.0,0.0,0.0,0.0,0.0
73.0,2026-08-08 01:00,1016.2,15.2,0.9436700084363895,6.0,0.0,0.0,0.0,0.0,0.0
74.0,2026-08-08 02:00,1016.1,15.0,0.9497118701215551,6.0,0.0,0.0,0.0,0.0,0.0
75.0,2026-08-08 03:00,1016.0,14.9,0.949673821380317,5.0,0.0,0.0,0.0,0.0,0.0
76.0,2026-08-08 04:00,1015.9,14.8,0.9558066553612986,5.0,0.0,0.0,0.0,0.0,0.0
77.0,2026-08-08 05:00,1016.2,14.5,0.961925919266648,5.0,0.0,0.0,0.0,0.0,0.0
78.0,2026-08-08 06:00,1016.5,14.4,0.9618968805991968,5.0,0.0,0.0,0.0,0.0,0.0
79.0,2026-08-08 07:00,1016.5,14.5,0.961925919266648,5.0,0.0,0.0,0.0,0.0,0.0
80.0,2026-08-08 08:00,1016.7,14.8,0.9496357298321729,5.0,0.0,0.0,0.0,0.0,0.0
81.0,2026-08-08 09:00,1016.4,14.7,0.9495975954134986,5.0,0.0,0.0,0.0,0.0,0.0
82.0,2026-08-08 10:00,1016.3,14.5,0.9557058466481219,5.0,0.0,0.0,0.0,0.0,0.0
83.0,2026-08-08 11:00,1015.9,14.3,0.9618678089217948,4.0,0.0,0.0,0.0,0.0,0.0
84.0,2026-08-08 12:00,1015.6,14.1,0.9743945387941282,4.0,0.0,0.0,0.0,0.0,0.0
85.0,2026-08-08 13:00,1015.6,14.1,0.9743945387941282,4.0,0.0,0.0,0.0,0.0,0.0
86.0,2026-08-08 14:00,1015.8,14.0,0.9807263520842073,4.0,0.0,0.0,0.0,0.0,0.0
87.0,2026-08-08 15:00,1016.2,14.1,0.9807411987367449,4.0,0.0,0.0,0.0,0.0,0.0
88.0,2026-08-08 16:00,1016.3,14.2,0.9744141951119554,3.0,0.0,0.0,0.0,0.0,0.0
89.0,2026-08-08 17:00,1016.4,14.3,0.9744338289045583,4.0,0.0,0.0,0.0,0.0,0.0
90.0,2026-08-08 18:00,1016.5,14.5,0.9681815887699888,4.0,0.0,0.0,0.0,0.0,0.0
91.0,2026-08-08 19:00,1016.5,14.4,0.9744534402061846,4.0,0.0,0.0,0.0,0.0,0.0
92.0,2026-08-08 20:00,1016.3,14.5,0.9681815887699888,4.0,0.0,0.0,0.0,0.0,0.0
93.0,2026-08-08 21:00,1016.0,14.6,0.9557394875418255,5.0,0.0,0.0,0.0,0.0,0.0
94.0,2026-08-08 22:00,1015.6,14.7,0.9557730904272964,5.0,0.0,0.0,0.0,0.0,0.0
95.0,2026-08-08 23:00,1015.1,14.8,0.9558066553612986,5.0,0.0,0.0,0.0,0.0,0.0
96.0,2026-08-09 00:00,1014.5,14.9,0.949673821380317,5.0,0.0,0.0,0.0,0.0,0.0
97.0,2026-08-09 01:00,1014.1,15.0,0.9497118701215551,4.0,0.0,0.0,0.0,0.0,0.0
98.0,2026-08-09 02:00,1013.7,15.1,0.955907123020548,4.0,0.0,0.0,0.0,0.0,0.0
99.0,2026-08-09 03:00,1013.4,14.9,0.9620417448277115,4.0,0.0,0.0,0.0,0.0,0.0
100.0,2026-08-09 04:00,1013.4,14.8,0.9620128377049109,3.0,0.0,0.0,0.0,0.0,0.0
101.0,2026-08-09 05:00,1013.3,14.9,0.9620417448277115,3.0,0.0,0.0,0.0,0.0,0.0
102.0,2026-08-09 06:00,1013.0,15.0,0.9558736716014231,1.0,0.0,0.0,0.0,0.0,0.0
103.0,2026-08-09 07:00,1012.5,15.4,0.9437547826780753,2.0,0.0,0.0,0.0,0.0,0.0
104.0,2026-08-09 08:00,1012.1,15.7,0.9317938488343087,1.0,0.0,0.0,0.0,0.0,0.0
105.0,2026-08-09 09:00,1011.8,15.8,0.9439237638824047,2.0,0.0,0.0,0.0,0.0,0.0
106.0,2026-08-09 10:00,1011.5,15.7,0.956107041265332,3.0,0.0,0.0,0.0,0.0,0.0
107.0,2026-08-09 11:00,1011.1,15.4,0.9621857899807701,3.0,0.0,0.0,0.0,0.0,0.0
108.0,2026-08-09 12:00,1010.8,15.1,0.9745900924334778,4.0,0.0,0.0,0.0,0.0,0.0
109.0,2026-08-09 13:00,1010.8,14.7,0.9935736754540467,5.0,0.0,0.0,0.0,0.0,0.0
110.0,2026-08-09 14:00,1011.2,14.4,0.9935587393870452,5.0,0.0,0.0,0.0,0.0,0.0
111.0,2026-08-09 15:00,1011.6,14.2,1.0,4.0,0.0,0.0,0.0,0.0,0.0
112.0,2026-08-09 16:00,1011.9,14.4,0.9935587393870452,3.0,0.0,0.0,0.0,0.0,0.0
113.0,2026-08-09 17:00,1012.0,14.5,0.9935637238502963,4.0,0.0,0.0,0.0,0.0,0.0
114.0,2026-08-09 18:00,1012.3,14.8,0.9871935837930046,2.0,0.0,0.0,0.0,0.0,0.0
115.0,2026-08-09 19:00,1012.8,15.1,0.9683270602002297,2.0,0.0,0.0,0.0,0.0,0.0
116.0,2026-08-09 20:00,1012.8,14.9,0.9745511605438161,3.0,0.0,0.0,0.0,0.0,0.0
117.0,2026-08-09 21:00,1012.7,14.1,0.9807411987367449,6.0,0.0,0.0,0.0,0.0,0.0
118.0,2026-08-09 22:00,1012.5,14.0,0.9680595999254621,7.0,0.0,0.0,0.0,0.0,0.0
119.0,2026-08-09 23:00,1012.3,14.2,0.9556046953484066,6.0,0.0,0.0,0.0,0.0,0.0
120.0,2026-08-10 00:00,1011.7,14.3,0.9494446277569416,5.0,0.0,0.0,0.0,0.0,0.0
121.0,2026-08-10 01:00,1011.5,14.3,0.9494446277569416,5.0,0.0,0.0,0.0,0.0,0.0
122.0,2026-08-10 02:00,1011.2,14.6,0.9373046952675445,6.0,0.0,0.0,0.0,0.0,0.0
123.0,2026-08-10 03:00,1011.2,14.7,0.9434572410644311,6.0,0.0,0.0,0.0,0.0,0.0
124.0,2026-08-10 04:00,1011.6,14.9,0.9374460209784891,5.0,0.0,0.0,0.0,0.0,0.0
125.0,2026-08-10 05:00,1011.9,15.1,0.9314869845449696,5.0,0.0,0.0,0.0,0.0,0.0
126.0,2026-08-10 06:00,1012.3,15.1,0.9436275501614317,2.0,0.0,0.0,0.0,0.0,0.0
127.0,2026-08-10 07:00,1012.3,15.2,0.9436700084363895,2.0,0.0,0.0,0.0,0.0,0.0
128.0,2026-08-10 08:00,1012.1,15.2,0.937586874830723,3.0,0.0,0.0,0.0,0.0,0.0
129.0,2026-08-10 09:00,1012.0,15.1,0.9375399758472163,2.0,0.0,0.0,0.0,0.0,0.0
130.0,2026-08-10 10:00,1011.6,15.0,0.9314356417676332,3.0,0.0,0.0,0.0,0.0,0.0
131.0,2026-08-10 11:00,1011.5,14.9,0.9313842419894375,3.0,0.0,0.0,0.0,0.0,0.0
132.0,2026-08-10 12:00,1011.6,14.9,0.9193640824477936,3.0,0.0,0.0,0.0,0.0,0.0
133.0,2026-08-10 13:00,1011.9,14.8,0.9133410276597735,3.0,0.0,0.0,0.0,0.0,0.0
134.0,2026-08-10 14:00,1012.4,14.6,0.9191835905411645,2.0,0.0,0.0,0.0,0.0,0.0
135.0,2026-08-10 15:00,1012.9,14.5,0.9251333986212783,2.0,0.0,0.0,0.0,0.0,0.0
136.0,2026-08-10 16:00,1013.5,14.6,0.9251893880332224,3.0,0.0,0.0,0.0,0.0,0.0
137.0,2026-08-10 17:00,1013.9,14.9,0.9253569851887313,2.0,0.0,0.0,0.0,0.0,0.0
138.0,2026-08-10 18:00,1014.3,15.2,0.9076858033599216,2.0,0.0,0.0,0.0,0.0,0.0
139.0,2026-08-10 19:00,1014.6,15.3,0.9077540322611792,2.0,0.0,0.0,0.0,0.0,0.0
140.0,2026-08-10 20:00,1014.7,15.4,0.8961151715925393,2.0,0.0,0.0,0.0,0.0,0.0
141.0,2026-08-10 21:00,1014.4,15.6,0.8962675939685737,3.0,0.0,0.0,0.0,0.0,0.0
142.0,2026-08-10 22:00,1014.3,15.4,0.9019519636075642,4.0,0.0,0.0,0.0,0.0,0.0
143.0,2026-08-10 23:00,1014.2,15.2,0.9135979599857126,4.0,0.0,0.0,0.0,0.0,0.0
144.0,2026-08-11 00:00,1013.8,15.0,0.9194241141092921,4.0,0.0,0.0,0.0,0.0,0.0
145.0,2026-08-11 01:00,1013.6,14.9,0.9193640824477936,4.0,0.0,0.0,0.0,0.0,0.0
146.0,2026-08-11 02:00,1013.3,14.9,0.9193640824477936,4.0,0.0,0.0,0.0,0.0,0.0
147.0,2026-08-11 03:00,1013.4,15.0,0.9194241141092921,4.0,0.0,0.0,0.0,0.0,0.0
148.0,2026-08-11 04:00,1013.6,15.1,0.9135338323667065,4.0,0.0,0.0,0.0,0.0,0.0
149.0,2026-08-11 05:00,1014.2,15.1,0.9076175000802935,3.0,0.0,0.0,0.0,0.0,0.0
150.0,2026-08-11 06:00,1014.6,15.1,0.9076175000802935,2.0,0.0,0.0,0.0,0.0,0.0
151.0,2026-08-11 07:00,1014.6,15.1,0.9076175000802935,2.0,0.0,0.0,0.0,0.0,0.0
152.0,2026-08-11 08:00,1014.5,15.0,0.9134696345065839,2.0,0.0,0.0,0.0,0.0,0.0
153.0,2026-08-11 09:00,1014.5,14.9,0.9074806699616581,2.0,0.0,0.0,0.0,0.0,0.0
154.0,2026-08-11 10:00,1014.2,14.9,0.8957326727981552,2.0,0.0,0.0,0.0,0.0,0.0
155.0,2026-08-11 11:00,1014.2,14.9,0.9015898272842117,2.0,0.0,0.0,0.0,0.0,0.0
156.0,2026-08-11 12:00,1014.2,14.7,0.925245315538571,3.0,0.0,0.0,0.0,0.0,0.0
157.0,2026-08-11 13:00,1014.3,14.4,0.9372102149545359,3.0,0.0,0.0,0.0,0.0,0.0
158.0,2026-08-11 14:00,1014.6,14.2,0.949406278027168,2.0,0.0,0.0,0.0,0.0,0.0
159.0,2026-08-11 15:00,1015.1,14.0,0.9680595999254621,2.0,0.0,0.0,0.0,0.0,0.0
160.0,2026-08-11 16:00,1015.5,14.0,0.9617803953324148,3.0,0.0,0.0,0.0,0.0,0.0
161.0,2026-08-11 17:00,1015.7,14.0,0.9680595999254621,2.0,0.0,0.0,0.0,0.0,0.0
162.0,2026-08-11 18:00,1016.0,14.1,0.9618095663382434,2.0,0.0,0.0,0.0,0.0,0.0
163.0,2026-08-11 19:00,1016.2,14.2,0.9556046953484066,3.0,0.0,0.0,0.0,0.0,0.0
164.0,2026-08-11 20:00,1016.3,14.4,0.9556721676893177,3.0,0.0,0.0,0.0,0.0,0.0
165.0,2026-08-11 21:00,1016.3,14.3,0.9556384506084391,4.0,0.0,0.0,0.0,0.0,0.0
166.0,2026-08-11 22:00,1016.1,14.3,0.9494446277569416,4.0,0.0,0.0,0.0,0.0,0.0
167.0,2026-08-11 23:00,1015.6,14.4,0.9372102149545359,4.0,0.0,0.0,0.0,0.0,0.0
168.0,2026-08-12 00:00,1015.1,14.3,0.9371628956139257,4.0,0.0,0.0,0.0,0.0,0.0
169.0,2026-08-12 01:00,1014.7,14.2,0.9310228405058868,3.0,0.0,0.0,0.0,0.0,0.0
170.0,2026-08-12 02:00,1014.5,13.9,0.9431143233963948,3.0,0.0,0.0,0.0,0.0,0.0
171.0,2026-08-12 03:00,1014.2,13.7,0.9492138792665392,3.0,0.0,0.0,0.0,0.0,0.0
172.0,2026-08-12 04:00,1014.2,13.7,0.9554353443557241,2.0,0.0,0.0,0.0,0.0,0.0
173.0,2026-08-12 05:00,1014.3,13.7,0.9492138792665392,2.0,0.0,0.0,0.0,0.0,0.0
174.0,2026-08-12 06:00,1014.3,13.6,0.949175269039261,2.0,0.0,0.0,0.0,0.0,0.0
175.0,2026-08-12 07:00,1014.1,13.6,0.9616633787147925,2.0,0.0,0.0,0.0,0.0,0.0
176.0,2026-08-12 08:00,1013.9,13.7,0.9743156875833469,2.0,0.0,0.0,0.0,0.0,0.0
177.0,2026-08-12 09:00,1013.7,13.9,0.974355158445485,3.0,0.0,0.0,0.0,0.0,0.0
178.0,2026-08-12 10:00,1013.2,14.0,0.9743748599167639,3.0,0.0,0.0,0.0,0.0,0.0
179.0,2026-08-12 11:00,1012.9,14.1,0.9680840534400861,3.0,0.0,0.0,0.0,0.0,0.0
180.0,2026-08-12 12:00,1012.8,14.2,0.9556046953484066,3.0,0.0,0.0,0.0,0.0,0.0
181.0,2026-08-12 13:00,1012.6,14.4,0.9494829342963098,3.0,0.0,0.0,0.0,0.0,0.0
182.0,2026-08-12 14:00,1012.8,14.4,0.9494829342963098,4.0,0.0,0.0,0.0,0.0,0.0
183.0,2026-08-12 15:00,1013.0,13.7,0.9743156875833469,3.0,0.0,0.0,0.0,0.0,0.0
184.0,2026-08-12 16:00,1013.1,13.4,0.98705427283206,3.0,0.0,0.0,0.0,0.0,0.0
185.0,2026-08-12 17:00,1013.1,13.7,0.9806817093152139,3.0,0.0,0.0,0.0,0.0,0.0
186.0,2026-08-12 18:00,1013.0,13.9,0.974355158445485,4.0,0.0,0.0,0.0,0.0,0.0
187.0,2026-08-12 19:00,1013.0,14.0,0.955537070062032,5.0,0.0,0.0,0.0,0.0,0.0
188.0,2026-08-12 20:00,1012.7,14.3,0.9494446277569416,5.0,0.0,0.0,0.0,0.0,0.0
189.0,2026-08-12 21:00,1012.3,14.4,0.9494829342963098,5.0,0.0,0.0,0.0,0.0,0.0
190.0,2026-08-12 22:00,1012.0,14.5,0.9433717999317478,5.0,0.0,0.0,0.0,0.0,0.0
191.0,2026-08-12 23:00,1011.5,14.7,0.9312812710973094,5.0,0.0,0.0,0.0,0.0,0.0
192.0,2026-08-13 00:00,1010.9,14.5,0.9311780712007653,3.0,0.0,0.0,0.0,0.0,0.0
193.0,2026-08-13 01:00,1010.5,14.4,0.9311263851664852,3.0,0.0,0.0,0.0,0.0,0.0
194.0,2026-08-13 02:00,1010.6,14.2,0.949406278027168,2.0,0.0,0.0,0.0,0.0,0.0
195.0,2026-08-13 03:00,1010.6,13.9,0.955503199921,2.0,0.0,0.0,0.0,0.0,0.0
196.0,2026-08-13 04:00,1011.0,13.8,0.9617219536427516,2.0,0.0,0.0,0.0,0.0,0.0
197.0,2026-08-13 05:00,1011.5,13.6,0.9679615058691424,2.0,0.0,0.0,0.0,0.0,0.0
198.0,2026-08-13 06:00,1011.7,13.6,0.9742959181234053,2.0,0.0,0.0,0.0,0.0,0.0
199.0,2026-08-13 07:00,1011.5,13.8,0.9806966073997028,3.0,0.0,0.0,0.0,0.0,0.0
200.0,2026-08-13 08:00,1011.3,13.8,0.9870943065173952,3.0,0.0,0.0,0.0,0.0,0.0
201.0,2026-08-13 09:00,1011.1,14.0,0.987114253910037,4.0,0.0,0.0,0.0,0.0,0.0
202.0,2026-08-13 10:00,1010.9,14.2,0.9871341551924959,5.0,0.0,0.0,0.0,0.0,0.0
203.0,2026-08-13 11:00,1011.2,14.4,0.9935587393870452,5.0,0.0,0.0,0.0,0.0,0.0
204.0,2026-08-13 12:00,1011.3,14.4,0.9935587393870452,5.0,0.0,0.0,0.0,0.0,0.0
205.0,2026-08-13 13:00,1011.3,14.5,0.9935637238502963,4.0,0.0,0.0,0.0,0.0,0.0
206.0,2026-08-13 14:00,1011.7,14.5,0.9935637238502963,4.0,0.0,0.0,0.0,0.0,0.0
207.0,2026-08-13 15:00,1012.1,14.3,0.9807708407933212,4.0,0.0,0.0,0.0,0.0,0.0
208.0,2026-08-13 16:00,1012.4,14.3,0.9494446277569416,6.0,0.0,0.0,0.0,0.0,0.0
209.0,2026-08-13 17:00,1012.9,14.3,0.9310746416295776,6.0,0.0,0.0,0.0,0.0,0.0
210.0,2026-08-13 18:00,1013.3,14.6,0.931229699816422,4.0,0.0,0.0,0.0,0.0,0.0
211.0,2026-08-13 19:00,1013.5,14.7,0.9434572410644311,4.0,0.0,0.0,0.0,0.0,0.0
212.0,2026-08-13 20:00,1013.5,15.0,0.9374930245887267,4.0,0.0,0.0,0.0,0.0,0.0
213.0,2026-08-13 21:00,1013.3,15.5,0.92569051769257,4.0,0.0,0.0,0.0,0.0,0.0
214.0,2026-08-13 22:00,1013.1,15.1,0.9683270602002297,5.0,0.0,0.0,0.0,0.0,0.0
215.0,2026-08-13 23:00,1013.1,15.2,0.968351208958839,4.0,0.0,0.0,0.0,0.0,0.0
216.0,2026-08-14 00:00,1012.9,15.6,0.9499392671721532,5.0,0.0,0.0,0.0,0.0,0.0
217.0,2026-08-14 01:00,1013.1,15.4,0.9437547826780753,6.0,0.0,0.0,0.0,0.0,0.0
218.0,2026-08-14 02:00,1013.9,14.9,0.8957326727981552,4.0,0.0,0.0,0.0,0.0,0.0
219.0,2026-08-14 03:00,1014.0,14.5,0.9311780712007653,2.0,0.0,0.0,0.0,0.0,0.0
220.0,2026-08-14 04:00,1014.4,14.4,0.9494829342963098,2.0,0.0,0.0,0.0,0.0,0.0
221.0,2026-08-14 05:00,1014.9,14.6,0.9557394875418255,3.0,0.0,0.0,0.0,0.0,0.0
222.0,2026-08-14 06:00,1015.1,15.0,0.9558736716014231,4.0,0.0,0.0,0.0,0.0,0.0
223.0,2026-08-14 07:00,1015.1,15.1,0.955907123020548,4.0,0.0,0.0,0.0,0.0,0.0
224.0,2026-08-14 08:00,1015.2,15.1,0.9620994608339564,4.0,0.0,0.0,0.0,0.0,0.0
225.0,2026-08-14 09:00,1015.3,15.2,0.9559405367142084,3.0,0.0,0.0,0.0,0.0,0.0
226.0,2026-08-14 10:00,1015.1,15.1,0.9620994608339564,4.0,0.0,0.0,0.0,0.0,0.0
227.0,2026-08-14 11:00,1015.0,15.2,0.9559405367142084,4.0,0.0,0.0,0.0,0.0,0.0
228.0,2026-08-14 12:00,1015.2,15.3,0.9437124192519574,4.0,0.0,0.0,0.0,0.0,0.0
229.0,2026-08-14 13:00,1015.5,15.1,0.955907123020548,4.0,0.0,0.0,0.0,0.0,0.0
230.0,2026-08-14 14:00,1015.9,14.9,0.9620417448277115,3.0,0.0,0.0,0.0,0.0,0.0
231.0,2026-08-14 15:00,1016.6,14.9,0.9558401824004894,3.0,0.0,0.0,0.0,0.0,0.0
232.0,2026-08-14 16:00,1017.1,14.8,0.9558066553612986,2.0,0.0,0.0,0.0,0.0,0.0
233.0,2026-08-14 17:00,1017.5,14.9,0.949673821380317,3.0,0.0,0.0,0.0,0.0,0.0
234.0,2026-08-14 18:00,1017.9,15.0,0.9435850443570165,2.0,0.0,0.0,0.0,0.0,0.0
235.0,2026-08-14 19:00,1018.1,15.4,0.9137260049025345,3.0,0.0,0.0,0.0,0.0,0.0
236.0,2026-08-14 20:00,1018.1,15.3,0.9196038135053711,3.0,0.0,0.0,0.0,0.0,0.0
237.0,2026-08-14 21:00,1018.1,15.5,0.9197232843946157,3.0,0.0,0.0,0.0,0.0,0.0
238.0,2026-08-14 22:00,1018.1,15.9,0.9140448949943625,2.0,0.0,0.0,0.0,0.0,0.0
239.0,2026-08-14 23:00,1017.9,15.8,0.9199019995564846,3.0,0.0,0.0,0.0,0.0,0.0
240.0,2026-08-15 00:00,1017.8,15.5,0.9437970987845568,4.0,0.0,0.0,0.0,0.0,0.0
241.0,2026-08-15 01:00,1017.8,15.7,0.9317938488343087,3.0,0.0,0.0,0.0,0.0,0.0
242.0,2026-08-15 02:00,1017.9,15.6,0.9257458920627266,4.0,0.0,0.0,0.0,0.0,0.0
243.0,2026-08-15 03:00,1017.8,15.6,0.9079582737521789,5.0,0.0,0.0,0.0,0.0,0.0
244.0,2026-08-15 04:00,1018.0,15.5,0.9020241555358138,5.0,0.0,0.0,0.0,0.0,0.0
245.0,2026-08-15 05:00,1018.4,15.4,0.9316406717021116,4.0,0.0,0.0,0.0,0.0,0.0
246.0,2026-08-15 06:00,1018.6,15.4,0.9376805162791556,4.0,0.0,0.0,0.0,0.0,0.0
247.0,2026-08-15 07:00,1018.7,15.2,0.9497878394372199,4.0,0.0,0.0,0.0,0.0,0.0
248.0,2026-08-15 08:00,1018.7,15.1,0.9497498761193929,4.0,0.0,0.0,0.0,0.0,0.0
249.0,2026-08-15 09:00,1018.9,15.1,0.9497498761193929,3.0,0.0,0.0,0.0,0.0,0.0
250.0,2026-08-15 10:00,1018.7,14.7,0.9619838977700357,3.0,0.0,0.0,0.0,0.0,0.0
251.0,2026-08-15 11:00,1018.7,14.7,0.9619838977700357,2.0,0.0,0.0,0.0,0.0,0.0
252.0,2026-08-15 12:00,1018.8,14.6,0.9682059031308623,3.0,0.0,0.0,0.0,0.0,0.0
253.0,2026-08-15 13:00,1019.0,14.4,0.9744534402061846,4.0,0.0,0.0,0.0,0.0,0.0
254.0,2026-08-15 14:00,1019.5,14.3,0.9744338289045583,3.0,0.0,0.0,0.0,0.0,0.0
255.0,2026-08-15 15:00,1020.3,14.5,0.961925919266648,4.0,0.0,0.0,0.0,0.0,0.0
256.0,2026-08-15 16:00,1020.8,14.6,0.9619549249737559,3.0,0.0,0.0,0.0,0.0,0.0
257.0,2026-08-15 17:00,1021.1,14.7,0.9495975954134986,4.0,0.0,0.0,0.0,0.0,0.0
258.0,2026-08-15 18:00,1021.3,14.8,0.9496357298321729,3.0,0.0,0.0,0.0,0.0,0.0
259.0,2026-08-15 19:00,1021.6,14.8,0.9496357298321729,3.0,0.0,0.0,0.0,0.0,0.0
260.0,2026-08-15 20:00,1021.5,15.2,0.9255240276055982,4.0,0.0,0.0,0.0,0.0,0.0
261.0,2026-08-15 21:00,1021.5,15.0,0.9497118701215551,4.0,0.0,0.0,0.0,0.0,0.0
262.0,2026-08-15 22:00,1021.4,15.3,0.9376337216158734,4.0,0.0,0.0,0.0,0.0,0.0
263.0,2026-08-15 23:00,1021.1,15.6,0.9079582737521789,5.0,0.0,0.0,0.0,0.0,0.0
264.0,2026-08-16 00:00,1020.6,15.4,0.9137260049025345,6.0,0.0,0.0,0.0,0.0,0.0
265.0,2026-08-16 01:00,1020.4,15.2,0.9195439795430679,6.0,0.0,0.0,0.0,0.0,0.0
266.0,2026-08-16 02:00,1020.0,14.9,0.9313842419894375,6.0,0.0,0.0,0.0,0.0,0.0
267.0,2026-08-16 03:00,1020.1,14.7,0.9373518563950116,6.0,0.0,0.0,0.0,0.0,0.0
268.0,2026-08-16 04:00,1020.2,14.6,0.943414544438949,6.0,0.0,0.0,0.0,0.0,0.0
269.0,2026-08-16 05:00,1020.5,14.4,0.9494829342963098,6.0,0.0,0.0,0.0,0.0,0.0
270.0,2026-08-16 06:00,1020.7,14.4,0.9433290074719893,6.0,0.0,0.0,0.0,0.0,0.0
271.0,2026-08-16 07:00,1020.5,14.4,0.9372102149545359,5.0,0.0,0.0,0.0,0.0,0.0
272.0,2026-08-16 08:00,1020.6,14.5,0.9251333986212783,5.0,0.0,0.0,0.0,0.0,0.0
273.0,2026-08-16 09:00,1020.5,14.6,0.931229699816422,5.0,0.0,0.0,0.0,0.0,0.0
274.0,2026-08-16 10:00,1020.4,14.7,0.925245315538571,5.0,0.0,0.0,0.0,0.0,0.0
275.0,2026-08-16 11:00,1020.5,14.9,0.9193640824477936,6.0,0.0,0.0,0.0,0.0,0.0
276.0,2026-08-16 12:00,1020.1,14.9,0.9253569851887313,5.0,0.0,0.0,0.0,0.0,0.0
277.0,2026-08-16 13:00,1020.0,14.7,0.925245315538571,5.0,0.0,0.0,0.0,0.0,0.0
278.0,2026-08-16 14:00,1020.0,14.4,0.9372102149545359,5.0,0.0,0.0,0.0,0.0,0.0
279.0,2026-08-16 15:00,1020.6,14.4,0.9433290074719893,5.0,0.0,0.0,0.0,0.0,0.0
280.0,2026-08-16 16:00,1020.8,14.5,0.9433717999317478,4.0,0.0,0.0,0.0,0.0,0.0
281.0,2026-08-16 17:00,1021.0,14.6,0.943414544438949,4.0,0.0,0.0,0.0,0.0,0.0
282.0,2026-08-16 18:00,1021.0,14.6,0.943414544438949,3.0,0.0,0.0,0.0,0.0,0.0
283.0,2026-08-16 19:00,1021.0,14.3,0.9618678089217948,4.0,0.0,0.0,0.0,0.0,0.0
284.0,2026-08-16 20:00,1020.9,14.5,0.9557058466481219,2.0,0.0,0.0,0.0,0.0,0.0
285.0,2026-08-16 21:00,1020.5,14.8,0.9496357298321729,3.0,0.0,0.0,0.0,0.0,0.0
286.0,2026-08-16 22:00,1020.0,15.4,0.9256350822187421,4.0,0.0,0.0,0.0,0.0,0.0
287.0,2026-08-16 23:00,1019.4,15.2,0.9315382704045502,5.0,0.0,0.0,0.0,0.0,0.0
288.0,2026-08-17 00:00,1018.5,14.9,0.9374460209784891,5.0,0.0,0.0,0.0,0.0,0.0
289.0,2026-08-17 01:00,1018.3,14.6,0.9495594180605547,4.0,0.0,0.0,0.0,0.0,0.0
290.0,2026-08-17 02:00,1017.9,14.4,0.9618968805991968,5.0,0.0,0.0,0.0,0.0,0.0
291.0,2026-08-17 03:00,1017.9,14.3,0.9681328767664189,5.0,0.0,0.0,0.0,0.0,0.0
292.0,2026-08-17 04:00,1018.2,14.2,0.9744141951119554,5.0,0.0,0.0,0.0,0.0,0.0
293.0,2026-08-17 05:00,1018.6,14.3,0.9681328767664189,4.0,0.0,0.0,0.0,0.0,0.0
294.0,2026-08-17 06:00,1019.0,14.1,0.9743945387941282,3.0,0.0,0.0,0.0,0.0,0.0
295.0,2026-08-17 07:00,1018.5,14.0,0.9743748599167639,3.0,0.0,0.0,0.0,0.0,0.0
296.0,2026-08-17 08:00,1018.5,14.0,0.9743748599167639,2.0,0.0,0.0,0.0,0.0,0.0
297.0,2026-08-17 09:00,1018.6,14.2,0.9681084790396624,2.0,0.0,0.0,0.0,0.0,0.0
298.0,2026-08-17 10:00,1018.2,14.4,0.9618968805991968,2.0,0.0,0.0,0.0,0.0,0.0
299.0,2026-08-17 11:00,1018.1,14.5,0.9681815887699888,3.0,0.0,0.0,0.0,0.0,0.0
300.0,2026-08-17 12:00,1018.1,14.5,0.9744730290510176,3.0,0.0,0.0,0.0,0.0,0.0
301.0,2026-08-17 13:00,1018.0,14.5,0.9681815887699888,2.0,0.0,0.0,0.0,0.0,0.0
302.0,2026-08-17 14:00,1017.8,14.4,0.9681572466625047,1.0,0.0,0.0,0.0,0.0,0.0
303.0,2026-08-17 15:00,1018.4,14.4,0.9618968805991968,1.0,0.0,0.0,0.0,0.0,0.0
304.0,2026-08-17 16:00,1018.7,14.6,0.9557394875418255,1.0,0.0,0.0,0.0,0.0,0.0
305.0,2026-08-17 17:00,1018.9,14.7,0.9557730904272964,1.0,0.0,0.0,0.0,0.0,0.0
306.0,2026-08-17 18:00,1019.4,14.9,0.9558401824004894,2.0,0.0,0.0,0.0,0.0,0.0
307.0,2026-08-17 19:00,1019.5,15.1,0.955907123020548,1.0,0.0,0.0,0.0,0.0,0.0
308.0,2026-08-17 20:00,1019.3,15.2,0.9497878394372199,1.0,0.0,0.0,0.0,0.0,0.0
309.0,2026-08-17 21:00,1018.9,15.2,0.9497878394372199,3.0,0.0,0.0,0.0,0.0,0.0
310.0,2026-08-17 22:00,1018.7,15.4,0.9316406717021116,3.0,0.0,0.0,0.0,0.0,0.0
311.0,2026-08-17 23:00,1018.0,15.3,0.9437124192519574,3.0,0.0,0.0,0.0,0.0,0.0
312.0,2026-08-18 00:00,1017.8,15.1,0.9497498761193929,3.0,0.0,0.0,0.0,0.0,0.0
313.0,2026-08-18 01:00,1017.7,15.0,0.9497118701215551,4.0,0.0,0.0,0.0,0.0,0.0
314.0,2026-08-18 02:00,1017.5,14.8,0.9496357298321729,5.0,0.0,0.0,0.0,0.0,0.0
315.0,2026-08-18 03:00,1017.6,14.6,0.9619549249737559,6.0,0.0,0.0,0.0,0.0,0.0
316.0,2026-08-18 04:00,1018.2,14.7,0.9557730904272964,6.0,0.0,0.0,0.0,0.0,0.0
317.0,2026-08-18 05:00,1018.9,14.7,0.9557730904272964,5.0,0.0,0.0,0.0,0.0,0.0
318.0,2026-08-18 06:00,1018.9,14.4,0.9681572466625047,5.0,0.0,0.0,0.0,0.0,0.0
319.0,2026-08-18 07:00,1018.8,14.1,0.9743945387941282,5.0,0.0,0.0,0.0,0.0,0.0
320.0,2026-08-18 08:00,1018.6,14.0,0.9743748599167639,4.0,0.0,0.0,0.0,0.0,0.0
321.0,2026-08-18 09:00,1018.2,13.9,0.9807114883139385,4.0,0.0,0.0,0.0,0.0,0.0
322.0,2026-08-18 10:00,1017.8,14.0,0.9743748599167639,4.0,0.0,0.0,0.0,0.0,0.0
323.0,2026-08-18 11:00,1017.9,14.0,0.9743748599167639,4.0,0.0,0.0,0.0,0.0,0.0
324.0,2026-08-18 12:00,1017.7,14.0,0.9743748599167639,4.0,0.0,0.0,0.0,0.0,0.0
325.0,2026-08-18 13:00,1017.9,14.1,0.9680840534400861,4.0,0.0,0.0,0.0,0.0,0.0
326.0,2026-08-18 14:00,1018.1,14.1,0.9680840534400861,4.0,0.0,0.0,0.0,0.0,0.0
327.0,2026-08-18 15:00,1018.3,14.1,0.9680840534400861,4.0,0.0,0.0,0.0,0.0,0.0
328.0,2026-08-18 16:00,1018.8,13.9,0.9680351184534832,4.0,0.0,0.0,0.0,0.0,0.0
329.0,2026-08-18 17:00,1019.3,13.9,0.9680351184534832,3.0,0.0,0.0,0.0,0.0,0.0
330.0,2026-08-18 18:00,1019.3,14.1,0.9680840534400861,5.0,0.0,0.0,0.0,0.0,0.0
331.0,2026-08-18 19:00,1019.3,14.2,0.9681084790396624,5.0,0.0,0.0,0.0,0.0,0.0
332.0,2026-08-18 20:00,1018.8,14.4,0.9681572466625047,5.0,0.0,0.0,0.0,0.0,0.0
333.0,2026-08-18 21:00,1018.2,14.5,0.9744730290510176,5.0,0.0,0.0,0.0,0.0,0.0
334.0,2026-08-18 22:00,1017.6,14.7,0.9557730904272964,5.0,0.0,0.0,0.0,0.0,0.0
335.0,2026-08-18 23:00,1017.3,14.7,0.9557730904272964,6.0,0.0,0.0,0.0,0.0,0.0
336.0,2026-08-19 00:00,1017.0,14.7,0.9557730904272964,6.0,0.0,0.0,0.0,0.0,0.0
337.0,2026-08-19 01:00,1016.8,14.4,0.9618968805991968,7.0,0.0,0.0,0.0,0.0,0.0
338.0,2026-08-19 02:00,1016.8,14.4,0.9681572466625047,6.0,0.0,0.0,0.0,0.0,0.0
339.0,2026-08-19 03:00,1016.6,14.3,0.9681328767664189,7.0,0.0,0.0,0.0,0.0,0.0
340.0,2026-08-19 04:00,1016.7,14.2,0.9807560282977376,7.0,0.0,0.0,0.0,0.0,0.0
341.0,2026-08-19 05:00,1016.6,14.2,0.9807560282977376,7.0,0.0,0.0,0.0,0.0,0.0
342.0,2026-08-19 06:00,1016.7,14.2,0.9744141951119554,6.0,0.0,0.0,0.0,0.0,0.0
343.0,2026-08-19 07:00,1016.3,14.2,0.9807560282977376,5.0,0.0,0.0,0.0,0.0,0.0
344.0,2026-08-19 08:00,1016.0,14.2,0.9744141951119554,5.0,0.0,0.0,0.0,0.0,0.0
345.0,2026-08-19 09:00,1015.7,14.3,0.9744338289045583,4.0,0.0,0.0,0.0,0.0,0.0
346.0,2026-08-19 10:00,1015.0,14.3,0.9744338289045583,4.0,0.0,0.0,0.0,0.0,0.0
347.0,2026-08-19 11:00,1015.0,14.4,0.9744534402061846,4.0,0.0,0.0,0.0,0.0,0.0
348.0,2026-08-19 12:00,1015.2,14.4,0.9744534402061846,4.0,0.0,0.0,0.0,0.0,0.0
349.0,2026-08-19 13:00,1015.1,13.9,0.9807114883139385,3.0,0.0,0.0,0.0,0.0,0.0
350.0,2026-08-19 14:00,1015.0,13.8,0.9743354343458492,3.0,0.0,0.0,0.0,0.0,0.0
351.0,2026-08-19 15:00,1015.6,13.8,0.9743354343458492,3.0,0.0,0.0,0.0,0.0,0.0
352.0,2026-08-19 16:00,1016.0,13.7,0.9806817093152139,2.0,0.0,0.0,0.0,0.0,0.0
353.0,2026-08-19 17:00,1016.3,14.0,0.9743748599167639,3.0,0.0,0.0,0.0,0.0,0.0
354.0,2026-08-19 18:00,1016.4,14.3,0.9618678089217948,3.0,0.0,0.0,0.0,0.0,0.0
355.0,2026-08-19 19:00,1016.5,14.5,0.9557058466481219,4.0,0.0,0.0,0.0,0.0,0.0
356.0,2026-08-19 20:00,1016.4,14.7,0.9434572410644311,4.0,0.0,0.0,0.0,0.0,0.0
357.0,2026-08-19 21:00,1016.0,14.8,0.9373989649395988,4.0,0.0,0.0,0.0,0.0,0.0
358.0,2026-08-19 22:00,1015.6,14.8,0.9373989649395988,5.0,0.0,0.0,0.0,0.0,0.0
359.0,2026-08-19 23:00,1015.1,15.0,0.9435850443570165,5.0,0.0,0.0,0.0,0.0,0.0
360.0,2026-08-20 00:00,1015.0,15.2,0.9315382704045502,5.0,0.0,0.0,0.0,0.0,0.0
361.0,2026-08-20 01:00,1014.7,15.0,0.9374930245887267,5.0,0.0,0.0,0.0,0.0,0.0
362.0,2026-08-20 02:00,1014.6,14.8,0.9496357298321729,5.0,0.0,0.0,0.0,0.0,0.0
363.0,2026-08-20 03:00,1014.6,14.7,0.9619838977700357,4.0,0.0,0.0,0.0,0.0,0.0
364.0,2026-08-20 04:00,1014.9,14.4,0.9681572466625047,4.0,0.0,0.0,0.0,0.0,0.0
365.0,2026-08-20 05:00,1015.3,14.2,0.9744141951119554,4.0,0.0,0.0,0.0,0.0,0.0
366.0,2026-08-20 06:00,1015.6,13.9,0.974355158445485,4.0,0.0,0.0,0.0,0.0,0.0
367.0,2026-08-20 07:00,1015.3,13.6,0.9806667940341348,3.0,0.0,0.0,0.0,0.0,0.0
368.0,2026-08-20 08:00,1015.4,13.4,0.980636911776609,2.0,0.0,0.0,0.0,0.0,0.0
369.0,2026-08-20 09:00,1015.4,13.4,0.98705427283206,3.0,0.0,0.0,0.0,0.0,0.0
370.0,2026-08-20 10:00,1015.3,13.7,0.9870843154853275,3.0,0.0,0.0,0.0,0.0,0.0
371.0,2026-08-20 11:00,1015.5,14.0,0.987114253910037,3.0,0.0,0.0,0.0,0.0,0.0
372.0,2026-08-20 12:00,1015.5,14.1,0.9871242103061709,3.0,0.0,0.0,0.0,0.0,0.0
373.0,2026-08-20 13:00,1015.7,14.2,0.9807560282977376,3.0,0.0,0.0,0.0,0.0,0.0
374.0,2026-08-20 14:00,1016.0,14.2,0.9744141951119554,4.0,0.0,0.0,0.0,0.0,0.0
375.0,2026-08-20 15:00,1016.6,14.3,0.9744338289045583,5.0,0.0,0.0,0.0,0.0,0.0
376.0,2026-08-20 16:00,1017.2,14.4,0.9618968805991968,4.0,0.0,0.0,0.0,0.0,0.0
377.0,2026-08-20 17:00,1017.5,14.5,0.961925919266648,4.0,0.0,0.0,0.0,0.0,0.0
378.0,2026-08-20 18:00,1017.9,14.7,0.9495975954134986,5.0,0.0,0.0,0.0,0.0,0.0
379.0,2026-08-20 19:00,1018.1,14.9,0.949673821380317,4.0,0.0,0.0,0.0,0.0,0.0
380.0,2026-08-20 20:00,1017.7,15.1,0.9497498761193929,5.0,0.0,0.0,0.0,0.0,0.0
381.0,2026-08-20 21:00,1017.3,15.2,0.937586874830723,6.0,0.0,0.0,0.0,0.0,0.0
382.0,2026-08-20 22:00,1017.3,15.4,0.9316406717021116,6.0,0.0,0.0,0.0,0.0,0.0
383.0,2026-08-20 23:00,1017.1,15.5,0.9316917873055548,6.0,0.0,0.0,0.0,0.0,0.0
384.0,2026-08-21 00:00,1016.8,15.4,0.9376805162791556,6.0,0.0,0.0,0.0,0.0,0.0
385.0,2026-08-21 01:00,1016.3,15.3,0.9498257601383098,7.0,0.0,0.0,0.0,0.0,0.0
386.0,2026-08-21 02:00,1016.0,15.2,0.9559405367142084,7.0,0.0,0.0,0.0,0.0,0.0
387.0,2026-08-21 03:00,1016.3,15.2,0.9559405367142084,7.0,0.0,0.0,0.0,0.0,0.0
388.0,2026-08-21 04:00,1016.9,15.1,0.9620994608339564,6.0,0.0,0.0,0.0,0.0,0.0
389.0,2026-08-21 05:00,1017.2,15.2,0.9621282698156033,8.0,0.0,0.0,0.0,0.0,0.0
390.0,2026-08-21 06:00,1017.5,15.1,0.9620994608339564,7.0,0.0,0.0,0.0,0.0,0.0
391.0,2026-08-21 07:00,1017.4,15.0,0.9683028839453042,7.0,0.0,0.0,0.0,0.0,0.0
392.0,2026-08-21 08:00,1017.5,14.8,0.9745316611856175,6.0,0.0,0.0,0.0,0.0,0.0
393.0,2026-08-21 09:00,1017.5,14.6,0.9744925954731756,7.0,0.0,0.0,0.0,0.0,0.0
394.0,2026-08-21 10:00,1017.5,14.7,0.9682301897870366,6.0,0.0,0.0,0.0,0.0,0.0
395.0,2026-08-21 11:00,1017.6,14.6,0.9744925954731756,6.0,0.0,0.0,0.0,0.0,0.0
396.0,2026-08-21 12:00,1017.7,14.6,0.9744925954731756,6.0,0.0,0.0,0.0,0.0,0.0
397.0,2026-08-21 13:00,1017.5,14.7,0.9682301897870366,6.0,0.0,0.0,0.0,0.0,0.0
398.0,2026-08-21 14:00,1017.6,14.7,0.9745121395067121,6.0,0.0,0.0,0.0,0.0,0.0
399.0,2026-08-21 15:00,1018.4,14.8,0.9682544487803453,6.0,0.0,0.0,0.0,0.0,0.0
400.0,2026-08-21 16:00,1018.7,14.9,0.9682786801525419,6.0,0.0,0.0,0.0,0.0,0.0
401.0,2026-08-21 17:00,1018.7,15.1,0.9620994608339564,5.0,0.0,0.0,0.0,0.0,0.0
402.0,2026-08-21 18:00,1019.1,15.1,0.9620994608339564,6.0,0.0,0.0,0.0,0.0,0.0
403.0,2026-08-21 19:00,1019.3,15.3,0.955973912738645,6.0,0.0,0.0,0.0,0.0,0.0
404.0,2026-08-21 20:00,1019.1,15.3,0.9498257601383098,6.0,0.0,0.0,0.0,0.0,0.0
405.0,2026-08-21 21:00,1019.0,15.3,0.9498257601383098,7.0,0.0,0.0,0.0,0.0,0.0
406.0,2026-08-21 22:00,1018.8,15.4,0.9498636382858198,7.0,0.0,0.0,0.0,0.0,0.0
407.0,2026-08-21 23:00,1018.5,15.6,0.9377739495453784,8.0,0.0,0.0,0.0,0.0,0.0
408.0,2026-08-22 00:00,1018.1,15.8,0.9139812562566745,8.0,0.0,0.0,0.0,0.0,0.0
409.0,2026-08-22 01:00,1017.9,16.0,0.9023839445818631,8.0,0.0,0.0,0.0,0.0,0.0
410.0,2026-08-22 02:00,1017.8,16.2,0.8909513381609734,7.0,0.0,0.0,0.0,0.0,0.0
411.0,2026-08-22 03:00,1017.7,16.3,0.8910309142527234,7.0,0.0,0.0,0.0,0.0,0.0
412.0,2026-08-22 04:00,1018.0,16.2,0.8909513381609734,7.0,0.0,0.0,0.0,0.0,0.0
413.0,2026-08-22 05:00,1018.4,16.2,0.8909513381609734,7.0,0.0,0.0,0.0,0.0,0.0
414.0,2026-08-22 06:00,1018.7,16.2,0.8967228943386988,6.0,0.0,0.0,0.0,0.0,0.0
415.0,2026-08-22 07:00,1018.6,16.2,0.8967228943386988,6.0,0.0,0.0,0.0,0.0,0.0
416.0,2026-08-22 08:00,1018.6,16.1,0.9082971985117843,6.0,0.0,0.0,0.0,0.0,0.0
417.0,2026-08-22 09:00,1018.4,16.1,0.9082971985117843,7.0,0.0,0.0,0.0,0.0,0.0
418.0,2026-08-22 10:00,1018.1,16.0,0.9023839445818631,8.0,0.0,0.0,0.0,0.0,0.0
419.0,2026-08-22 11:00,1018.2,15.7,0.9080262061964853,7.0,0.0,0.0,0.0,0.0,0.0
420.0,2026-08-22 12:00,1018.4,15.6,0.9197829215105783,7.0,0.0,0.0,0.0,0.0,0.0
421.0,2026-08-22 13:00,1018.4,15.3,0.9376337216158734,7.0,0.0,0.0,0.0,0.0,0.0
422.0,2026-08-22 14:00,1018.7,15.2,0.9436700084363895,7.0,0.0,0.0,0.0,0.0,0.0
423.0,2026-08-22 15:00,1019.3,15.0,0.9497118701215551,7.0,0.0,0.0,0.0,0.0,0.0
424.0,2026-08-22 16:00,1019.5,14.9,0.9558401824004894,7.0,0.0,0.0,0.0,0.0,0.0
425.0,2026-08-22 17:00,1019.7,15.0,0.9558736716014231,6.0,0.0,0.0,0.0,0.0,0.0
426.0,2026-08-22 18:00,1019.8,15.0,0.9558736716014231,7.0,0.0,0.0,0.0,0.0,0.0
427.0,2026-08-22 19:00,1019.8,14.8,0.9620128377049109,7.0,0.0,0.0,0.0,0.0,0.0
428.0,2026-08-22 20:00,1019.5,15.0,0.9497118701215551,7.0,0.0,0.0,0.0,0.0,0.0
429.0,2026-08-22 21:00,1019.1,15.2,0.9436700084363895,8.0,0.0,0.0,0.0,0.0,0.0
430.0,2026-08-22 22:00,1018.7,15.4,0.9376805162791556,6.0,0.0,0.0,0.0,0.0,0.0
431.0,2026-08-22 23:00,1018.2,15.4,0.9437547826780753,8.0,0.0,0.0,0.0,0.0,0.0
432.0,2026-08-23 00:00,1017.5,15.6,0.9377739495453784,8.0,0.0,0.0,0.0,0.0,0.0
433.0,2026-08-23 01:00,1017.2,15.6,0.9438393676410873,8.0,0.0,0.0,0.0,0.0,0.0
434.0,2026-08-23 02:00,1016.9,15.9,0.9318956846738873,7.0,0.0,0.0,0.0,0.0,0.0
435.0,2026-08-23 03:00,1016.5,16.0,0.9319465181653098,6.0,0.0,0.0,0.0,0.0,0.0
436.0,2026-08-23 04:00,1016.6,15.9,0.9379137104349758,6.0,0.0,0.0,0.0,0.0,0.0
437.0,2026-08-23 05:00,1016.9,15.8,0.9378671752385374,5.0,0.0,0.0,0.0,0.0,0.0
438.0,2026-08-23 06:00,1016.7,15.8,0.9439237638824047,6.0,0.0,0.0,0.0,0.0,0.0
439.0,2026-08-23 07:00,1016.4,15.8,0.9439237638824047,5.0,0.0,0.0,0.0,0.0,0.0
440.0,2026-08-23 08:00,1016.3,15.8,0.9439237638824047,5.0,0.0,0.0,0.0,0.0,0.0
441.0,2026-08-23 09:00,1015.9,15.7,0.9499770180367135,6.0,0.0,0.0,0.0,0.0,0.0
442.0,2026-08-23 10:00,1015.5,15.6,0.9499392671721532,5.0,0.0,0.0,0.0,0.0,0.0
443.0,2026-08-23 11:00,1015.3,15.5,0.9499014739427925,5.0,0.0,0.0,0.0,0.0,0.0
444.0,2026-08-23 12:00,1015.1,15.5,0.9437970987845568,6.0,0.0,0.0,0.0,0.0,0.0
445.0,2026-08-23 13:00,1014.9,15.4,0.9437547826780753,6.0,0.0,0.0,0.0,0.0,0.0
446.0,2026-08-23 14:00,1015.0,15.4,0.9437547826780753,6.0,0.0,0.0,0.0,0.0,0.0
447.0,2026-08-23 15:00,1015.4,15.0,0.9497118701215551,6.0,0.0,0.0,0.0,0.0,0.0
448.0,2026-08-23 16:00,1015.6,14.9,0.949673821380317,6.0,0.0,0.0,0.0,0.0,0.0
449.0,2026-08-23 17:00,1015.6,15.0,0.9497118701215551,6.0,0.0,0.0,0.0,0.0,0.0
450.0,2026-08-23 18:00,1015.7,14.9,0.949673821380317,6.0,0.0,0.0,0.0,0.0,0.0
451.0,2026-08-23 19:00,1015.9,15.3,0.9437124192519574,6.0,0.0,0.0,0.0,0.0,0.0
452.0,2026-08-23 20:00,1015.5,15.7,0.9317938488343087,5.0,0.0,0.0,0.0,0.0,0.0
453.0,2026-08-23 21:00,1015.0,15.7,0.9317938488343087,5.0,0.0,0.0,0.0,0.0,0.0
454.0,2026-08-23 22:00,1014.8,15.7,0.9317938488343087,6.0,0.0,0.0,0.0,0.0,0.0
455.0,2026-08-23 23:00,1014.6,15.8,0.9318447949241937,6.0,0.0,0.0,0.0,0.0,0.0
456.0,2026-08-24 00:00,1014.1,15.7,0.9378205883006052,6.0,0.0,0.0,0.0,0.0,0.0
457.0,2026-08-24 01:00,1013.9,15.8,0.9378671752385374,5.0,0.0,0.0,0.0,0.0,0.0
458.0,2026-08-24 02:00,1013.6,15.6,0.9438393676410873,5.0,0.0,0.0,0.0,0.0,0.0
459.0,2026-08-24 03:00,1013.4,15.6,0.9438393676410873,4.0,0.0,0.0,0.0,0.0,0.0
460.0,2026-08-24 04:00,1013.6,15.9,0.9439658914059306,4.0,0.0,0.0,0.0,0.0,0.0
461.0,2026-08-24 05:00,1014.0,16.0,0.9440079719569844,4.0,0.0,0.0,0.0,0.0,0.0
462.0,2026-08-24 06:00,1014.3,15.9,0.9439658914059306,3.0,0.0,0.0,0.0,0.0,0.0
463.0,2026-08-24 07:00,1014.3,15.9,0.9318956846738873,3.0,0.0,0.0,0.0,0.0,0.0
464.0,2026-08-24 08:00,1014.4,15.8,0.9318447949241937,2.0,0.0,0.0,0.0,0.0,0.0
465.0,2026-08-24 09:00,1014.3,15.8,0.9318447949241937,3.0,0.0,0.0,0.0,0.0,0.0
466.0,2026-08-24 10:00,1014.2,15.7,0.9317938488343087,3.0,0.0,0.0,0.0,0.0,0.0
467.0,2026-08-24 11:00,1014.1,15.7,0.9438815893172254,3.0,0.0,0.0,0.0,0.0,0.0
468.0,2026-08-24 12:00,1014.3,15.8,0.9378671752385374,3.0,0.0,0.0,0.0,0.0,0.0
469.0,2026-08-24 13:00,1014.4,15.7,0.9378205883006052,2.0,0.0,0.0,0.0,0.0,0.0
470.0,2026-08-24 14:00,1014.9,15.6,0.9438393676410873,2.0,0.0,0.0,0.0,0.0,0.0
471.0,2026-08-24 15:00,1015.5,15.5,0.9499014739427925,2.0,0.0,0.0,0.0,0.0,0.0
472.0,2026-08-24 16:00,1015.8,15.5,0.9499014739427925,2.0,0.0,0.0,0.0,0.0,0.0
473.0,2026-08-24 17:00,1016.1,15.5,0.9499014739427925,2.0,0.0,0.0,0.0,0.0,0.0
474.0,2026-08-24 18:00,1016.7,15.6,0.9438393676410873,2.0,0.0,0.0,0.0,0.0,0.0
475.0,2026-08-24 19:00,1017.1,15.5,0.9437970987845568,2.0,0.0,0.0,0.0,0.0,0.0
476.0,2026-08-24 20:00,1017.1,15.8,0.9258564578455536,3.0,0.0,0.0,0.0,0.0,0.0
477.0,2026-08-24 21:00,1017.0,16.0,0.9082295608427713,3.0,0.0,0.0,0.0,0.0,0.0
478.0,2026-08-24 22:00,1016.9,16.1,0.9141719642448332,3.0,0.0,0.0,0.0,0.0,0.0
479.0,2026-08-24 23:00,1016.4,16.1,0.9141719642448332,5.0,0.0,0.0,0.0,0.0,0.0
480.0,2026-08-25 00:00,1016.3,15.8,0.9318447949241937,5.0,0.0,0.0,0.0,0.0,0.0
481.0,2026-08-25 01:00,1016.4,15.4,0.9498636382858198,5.0,0.0,0.0,0.0,0.0,0.0
482.0,2026-08-25 02:00,1016.3,15.1,0.9683270602002297,6.0,0.0,0.0,0.0,0.0,0.0
483.0,2026-08-25 03:00,1016.6,15.1,0.9745900924334778,5.0,0.0,0.0,0.0,0.0,0.0
484.0,2026-08-25 04:00,1016.7,15.3,0.9683753302625742,6.0,0.0,0.0,0.0,0.0,0.0
485.0,2026-08-25 05:00,1016.8,15.4,0.9621857899807701,5.0,0.0,0.0,0.0,0.0,0.0
486.0,2026-08-25 06:00,1017.1,15.5,0.9560405520042893,5.0,0.0,0.0,0.0,0.0,0.0
487.0,2026-08-25 07:00,1017.0,15.6,0.9499392671721532,5.0,0.0,0.0,0.0,0.0,0.0
488.0,2026-08-25 08:00,1017.2,15.6,0.9499392671721532,5.0,0.0,0.0,0.0,0.0,0.0
489.0,2026-08-25 09:00,1017.5,15.6,0.9438393676410873,5.0,0.0,0.0,0.0,0.0,0.0
490.0,2026-08-25 10:00,1017.2,15.4,0.9621857899807701,5.0,0.0,0.0,0.0,0.0,0.0
491.0,2026-08-25 11:00,1017.2,15.4,0.9498636382858198,5.0,0.0,0.0,0.0,0.0,0.0
492.0,2026-08-25 12:00,1017.1,15.3,0.955973912738645,6.0,0.0,0.0,0.0,0.0,0.0
493.0,2026-08-25 13:00,1017.2,15.3,0.9498257601383098,6.0,0.0,0.0,0.0,0.0,0.0
494.0,2026-08-25 14:00,1017.5,15.3,0.9437124192519574,6.0,0.0,0.0,0.0,0.0,0.0
495.0,2026-08-25 15:00,1017.9,15.2,0.9497878394372199,6.0,0.0,0.0,0.0,0.0,0.0
496.0,2026-08-25 16:00,1018.2,15.2,0.9436700084363895,5.0,0.0,0.0,0.0,0.0,0.0
497.0,2026-08-25 17:00,1018.3,15.2,0.9497878394372199,5.0,0.0,0.0,0.0,0.0,0.0
498.0,2026-08-25 18:00,1018.5,15.3,0.9376337216158734,5.0,0.0,0.0,0.0,0.0,0.0
499.0,2026-08-25 19:00,1018.6,15.1,0.9497498761193929,6.0,0.0,0.0,0.0,0.0,0.0
500.0,2026-08-25 20:00,1018.1,15.2,0.9497878394372199,6.0,0.0,0.0,0.0,0.0,0.0
501.0,2026-08-25 21:00,1017.9,15.3,0.9437124192519574,6.0,0.0,0.0,0.0,0.0,0.0
502.0,2026-08-25 22:00,1017.7,15.4,0.9376805162791556,7.0,0.0,0.0,0.0,0.0,0.0
503.0,2026-08-25 23:00,1017.3,15.3,0.9437124192519574,8.0,0.0,0.0,0.0,0.0,0.0
504.0,2026-08-26 00:00,1016.9,15.3,0.9437124192519574,9.0,0.0,0.0,0.0,0.0,0.0
505.0,2026-08-26 01:00,1016.6,15.4,0.9437547826780753,8.0,0.0,0.0,0.0,0.0,0.0
506.0,2026-08-26 02:00,1016.5,15.4,0.9437547826780753,9.0,0.0,0.0,0.0,0.0,0.0
507.0,2026-08-26 03:00,1016.3,15.3,0.955973912738645,9.0,0.0,0.0,0.0,0.0,0.0
508.0,2026-08-26 04:00,1016.5,15.3,0.9498257601383098,9.0,0.0,0.0,0.0,0.0,0.0
509.0,2026-08-26 05:00,1017.1,15.4,0.9376805162791556,8.0,0.0,0.0,0.0,0.0,0.0
510.0,2026-08-26 06:00,1017.2,15.3,0.9315894994293292,7.0,0.0,0.0,0.0,0.0,0.0
511.0,2026-08-26 07:00,1017.1,15.2,0.937586874830723,7.0,0.0,0.0,0.0,0.0,0.0
512.0,2026-08-26 08:00,1017.1,14.9,0.949673821380317,7.0,0.0,0.0,0.0,0.0,0.0
513.0,2026-08-26 09:00,1016.9,14.8,0.9496357298321729,7.0,0.0,0.0,0.0,0.0,0.0
514.0,2026-08-26 10:00,1016.7,14.6,0.9557394875418255,7.0,0.0,0.0,0.0,0.0,0.0
515.0,2026-08-26 11:00,1016.5,14.7,0.9495975954134986,7.0,0.0,0.0,0.0,0.0,0.0
516.0,2026-08-26 12:00,1016.5,14.4,0.9618968805991968,7.0,0.0,0.0,0.0,0.0,0.0
517.0,2026-08-26 13:00,1016.4,14.2,0.9618387041847413,7.0,0.0,0.0,0.0,0.0,0.0
518.0,2026-08-26 14:00,1016.2,14.3,0.9556384506084391,7.0,0.0,0.0,0.0,0.0,0.0
519.0,2026-08-26 15:00,1016.7,14.2,0.9618387041847413,7.0,0.0,0.0,0.0,0.0,0.0
520.0,2026-08-26 16:00,1017.1,14.4,0.9618968805991968,7.0,0.0,0.0,0.0,0.0,0.0
521.0,2026-08-26 17:00,1017.1,14.6,0.9619549249737559,7.0,0.0,0.0,0.0,0.0,0.0
522.0,2026-08-26 18:00,1017.2,14.7,0.9557730904272964,7.0,0.0,0.0,0.0,0.0,0.0
523.0,2026-08-26 19:00,1017.3,14.4,0.9681572466625047,7.0,0.0,0.0,0.0,0.0,0.0
524.0,2026-08-26 20:00,1016.9,14.4,0.9681572466625047,8.0,0.0,0.0,0.0,0.0,0.0
525.0,2026-08-26 21:00,1016.6,15.2,0.9497878394372199,7.0,0.0,0.0,0.0,0.0,0.0
526.0,2026-08-26 22:00,1016.2,15.8,0.9318447949241937,7.0,0.0,0.0,0.0,0.0,0.0
527.0,2026-08-26 23:00,1015.6,16.0,0.9379601939655834,7.0,0.0,0.0,0.0,0.0,0.0
528.0,2026-08-27 00:00,1015.1,16.3,0.9320986819069368,7.0,0.0,0.0,0.0,0.0,0.0
529.0,2026-08-27 01:00,1014.7,16.5,0.9321998446052612,7.0,0.0,0.0,0.0,0.0,0.0
530.0,2026-08-27 02:00,1014.6,16.5,0.9442176725377058,7.0,0.0,0.0,0.0,0.0,0.0
531.0,2026-08-27 03:00,1014.4,16.1,0.9623860887912349,8.0,0.0,0.0,0.0,0.0,0.0
532.0,2026-08-27 04:00,1014.3,15.8,0.9809909979993502,9.0,0.0,0.0,0.0,0.0,0.0
533.0,2026-08-27 05:00,1014.8,15.9,0.9747449339049651,8.0,0.0,0.0,0.0,0.0,0.0
534.0,2026-08-27 06:00,1015.0,16.1,0.9623860887912349,6.0,0.0,0.0,0.0,0.0,0.0
535.0,2026-08-27 07:00,1014.8,16.1,0.9562395715567671,6.0,0.0,0.0,0.0,0.0,0.0
536.0,2026-08-27 08:00,1014.8,15.9,0.9623290221790394,6.0,0.0,0.0,0.0,0.0,0.0
537.0,2026-08-27 09:00,1014.9,15.7,0.9684715417549177,7.0,0.0,0.0,0.0,0.0,0.0
538.0,2026-08-27 10:00,1014.7,15.5,0.9746676898499556,7.0,0.0,0.0,0.0,0.0,0.0
539.0,2026-08-27 11:00,1014.8,15.2,0.9809033895981175,7.0,0.0,0.0,0.0,0.0,0.0
540.0,2026-08-27 12:00,1014.7,15.0,0.9935885596862608,7.0,0.0,0.0,0.0,0.0,0.0
541.0,2026-08-27 13:00,1014.8,14.9,0.9935836040201421,7.0,0.0,0.0,0.0,0.0,0.0
542.0,2026-08-27 14:00,1014.4,14.8,0.9935786426123593,8.0,0.0,0.0,0.0,0.0,0.0
543.0,2026-08-27 15:00,1015.0,14.8,0.9935786426123593,7.0,0.0,0.0,0.0,0.0,0.0
544.0,2026-08-27 16:00,1015.5,14.9,0.9872034486042288,7.0,0.0,0.0,0.0,0.0,0.0
545.0,2026-08-27 17:00,1015.7,14.8,0.9935786426123593,7.0,0.0,0.0,0.0,0.0,0.0
546.0,2026-08-27 18:00,1016.0,14.9,0.9872034486042288,7.0,0.0,0.0,0.0,0.0,0.0
547.0,2026-08-27 19:00,1016.6,15.1,0.9745900924334778,6.0,0.0,0.0,0.0,0.0,0.0
548.0,2026-08-27 20:00,1016.5,15.4,0.9560072511499943,5.0,0.0,0.0,0.0,0.0,0.0
549.0,2026-08-27 21:00,1016.3,15.6,0.9499392671721532,5.0,0.0,0.0,0.0,0.0,0.0
550.0,2026-08-27 22:00,1016.3,15.7,0.9499770180367135,6.0,0.0,0.0,0.0,0.0,0.0
551.0,2026-08-27 23:00,1016.4,15.7,0.9438815893172254,5.0,0.0,0.0,0.0,0.0,0.0
552.0,2026-08-28 00:00,1016.4,15.9,0.9379137104349758,5.0,0.0,0.0,0.0,0.0,0.0
553.0,2026-08-28 01:00,1016.0,16.1,0.9319972954802321,5.0,0.0,0.0,0.0,0.0,0.0
554.0,2026-08-28 02:00,1015.7,16.0,0.9440079719569844,5.0,0.0,0.0,0.0,0.0,0.0
555.0,2026-08-28 03:00,1014.8,15.9,0.9500523929221,6.0,0.0,0.0,0.0,0.0,0.0
556.0,2026-08-28 04:00,1014.7,15.9,0.9500523929221,8.0,0.0,0.0,0.0,0.0,0.0
557.0,2026-08-28 05:00,1015.4,15.9,0.9500523929221,7.0,0.0,0.0,0.0,0.0,0.0
558.0,2026-08-28 06:00,1015.0,15.6,0.9499392671721532,8.0,0.0,0.0,0.0,0.0,0.0
559.0,2026-08-28 07:00,1014.7,15.5,0.9560405520042893,8.0,0.0,0.0,0.0,0.0,0.0
560.0,2026-08-28 08:00,1014.7,15.7,0.9499770180367135,7.0,0.0,0.0,0.0,0.0,0.0
561.0,2026-08-28 09:00,1014.6,15.8,0.9500147265991685,7.0,0.0,0.0,0.0,0.0,0.0
562.0,2026-08-28 10:00,1014.2,15.8,0.9439237638824047,7.0,0.0,0.0,0.0,0.0,0.0
563.0,2026-08-28 11:00,1014.1,15.6,0.9560738153574602,7.0,0.0,0.0,0.0,0.0,0.0
564.0,2026-08-28 12:00,1014.1,15.5,0.9560405520042893,6.0,0.0,0.0,0.0,0.0,0.0
565.0,2026-08-28 13:00,1014.1,15.5,0.9560405520042893,6.0,0.0,0.0,0.0,0.0,0.0
566.0,2026-08-28 14:00,1014.8,15.3,0.955973912738645,7.0,0.0,0.0,0.0,0.0,0.0
567.0,2026-08-28 15:00,1016.7,15.3,0.9621570461815836,4.0,0.0,0.0,0.0,0.0,0.0
568.0,2026-08-28 16:00,1016.7,15.6,0.9560738153574602,5.0,0.0,0.0,0.0,0.0,0.0
569.0,2026-08-28 17:00,1016.6,15.5,0.9622145012619474,6.0,0.0,0.0,0.0,0.0,0.0
570.0,2026-08-28 18:00,1016.9,15.4,0.9560072511499943,7.0,0.0,0.0,0.0,0.0,0.0
571.0,2026-08-28 19:00,1017.6,15.5,0.9499014739427925,6.0,0.0,0.0,0.0,0.0,0.0
572.0,2026-08-28 20:00,1017.7,15.6,0.9499392671721532,7.0,0.0,0.0,0.0,0.0,0.0
573.0,2026-08-28 21:00,1017.4,15.5,0.9499014739427925,7.0,0.0,0.0,0.0,0.0,0.0
574.0,2026-08-28 22:00,1017.1,15.4,0.9498636382858198,7.0,0.0,0.0,0.0,0.0,0.0
575.0,2026-08-28 23:00,1016.3,15.3,0.9498257601383098,9.0,0.0,0.0,0.0,0.0,0.0
576.0,2026-08-29 00:00,1016.0,15.4,0.9437547826780753,9.0,0.0,0.0,0.0,0.0,0.0
577.0,2026-08-29 01:00,1016.1,15.5,0.93772725889692,7.0,0.0,0.0,0.0,0.0,0.0
578.0,2026-08-29 02:00,1016.1,15.5,0.93772725889692,8.0,0.0,0.0,0.0,0.0,0.0
579.0,2026-08-29 03:00,1015.6,15.5,0.93772725889692,8.0,0.0,0.0,0.0,0.0,0.0
580.0,2026-08-29 04:00,1015.5,15.5,0.93772725889692,8.0,0.0,0.0,0.0,0.0,0.0
581.0,2026-08-29 05:00,1015.6,15.4,0.9437547826780753,8.0,0.0,0.0,0.0,0.0,0.0
582.0,2026-08-29 06:00,1015.6,15.4,0.9437547826780753,8.0,0.0,0.0,0.0,0.0,0.0
583.0,2026-08-29 07:00,1015.6,15.3,0.9498257601383098,7.0,0.0,0.0,0.0,0.0,0.0
584.0,2026-08-29 08:00,1015.9,15.0,0.9558736716014231,7.0,0.0,0.0,0.0,0.0,0.0
585.0,2026-08-29 09:00,1015.8,15.6,0.9377739495453784,7.0,0.0,0.0,0.0,0.0,0.0
586.0,2026-08-29 10:00,1015.8,15.7,0.9258012054176329,8.0,0.0,0.0,0.0,0.0,0.0
587.0,2026-08-29 11:00,1015.7,15.7,0.9198424931998366,8.0,0.0,0.0,0.0,0.0,0.0
588.0,2026-08-29 12:00,1015.7,15.6,0.9257458920627266,7.0,0.0,0.0,0.0,0.0,0.0
589.0,2026-08-29 13:00,1015.7,15.6,0.9257458920627266,7.0,0.0,0.0,0.0,0.0,0.0
590.0,2026-08-29 14:00,1015.8,15.4,0.9316406717021116,7.0,0.0,0.0,0.0,0.0,0.0
591.0,2026-08-29 15:00,1016.3,15.4,0.9256350822187421,7.0,0.0,0.0,0.0,0.0,0.0
592.0,2026-08-29 16:00,1016.7,15.4,0.9196635817576888,7.0,0.0,0.0,0.0,0.0,0.0
593.0,2026-08-29 17:00,1017.1,15.3,0.9196038135053711,6.0,0.0,0.0,0.0,0.0,0.0
594.0,2026-08-29 18:00,1017.3,15.5,0.9137899224009894,5.0,0.0,0.0,0.0,0.0,0.0
595.0,2026-08-29 19:00,1017.5,15.7,0.8963436819464147,5.0,0.0,0.0,0.0,0.0,0.0
596.0,2026-08-29 20:00,1017.0,15.7,0.9021683049424041,6.0,0.0,0.0,0.0,0.0,0.0
597.0,2026-08-29 21:00,1016.6,15.8,0.9022402626415142,6.0,0.0,0.0,0.0,0.0,0.0
598.0,2026-08-29 22:00,1016.5,16.0,0.8907919299106308,6.0,0.0,0.0,0.0,0.0,0.0
599.0,2026-08-29 23:00,1016.1,16.2,0.8795061866317074,6.0,0.0,0.0,0.0,0.0,0.0
600.0,2026-08-30 00:00,1015.6,16.3,0.8682855939899489,7.0,0.0,0.0,0.0,0.0,0.0
601.0,2026-08-30 01:00,1015.3,16.5,0.8628768798054895,7.0,0.0,0.0,0.0,0.0,0.0
602.0,2026-08-30 02:00,1015.4,16.4,0.8572080429268668,6.0,0.0,0.0,0.0,0.0,0.0
603.0,2026-08-30 03:00,1015.2,16.3,0.8682855939899489,7.0,0.0,0.0,0.0,0.0,0.0
604.0,2026-08-30 04:00,1015.0,16.3,0.88529599323067,8.0,0.0,0.0,0.0,0.0,0.0
605.0,2026-08-30 05:00,1015.3,16.0,0.8965714544218653,8.0,0.0,0.0,0.0,0.0,0.0
606.0,2026-08-30 06:00,1015.0,16.0,0.8680003013960926,9.0,0.0,0.0,0.0,0.0,0.0
607.0,2026-08-30 07:00,1014.8,16.3,0.8351253906132168,9.0,0.0,0.0,0.0,0.0,0.0
608.0,2026-08-30 08:00,1014.7,16.0,0.8623832204065863,9.0,0.0,0.0,0.0,0.0,0.0
609.0,2026-08-30 09:00,1014.6,15.8,0.8848775765585991,9.0,0.0,0.0,0.0,0.0,0.0
610.0,2026-08-30 10:00,1014.3,15.4,0.9137260049025345,9.0,0.0,0.0,0.0,0.0,0.0
611.0,2026-08-30 11:00,1014.2,15.3,0.925579585552664,9.0,0.0,0.0,0.0,0.0,0.0
612.0,2026-08-30 12:00,1014.3,15.4,0.9196635817576888,9.0,0.0,0.0,0.0,0.0,0.0
613.0,2026-08-30 13:00,1014.4,15.4,0.9137260049025345,8.0,0.0,0.0,0.0,0.0,0.0
614.0,2026-08-30 14:00,1014.7,15.3,0.9077540322611792,8.0,0.0,0.0,0.0,0.0,0.0
615.0,2026-08-30 15:00,1015.3,15.1,0.9076175000802935,7.0,0.0,0.0,0.0,0.0,0.0
616.0,2026-08-30 16:00,1015.5,15.1,0.8958859202426598,6.0,0.0,0.0,0.0,0.0,0.0
617.0,2026-08-30 17:00,1015.5,15.1,0.9017349175943783,6.0,0.0,0.0,0.0,0.0,0.0
618.0,2026-08-30 18:00,1015.6,15.1,0.9017349175943783,6.0,0.0,0.0,0.0,0.0,0.0
619.0,2026-08-30 19:00,1015.5,15.2,0.9076858033599216,5.0,0.0,0.0,0.0,0.0,0.0
620.0,2026-08-30 20:00,1015.3,15.2,0.9076858033599216,5.0,0.0,0.0,0.0,0.0,0.0
621.0,2026-08-30 21:00,1015.2,15.1,0.9135338323667065,5.0,0.0,0.0,0.0,0.0,0.0
622.0,2026-08-30 22:00,1014.8,14.9,0.9193640824477936,4.0,0.0,0.0,0.0,0.0,0.0
623.0,2026-08-30 23:00,1014.1,14.9,0.9193640824477936,6.0,0.0,0.0,0.0,0.0,0.0
624.0,2026-08-31 00:00,1013.9,14.8,0.9253011812271773,5.0,0.0,0.0,0.0,0.0,0.0
625.0,2026-08-31 01:00,1013.6,15.1,0.9135338323667065,6.0,0.0,0.0,0.0,0.0,0.0
626.0,2026-08-31 02:00,1013.5,15.2,0.9135979599857126,6.0,0.0,0.0,0.0,0.0,0.0
627.0,2026-08-31 03:00,1013.2,15.3,0.9136620174641863,6.0,0.0,0.0,0.0,0.0,0.0
628.0,2026-08-31 04:00,1013.5,15.3,0.9136620174641863,4.0,0.0,0.0,0.0,0.0,0.0
629.0,2026-08-31 05:00,1013.6,15.5,0.9020241555358138,5.0,0.0,0.0,0.0,0.0,0.0
630.0,2026-08-31 06:00,1013.6,15.5,0.9020241555358138,5.0,0.0,0.0,0.0,0.0,0.0
631.0,2026-08-31 07:00,1013.5,15.5,0.8961914238891036,5.0,0.0,0.0,0.0,0.0,0.0
632.0,2026-08-31 08:00,1013.4,15.5,0.8961914238891036,5.0,0.0,0.0,0.0,0.0,0.0
633.0,2026-08-31 09:00,1013.3,15.5,0.8846254520706516,6.0,0.0,0.0,0.0,0.0,0.0
634.0,2026-08-31 10:00,1013.1,15.5,0.8788918889887527,6.0,0.0,0.0,0.0,0.0,0.0
635.0,2026-08-31 11:00,1013.3,15.5,0.8846254520706516,6.0,0.0,0.0,0.0,0.0,0.0
636.0,2026-08-31 12:00,1013.4,15.5,0.8846254520706516,6.0,0.0,0.0,0.0,0.0,0.0
637.0,2026-08-31 13:00,1013.6,15.4,0.8903116480292114,6.0,0.0,0.0,0.0,0.0,0.0
638.0,2026-08-31 14:00,1013.6,15.2,0.9135979599857126,5.0,0.0,0.0,0.0,0.0,0.0
639.0,2026-08-31 15:00,1014.2,15.2,0.9135979599857126,5.0,0.0,0.0,0.0,0.0,0.0
640.0,2026-08-31 16:00,1014.7,15.3,0.9196038135053711,4.0,0.0,0.0,0.0,0.0,0.0
641.0,2026-08-31 17:00,1015.0,15.3,0.925579585552664,4.0,0.0,0.0,0.0,0.0,0.0
642.0,2026-08-31 18:00,1015.3,15.5,0.9197232843946157,4.0,0.0,0.0,0.0,0.0,0.0
643.0,2026-08-31 19:00,1015.5,15.8,0.9080940647897694,2.0,0.0,0.0,0.0,0.0,0.0
644.0,2026-08-31 20:00,1015.5,16.2,0.8852124883984177,2.0,0.0,0.0,0.0,0.0,0.0
645.0,2026-08-31 21:00,1015.2,16.3,0.88529599323067,3.0,0.0,0.0,0.0,0.0,0.0
646.0,2026-08-31 22:00,1015.0,16.4,0.8968740086034812,3.0,0.0,0.0,0.0,0.0,0.0
647.0,2026-08-31 23:00,1014.6,16.5,0.9085670159045697,3.0,0.0,0.0,0.0,0.0,0.0
648.0,2026-09-01 00:00,1014.4,16.5,0.9144252726172231,4.0,0.0,0.0,0.0,0.0,0.0
649.0,2026-09-01 01:00,1014.1,16.5,0.9144252726172231,4.0,0.0,0.0,0.0,0.0,0.0
650.0,2026-09-01 02:00,1014.0,16.3,0.92613180915866,4.0,0.0,0.0,0.0,0.0,0.0
651.0,2026-09-01 03:00,1013.9,16.3,0.92613180915866,4.0,0.0,0.0,0.0,0.0,0.0
652.0,2026-09-01 04:00,1014.2,16.2,0.932048016700281,4.0,0.0,0.0,0.0,0.0,0.0
653.0,2026-09-01 05:00,1014.7,16.4,0.8516694019587312,4.0,0.0,0.0,0.0,0.0,0.0
654.0,2026-09-01 06:00,1014.8,16.3,0.92613180915866,4.0,0.0,0.0,0.0,0.0,0.0
655.0,2026-09-01 07:00,1014.6,16.2,0.932048016700281,3.0,0.0,0.0,0.0,0.0,0.0
656.0,2026-09-01 08:00,1014.5,16.2,0.9025273159768378,3.0,0.0,0.0,0.0,0.0,0.0
657.0,2026-09-01 09:00,1014.4,16.3,0.8571057312875529,3.0,0.0,0.0,0.0,0.0,0.0
658.0,2026-09-01 10:00,1014.4,16.5,0.8353584237069821,3.0,0.0,0.0,0.0,0.0,0.0
659.0,2026-09-01 11:00,1014.5,16.6,0.8193472643185665,4.0,0.0,0.0,0.0,0.0,0.0
660.0,2026-09-01 12:00,1014.4,16.5,0.8797680617579738,4.0,0.0,0.0,0.0,0.0,0.0
661.0,2026-09-01 13:00,1014.6,16.2,0.9260768600471826,3.0,0.0,0.0,0.0,0.0,0.0
662.0,2026-09-01 14:00,1014.8,16.1,0.9501275990991449,4.0,0.0,0.0,0.0,0.0,0.0
663.0,2026-09-01 15:00,1015.5,16.1,0.9562395715567671,3.0,0.0,0.0,0.0,0.0,0.0
664.0,2026-09-01 16:00,1016.1,16.1,0.9562395715567671,4.0,0.0,0.0,0.0,0.0,0.0
665.0,2026-09-01 17:00,1016.3,16.3,0.9441339324652338,4.0,0.0,0.0,0.0,0.0,0.0
666.0,2026-09-01 18:00,1016.7,16.4,0.9441758258156941,3.0,0.0,0.0,0.0,0.0,0.0
667.0,2026-09-01 19:00,1017.1,16.6,0.9382380143867836,4.0,0.0,0.0,0.0,0.0,0.0
668.0,2026-09-01 20:00,1017.2,16.7,0.9323007842241369,4.0,0.0,0.0,0.0,0.0,0.0
669.0,2026-09-01 21:00,1017.0,16.9,0.9264602384588321,4.0,0.0,0.0,0.0,0.0,0.0
670.0,2026-09-01 22:00,1016.9,16.9,0.9146774794044665,4.0,0.0,0.0,0.0,0.0,0.0
671.0,2026-09-01 23:00,1016.8,17.0,0.9089026455390058,4.0,0.0,0.0,0.0,0.0,0.0
672.0,2026-09-02 00:00,1016.5,17.2,0.8974752273349127,4.0,0.0,0.0,0.0,0.0,0.0
673.0,2026-09-02 01:00,1016.4,17.2,0.926623643559593,4.0,0.0,0.0,0.0,0.0,0.0
674.0,2026-09-02 02:00,1016.4,17.3,0.926677992568539,3.0,0.0,0.0,0.0,0.0,0.0
675.0,2026-09-02 03:00,1016.4,17.0,0.9384222041997571,3.0,0.0,0.0,0.0,0.0,0.0
676.0,2026-09-02 04:00,1016.6,16.8,0.9564700707259925,3.0,0.0,0.0,0.0,0.0,0.0
677.0,2026-09-02 05:00,1016.9,16.7,0.9625565178650933,4.0,0.0,0.0,0.0,0.0,0.0
678.0,2026-09-02 06:00,1017.0,16.6,0.9686864275335452,4.0,0.0,0.0,0.0,0.0,0.0
679.0,2026-09-02 07:00,1016.8,16.6,0.9625281930277724,4.0,0.0,0.0,0.0,0.0,0.0
680.0,2026-09-02 08:00,1016.6,16.5,0.9624998362508222,5.0,0.0,0.0,0.0,0.0,0.0
681.0,2026-09-02 09:00,1016.6,16.4,0.962471447486534,6.0,0.0,0.0,0.0,0.0,0.0
682.0,2026-09-02 10:00,1016.4,16.4,0.962471447486534,5.0,0.0,0.0,0.0,0.0,0.0
683.0,2026-09-02 11:00,1016.2,16.6,0.9625281930277724,5.0,0.0,0.0,0.0,0.0,0.0
684.0,2026-09-02 12:00,1016.0,16.3,0.9686150423439879,6.0,0.0,0.0,0.0,0.0,0.0
685.0,2026-09-02 13:00,1016.1,16.1,0.968567317264588,6.0,0.0,0.0,0.0,0.0,0.0
686.0,2026-09-02 14:00,1016.3,16.0,0.9747641899562645,7.0,0.0,0.0,0.0,0.0,0.0
687.0,2026-09-02 15:00,1016.6,15.9,0.9623290221790394,7.0,0.0,0.0,0.0,0.0,0.0
688.0,2026-09-02 16:00,1017.4,15.8,0.974725655901945,6.0,0.0,0.0,0.0,0.0,0.0
689.0,2026-09-02 17:00,1017.5,16.1,0.968567317264588,6.0,0.0,0.0,0.0,0.0,0.0
690.0,2026-09-02 18:00,1017.8,16.3,0.9686150423439879,5.0,0.0,0.0,0.0,0.0,0.0
691.0,2026-09-02 19:00,1018.4,16.7,0.9503522103547698,3.0,0.0,0.0,0.0,0.0,0.0
692.0,2026-09-02 20:00,1018.5,16.8,0.9264056504469453,2.0,0.0,0.0,0.0,0.0,0.0
693.0,2026-09-02 21:00,1018.2,17.0,0.9089026455390058,1.0,0.0,0.0,0.0,0.0,0.0
694.0,2026-09-02 22:00,1018.2,17.1,0.8916644658303884,2.0,0.0,0.0,0.0,0.0,0.0
695.0,2026-09-02 23:00,1018.0,17.4,0.8693240032333807,2.0,0.0,0.0,0.0,0.0,0.0
696.0,2026-09-03 00:00,1017.6,17.5,0.875010594191152,2.0,0.0,0.0,0.0,0.0,0.0
697.0,2026-09-03 01:00,1017.3,17.5,0.8976993566271491,3.0,0.0,0.0,0.0,0.0,0.0
698.0,2026-09-03 02:00,1017.1,17.5,0.9092364626357303,3.0,0.0,0.0,0.0,0.0,0.0
699.0,2026-09-03 03:00,1016.8,17.1,0.9265692349289826,2.0,0.0,0.0,0.0,0.0,0.0
700.0,2026-09-03 04:00,1016.9,16.9,0.9324015014101815,3.0,0.0,0.0,0.0,0.0,0.0
701.0,2026-09-03 05:00,1017.4,16.8,0.9383302112752655,3.0,0.0,0.0,0.0,0.0,0.0
702.0,2026-09-03 06:00,1017.2,16.8,0.9443429336167335,3.0,0.0,0.0,0.0,0.0,0.0
703.0,2026-09-03 07:00,1016.8,16.7,0.9564372530611401,2.0,0.0,0.0,0.0,0.0,0.0
704.0,2026-09-03 08:00,1016.6,16.6,0.9625281930277724,2.0,0.0,0.0,0.0,0.0,0.0
705.0,2026-09-03 09:00,1016.6,16.6,0.9686864275335452,3.0,0.0,0.0,0.0,0.0,0.0
706.0,2026-09-03 10:00,1016.2,16.6,0.9748792671308887,3.0,0.0,0.0,0.0,0.0,0.0
707.0,2026-09-03 11:00,1015.9,16.6,0.9811068775156451,3.0,0.0,0.0,0.0,0.0,0.0
708.0,2026-09-03 12:00,1015.6,16.5,0.9810924504239088,3.0,0.0,0.0,0.0,0.0,0.0
709.0,2026-09-03 13:00,1015.1,16.1,0.9747834240890093,5.0,0.0,0.0,0.0,0.0,0.0
710.0,2026-09-03 14:00,1015.1,16.0,0.9623575715987422,5.0,0.0,0.0,0.0,0.0,0.0
711.0,2026-09-03 15:00,1015.3,16.2,0.9624145738046703,6.0,0.0,0.0,0.0,0.0,0.0
712.0,2026-09-03 16:00,1015.5,16.3,0.9686150423439879,6.0,0.0,0.0,0.0,0.0,0.0
713.0,2026-09-03 17:00,1015.3,16.4,0.9686388643572562,6.0,0.0,0.0,0.0,0.0,0.0
714.0,2026-09-03 18:00,1015.1,16.5,0.9748601420955954,6.0,0.0,0.0,0.0,0.0,0.0
715.0,2026-09-03 19:00,1015.1,16.4,0.9748409953066477,6.0,0.0,0.0,0.0,0.0,0.0
716.0,2026-09-03 20:00,1014.8,16.5,0.9686626594069596,6.0,0.0,0.0,0.0,0.0,0.0
717.0,2026-09-03 21:00,1014.2,16.5,0.9686626594069596,6.0,0.0,0.0,0.0,0.0,0.0
718.0,2026-09-03 22:00,1013.9,16.6,0.9748792671308887,6.0,0.0,0.0,0.0,0.0,0.0
719.0,2026-09-03 23:00,1013.3,16.7,0.9811212881545688,6.0,0.0,0.0,0.0,0.0,0.0
720.0,2026-09-04 00:00,1012.8,16.9,0.9811500601736323,6.0,0.0,0.0,0.0,0.0,0.0
721.0,2026-09-04 01:00,1012.6,16.5,0.9810924504239088,4.0,0.0,0.0,0.0,0.0,0.0
722.0,2026-09-04 02:00,1012.5,16.2,0.9873306628630374,4.0,0.0,0.0,0.0,0.0,0.0
723.0,2026-09-04 03:00,1012.3,16.1,0.9936426955816314,4.0,0.0,0.0,0.0,0.0,0.0
724.0,2026-09-04 04:00,1012.3,16.1,0.9873209445016359,2.0,0.0,0.0,0.0,0.0,0.0
725.0,2026-09-04 05:00,1013.0,16.2,0.9873306628630374,2.0,0.0,0.0,0.0,0.0,0.0
726.0,2026-09-04 06:00,1012.9,16.3,0.9810635467820615,2.0,0.0,0.0,0.0,0.0,0.0
727.0,2026-09-04 07:00,1012.6,16.3,0.9748218267311902,2.0,0.0,0.0,0.0,0.0,0.0
728.0,2026-09-04 08:00,1012.6,16.3,0.9810635467820615,2.0,0.0,0.0,0.0,0.0,0.0
729.0,2026-09-04 09:00,1012.6,16.4,0.9748409953066477,3.0,0.0,0.0,0.0,0.0,0.0
730.0,2026-09-04 10:00,1012.7,16.2,0.9685911933266312,3.0,0.0,0.0,0.0,0.0,0.0
731.0,2026-09-04 11:00,1012.8,16.0,0.9562064948738794,4.0,0.0,0.0,0.0,0.0,0.0
732.0,2026-09-04 12:00,1012.9,15.9,0.9439658914059306,3.0,0.0,0.0,0.0,0.0,0.0
733.0,2026-09-04 13:00,1013.1,15.7,0.9499770180367135,2.0,0.0,0.0,0.0,0.0,0.0
734.0,2026-09-04 14:00,1013.3,15.7,0.9499770180367135,2.0,0.0,0.0,0.0,0.0,0.0
735.0,2026-09-04 15:00,1013.9,15.9,0.9259116494345963,3.0,0.0,0.0,0.0,0.0,0.0
736.0,2026-09-04 16:00,1014.4,16.1,0.9141719642448332,2.0,0.0,0.0,0.0,0.0,0.0
737.0,2026-09-04 17:00,1014.9,16.3,0.9084322536567121,2.0,0.0,0.0,0.0,0.0,0.0
738.0,2026-09-04 18:00,1015.2,16.4,0.8968740086034812,3.0,0.0,0.0,0.0,0.0,0.0
739.0,2026-09-04 19:00,1015.5,16.5,0.8854627360062293,2.0,0.0,0.0,0.0,0.0,0.0
740.0,2026-09-04 20:00,1015.5,16.7,0.8742873885861225,2.0,0.0,0.0,0.0,0.0,0.0
741.0,2026-09-04 21:00,1015.5,16.8,0.8631718375963754,3.0,0.0,0.0,0.0,0.0,0.0
742.0,2026-09-04 22:00,1015.4,16.8,0.8743781232969751,4.0,0.0,0.0,0.0,0.0,0.0
743.0,2026-09-04 23:00,1015.2,16.9,0.8801159346607038,4.0,0.0,0.0,0.0,0.0,0.0
744.0,2026-09-05 00:00,1014.7,17.0,0.8858780418260157,5.0,0.0,0.0,0.0,0.0,0.0
745.0,2026-09-05 01:00,1014.6,17.0,0.8858780418260157,5.0,0.0,0.0,0.0,0.0,0.0
746.0,2026-09-05 02:00,1014.7,17.0,0.8858780418260157,5.0,0.0,0.0,0.0,0.0,0.0
747.0,2026-09-05 03:00,1014.7,16.7,0.9087014860853055,5.0,0.0,0.0,0.0,0.0,0.0
748.0,2026-09-05 04:00,1014.9,16.7,0.9145515133163944,6.0,0.0,0.0,0.0,0.0,0.0
749.0,2026-09-05 05:00,1015.3,16.6,0.9144884273421633,6.0,0.0,0.0,0.0,0.0,0.0
750.0,2026-09-05 06:00,1015.4,16.5,0.9085670159045697,5.0,0.0,0.0,0.0,0.0,0.0
751.0,2026-09-05 07:00,1015.2,16.4,0.9143620490434257,6.0,0.0,0.0,0.0,0.0,0.0
752.0,2026-09-05 08:00,1015.4,16.4,0.9202576709599566,5.0,0.0,0.0,0.0,0.0,0.0
753.0,2026-09-05 09:00,1015.3,16.4,0.9261866978694545,6.0,0.0,0.0,0.0,0.0,0.0
754.0,2026-09-05 10:00,1015.0,16.3,0.9380993353170113,5.0,0.0,0.0,0.0,0.0,0.0
755.0,2026-09-05 11:00,1014.7,16.3,0.9380993353170113,5.0,0.0,0.0,0.0,0.0,0.0
756.0,2026-09-05 12:00,1014.5,16.2,0.9380530063312782,6.0,0.0,0.0,0.0,0.0,0.0
757.0,2026-09-05 13:00,1014.4,16.1,0.9319972954802321,6.0,0.0,0.0,0.0,0.0,0.0
758.0,2026-09-05 14:00,1014.4,16.1,0.9319972954802321,5.0,0.0,0.0,0.0,0.0,0.0
759.0,2026-09-05 15:00,1014.9,16.1,0.9440500056046207,4.0,0.0,0.0,0.0,0.0,0.0
760.0,2026-09-05 16:00,1015.1,16.2,0.9025273159768378,4.0,0.0,0.0,0.0,0.0,0.0
761.0,2026-09-05 17:00,1015.3,16.3,0.8910309142527234,5.0,0.0,0.0,0.0,0.0,0.0
762.0,2026-09-05 18:00,1015.8,16.2,0.9142353949558086,5.0,0.0,0.0,0.0,0.0,0.0
763.0,2026-09-05 19:00,1016.2,16.3,0.9142987565224518,5.0,0.0,0.0,0.0,0.0,0.0
764.0,2026-09-05 20:00,1016.1,16.3,0.9142987565224518,5.0,0.0,0.0,0.0,0.0,0.0
765.0,2026-09-05 21:00,1015.9,16.5,0.9085670159045697,5.0,0.0,0.0,0.0,0.0,0.0
766.0,2026-09-05 22:00,1015.9,16.6,0.9086342874515683,5.0,0.0,0.0,0.0,0.0,0.0
767.0,2026-09-05 23:00,1015.6,16.7,0.9087014860853055,5.0,0.0,0.0,0.0,0.0,0.0
768.0,2026-09-06 00:00,1015.2,16.8,0.8971752638216535,7.0,0.0,0.0,0.0,0.0,0.0
769.0,2026-09-06 01:00,1015.0,16.9,0.8972503755148538,6.0,0.0,0.0,0.0,0.0,0.0
770.0,2026-09-06 02:00,1014.7,16.8,0.9087686119090767,7.0,0.0,0.0,0.0,0.0,0.0
771.0,2026-09-06 03:00,1014.6,16.5,0.9262415262667393,7.0,0.0,0.0,0.0,0.0,0.0
772.0,2026-09-06 04:00,1014.8,16.4,0.9202576709599566,7.0,0.0,0.0,0.0,0.0,0.0
773.0,2026-09-06 05:00,1015.3,16.3,0.9201985546322656,6.0,0.0,0.0,0.0,0.0,0.0
774.0,2026-09-06 06:00,1015.6,16.3,0.9142987565224518,6.0,0.0,0.0,0.0,0.0,0.0
775.0,2026-09-06 07:00,1015.6,16.2,0.9201393735330551,5.0,0.0,0.0,0.0,0.0,0.0
776.0,2026-09-06 08:00,1015.6,16.1,0.9200801275692211,5.0,0.0,0.0,0.0,0.0,0.0
777.0,2026-09-06 09:00,1015.4,16.1,0.9141719642448332,6.0,0.0,0.0,0.0,0.0,0.0
778.0,2026-09-06 10:00,1015.2,16.1,0.896647215143908,6.0,0.0,0.0,0.0,0.0,0.0
779.0,2026-09-06 11:00,1015.1,16.0,0.8965714544218653,6.0,0.0,0.0,0.0,0.0,0.0
780.0,2026-09-06 12:00,1015.1,15.9,0.9081618496369518,5.0,0.0,0.0,0.0,0.0,0.0
781.0,2026-09-06 13:00,1015.1,16.0,0.9023839445818631,5.0,0.0,0.0,0.0,0.0,0.0
782.0,2026-09-06 14:00,1015.3,16.0,0.9023839445818631,5.0,0.0,0.0,0.0,0.0,0.0
783.0,2026-09-06 15:00,1015.9,16.0,0.8907919299106308,5.0,0.0,0.0,0.0,0.0,0.0
784.0,2026-09-06 16:00,1016.2,16.0,0.8907919299106308,5.0,0.0,0.0,0.0,0.0,0.0
785.0,2026-09-06 17:00,1016.1,15.9,0.9023121424846972,5.0,0.0,0.0,0.0,0.0,0.0
786.0,2026-09-06 18:00,1016.2,15.8,0.9022402626415142,6.0,0.0,0.0,0.0,0.0,0.0
787.0,2026-09-06 19:00,1016.4,15.9,0.9023121424846972,5.0,0.0,0.0,0.0,0.0,0.0
788.0,2026-09-06 20:00,1016.3,16.0,0.9082295608427713,5.0,0.0,0.0,0.0,0.0,0.0
789.0,2026-09-06 21:00,1016.4,16.1,0.9082971985117843,5.0,0.0,0.0,0.0,0.0,0.0
790.0,2026-09-06 22:00,1016.3,16.2,0.9025273159768378,5.0,0.0,0.0,0.0,0.0,0.0
791.0,2026-09-06 23:00,1015.9,16.3,0.9025988854935225,5.0,0.0,0.0,0.0,0.0,0.0
792.0,2026-09-07 00:00,1015.5,16.5,0.8911898109635276,5.0,0.0,0.0,0.0,0.0,0.0
793.0,2026-09-07 01:00,1015.4,16.6,0.8912691318196373,5.0,0.0,0.0,0.0,0.0,0.0
794.0,2026-09-07 02:00,1015.2,16.7,0.8856291237499003,5.0,0.0,0.0,0.0,0.0,0.0
795.0,2026-09-07 03:00,1015.2,16.5,0.8911898109635276,5.0,0.0,0.0,0.0,0.0,0.0
796.0,2026-09-07 04:00,1015.3,16.4,0.9026703777019419,5.0,0.0,0.0,0.0,0.0,0.0
797.0,2026-09-07 05:00,1015.5,16.4,0.9084996713408354,6.0,0.0,0.0,0.0,0.0,0.0
798.0,2026-09-07 06:00,1015.5,16.4,0.9143620490434257,6.0,0.0,0.0,0.0,0.0,0.0
799.0,2026-09-07 07:00,1015.3,16.3,0.9142987565224518,6.0,0.0,0.0,0.0,0.0,0.0
800.0,2026-09-07 08:00,1015.0,16.2,0.9142353949558086,7.0,0.0,0.0,0.0,0.0,0.0
801.0,2026-09-07 09:00,1015.5,16.1,0.9200801275692211,6.0,0.0,0.0,0.0,0.0,0.0
802.0,2026-09-07 10:00,1015.1,15.9,0.9259116494345963,6.0,0.0,0.0,0.0,0.0,0.0
803.0,2026-09-07 11:00,1014.8,15.8,0.9318447949241937,6.0,0.0,0.0,0.0,0.0,0.0
804.0,2026-09-07 12:00,1014.7,15.7,0.9258012054176329,5.0,0.0,0.0,0.0,0.0,0.0
805.0,2026-09-07 13:00,1014.6,15.5,0.9316917873055548,5.0,0.0,0.0,0.0,0.0,0.0
806.0,2026-09-07 14:00,1014.7,15.3,0.925579585552664,4.0,0.0,0.0,0.0,0.0,0.0
807.0,2026-09-07 15:00,1015.3,15.2,0.9315382704045502,4.0,0.0,0.0,0.0,0.0,0.0
808.0,2026-09-07 16:00,1015.8,15.1,0.9375399758472163,4.0,0.0,0.0,0.0,0.0,0.0
809.0,2026-09-07 17:00,1015.8,15.1,0.9436275501614317,4.0,0.0,0.0,0.0,0.0,0.0
810.0,2026-09-07 18:00,1016.1,14.8,0.9496357298321729,2.0,0.0,0.0,0.0,0.0,0.0
811.0,2026-09-07 19:00,1016.1,14.8,0.9620128377049109,3.0,0.0,0.0,0.0,0.0,0.0
812.0,2026-09-07 20:00,1015.6,15.6,0.9499392671721532,3.0,0.0,0.0,0.0,0.0,0.0
813.0,2026-09-07 21:00,1015.1,16.4,0.9381456129382064,4.0,0.0,0.0,0.0,0.0,0.0
814.0,2026-09-07 22:00,1014.8,16.7,0.9382841383637294,5.0,0.0,0.0,0.0,0.0,0.0
815.0,2026-09-07 23:00,1014.3,16.7,0.9443012263699806,5.0,0.0,0.0,0.0,0.0,0.0
816.0,2026-09-08 00:00,1013.9,16.7,0.9443012263699806,5.0,0.0,0.0,0.0,0.0,0.0
817.0,2026-09-08 01:00,1013.7,16.7,0.9382841383637294,5.0,0.0,0.0,0.0,0.0,0.0
818.0,2026-09-08 02:00,1013.5,16.8,0.9204934904118638,4.0,0.0,0.0,0.0,0.0,0.0
819.0,2026-09-08 03:00,1013.3,16.7,0.9263510024686976,4.0,0.0,0.0,0.0,0.0,0.0
820.0,2026-09-08 04:00,1013.3,16.7,0.9204346322424904,4.0,0.0,0.0,0.0,0.0,0.0
821.0,2026-09-08 05:00,1013.6,16.7,0.9263510024686976,4.0,0.0,0.0,0.0,0.0,0.0
822.0,2026-09-08 06:00,1013.6,16.5,0.9381918392698475,3.0,0.0,0.0,0.0,0.0,0.0
823.0,2026-09-08 07:00,1013.4,16.4,0.9441758258156941,2.0,0.0,0.0,0.0,0.0,0.0
824.0,2026-09-08 08:00,1013.5,16.3,0.9441339324652338,2.0,0.0,0.0,0.0,0.0,0.0
825.0,2026-09-08 09:00,1013.5,16.1,0.9562395715567671,2.0,0.0,0.0,0.0,0.0,0.0
826.0,2026-09-08 10:00,1013.4,16.1,0.9623860887912349,3.0,0.0,0.0,0.0,0.0,0.0
827.0,2026-09-08 11:00,1013.6,16.2,0.9562726110719485,3.0,0.0,0.0,0.0,0.0,0.0
828.0,2026-09-08 12:00,1013.7,16.1,0.9562395715567671,2.0,0.0,0.0,0.0,0.0,0.0
829.0,2026-09-08 13:00,1013.9,15.9,0.9685194838436679,1.0,0.0,0.0,0.0,0.0,0.0
830.0,2026-09-08 14:00,1014.1,15.9,0.9685194838436679,1.0,0.0,0.0,0.0,0.0,0.0
831.0,2026-09-08 15:00,1014.9,16.1,0.968567317264588,1.0,0.0,0.0,0.0,0.0,0.0
832.0,2026-09-08 16:00,1015.4,16.4,0.9563385788199403,1.0,0.0,0.0,0.0,0.0,0.0
833.0,2026-09-08 17:00,1015.7,16.9,0.9383762331958372,2.0,0.0,0.0,0.0,0.0,0.0
834.0,2026-09-08 18:00,1016.0,17.1,0.9265692349289826,1.0,0.0,0.0,0.0,0.0,0.0
835.0,2026-09-08 19:00,1016.2,17.1,0.9265692349289826,2.0,0.0,0.0,0.0,0.0,0.0
836.0,2026-09-08 20:00,1016.1,17.1,0.9325019968077043,2.0,0.0,0.0,0.0,0.0,0.0
837.0,2026-09-08 21:00,1015.9,17.4,0.9386055805304941,2.0,0.0,0.0,0.0,0.0,0.0
838.0,2026-09-08 22:00,1015.7,17.5,0.9446335901866882,2.0,0.0,0.0,0.0,0.0,0.0
839.0,2026-09-08 23:00,1015.5,17.7,0.9387425817751948,1.0,0.0,0.0,0.0,0.0,0.0
840.0,2026-09-09 00:00,1015.1,17.4,0.956666206169021,2.0,0.0,0.0,0.0,0.0,0.0
841.0,2026-09-09 01:00,1015.1,18.1,0.9389245458640236,1.0,0.0,0.0,0.0,0.0,0.0
842.0,2026-09-09 02:00,1015.0,17.8,0.9507601099501196,2.0,0.0,0.0,0.0,0.0,0.0
843.0,2026-09-09 03:00,1015.2,17.4,0.9627539014057284,2.0,0.0,0.0,0.0,0.0,0.0
844.0,2026-09-09 04:00,1015.5,17.1,0.9749745671482061,2.0,0.0,0.0,0.0,0.0,0.0
845.0,2026-09-09 05:00,1016.0,16.6,0.9811068775156451,1.0,0.0,0.0,0.0,0.0,0.0
846.0,2026-09-09 06:00,1016.5,16.6,0.987369425026076,3.0,0.0,0.0,0.0,0.0,0.0
847.0,2026-09-09 07:00,1016.5,16.9,0.9873983802758117,2.0,0.0,0.0,0.0,0.0,0.0
848.0,2026-09-09 08:00,1016.5,16.7,0.9811212881545688,1.0,0.0,0.0,0.0,0.0,0.0
849.0,2026-09-09 09:00,1016.5,16.3,0.9873403700791997,2.0,0.0,0.0,0.0,0.0,0.0
850.0,2026-09-09 10:00,1016.5,16.3,0.9873403700791997,2.0,0.0,0.0,0.0,0.0,0.0
851.0,2026-09-09 11:00,1016.5,16.3,0.9873403700791997,2.0,0.0,0.0,0.0,0.0,0.0
852.0,2026-09-09 12:00,1017.0,16.3,0.9873403700791997,2.0,0.0,0.0,0.0,0.0,0.0
853.0,2026-09-09 13:00,1016.9,16.4,0.9873500661671213,2.0,0.0,0.0,0.0,0.0,0.0
854.0,2026-09-09 14:00,1017.0,16.7,0.9811212881545688,2.0,0.0,0.0,0.0,0.0,0.0
855.0,2026-09-09 15:00,1017.2,16.7,0.9748983704453223,3.0,0.0,0.0,0.0,0.0,0.0
856.0,2026-09-09 16:00,1017.6,16.8,0.9625848108104053,4.0,0.0,0.0,0.0,0.0,0.0
857.0,2026-09-09 17:00,1017.8,17.0,0.9504639524498745,4.0,0.0,0.0,0.0,0.0,0.0
858.0,2026-09-09 18:00,1018.2,17.1,0.9444677774957962,4.0,0.0,0.0,0.0,0.0,0.0
859.0,2026-09-09 19:00,1018.1,17.3,0.9385598124527261,3.0,0.0,0.0,0.0,0.0,0.0
860.0,2026-09-09 20:00,1017.6,17.5,0.9386512980611728,3.0,0.0,0.0,0.0,0.0,0.0
861.0,2026-09-09 21:00,1017.1,17.7,0.9268947941012571,5.0,0.0,0.0,0.0,0.0,0.0
862.0,2026-09-09 22:00,1016.8,17.6,0.9327522691843109,5.0,0.0,0.0,0.0,0.0,0.0
863.0,2026-09-09 23:00,1015.9,17.8,0.8922143980445946,5.0,0.0,0.0,0.0,0.0,0.0
864.0,2026-09-10 00:00,1015.2,17.8,0.8865379538262589,5.0,0.0,0.0,0.0,0.0,0.0
866.0,2026-09-10 02:00,1014.6,17.8,0.8696986449772554,4.0,0.0,0.0,0.0,0.0,0.0
867.0,2026-09-10 03:00,1014.6,17.8,0.8808932813542415,4.0,0.0,0.0,0.0,0.0,0.0
868.0,2026-09-10 04:00,1014.9,18.0,0.8754595130332201,4.0,0.0,0.0,0.0,0.0,0.0
869.0,2026-09-10 05:00,1015.7,17.8,0.8922143980445946,2.0,0.0,0.0,0.0,0.0,0.0
870.0,2026-09-10 06:00,1015.5,17.8,0.9036632119348679,4.0,0.0,0.0,0.0,0.0,0.0
871.0,2026-09-10 07:00,1015.5,17.7,0.9210203310768247,4.0,0.0,0.0,0.0,0.0,0.0
872.0,2026-09-10 08:00,1015.5,17.5,0.9267865120644552,3.0,0.0,0.0,0.0,0.0,0.0
873.0,2026-09-10 09:00,1015.7,17.1,0.9384681243612039,2.0,0.0,0.0,0.0,0.0,0.0
874.0,2026-09-10 10:00,1015.5,17.1,0.9444677774957962,2.0,0.0,0.0,0.0,0.0,0.0
875.0,2026-09-10 11:00,1015.4,17.2,0.9445092997277962,2.0,0.0,0.0,0.0,0.0,0.0
876.0,2026-09-10 12:00,1015.4,17.0,0.9565355957601622,1.0,0.0,0.0,0.0,0.0,0.0
877.0,2026-09-10 13:00,1015.2,16.8,0.9687338831787756,2.0,0.0,0.0,0.0,0.0,0.0
878.0,2026-09-10 14:00,1015.4,16.8,0.97491745207163,2.0,0.0,0.0,0.0,0.0,0.0
879.0,2026-09-10 15:00,1015.7,16.7,0.9748983704453223,2.0,0.0,0.0,0.0,0.0,0.0
880.0,2026-09-10 16:00,1016.0,16.9,0.9626130719112396,2.0,0.0,0.0,0.0,0.0,0.0
881.0,2026-09-10 17:00,1016.1,16.9,0.9626130719112396,2.0,0.0,0.0,0.0,0.0,0.0
882.0,2026-09-10 18:00,1016.4,17.0,0.9687812316150222,2.0,0.0,0.0,0.0,0.0,0.0
883.0,2026-09-10 19:00,1016.6,17.6,0.9567312924102144,2.0,0.0,0.0,0.0,0.0,0.0
884.0,2026-09-10 20:00,1016.3,17.6,0.950686317855001,2.0,0.0,0.0,0.0,0.0,0.0
885.0,2026-09-10 21:00,1016.0,17.6,0.9446749284850298,2.0,0.0,0.0,0.0,0.0,0.0
886.0,2026-09-10 22:00,1015.6,17.2,0.9626976646208809,3.0,0.0,0.0,0.0,0.0,0.0
887.0,2026-09-10 23:00,1014.9,16.8,0.97491745207163,5.0,0.0,0.0,0.0,0.0,0.0
888.0,2026-09-11 00:00,1014.5,16.4,0.9873500661671213,5.0,0.0,0.0,0.0,0.0,0.0
889.0,2026-09-11 01:00,1014.4,16.4,0.9873500661671213,6.0,0.0,0.0,0.0,0.0,0.0
890.0,2026-09-11 02:00,1014.3,16.2,0.9936475830329542,6.0,0.0,0.0,0.0,0.0,0.0
891.0,2026-09-11 03:00,1014.5,15.9,0.9685194838436679,6.0,0.0,0.0,0.0,0.0,0.0
892.0,2026-09-11 04:00,1014.7,15.7,0.9684715417549177,5.0,0.0,0.0,0.0,0.0,0.0
893.0,2026-09-11 05:00,1015.2,15.8,0.9684955264032133,5.0,0.0,0.0,0.0,0.0,0.0
894.0,2026-09-11 06:00,1015.2,15.8,0.9684955264032133,5.0,0.0,0.0,0.0,0.0,0.0
895.0,2026-09-11 07:00,1015.0,15.7,0.9684715417549177,5.0,0.0,0.0,0.0,0.0,0.0
896.0,2026-09-11 08:00,1015.0,15.8,0.9623004404838854,5.0,0.0,0.0,0.0,0.0,0.0
897.0,2026-09-11 09:00,1015.2,15.7,0.962271826464948,5.0,0.0,0.0,0.0,0.0,0.0
898.0,2026-09-11 10:00,1015.1,15.7,0.9499770180367135,6.0,0.0,0.0,0.0,0.0,0.0
899.0,2026-09-11 11:00,1015.1,15.6,0.9560738153574602,5.0,0.0,0.0,0.0,0.0,0.0
900.0,2026-09-11 12:00,1014.9,15.6,0.9560738153574602,4.0,0.0,0.0,0.0,0.0,0.0
901.0,2026-09-11 13:00,1014.7,15.6,0.9560738153574602,4.0,0.0,0.0,0.0,0.0,0.0
902.0,2026-09-11 14:00,1014.7,15.6,0.9438393676410873,4.0,0.0,0.0,0.0,0.0,0.0
903.0,2026-09-11 15:00,1014.9,15.8,0.9318447949241937,3.0,0.0,0.0,0.0,0.0,0.0
904.0,2026-09-11 16:00,1015.0,15.9,0.9379137104349758,3.0,0.0,0.0,0.0,0.0,0.0
905.0,2026-09-11 17:00,1015.1,15.8,0.9439237638824047,3.0,0.0,0.0,0.0,0.0,0.0
906.0,2026-09-11 18:00,1015.3,15.7,0.9438815893172254,4.0,0.0,0.0,0.0,0.0,0.0
907.0,2026-09-11 19:00,1015.6,15.8,0.9439237638824047,4.0,0.0,0.0,0.0,0.0,0.0
908.0,2026-09-11 20:00,1015.2,16.0,0.9379601939655834,3.0,0.0,0.0,0.0,0.0,0.0
909.0,2026-09-11 21:00,1014.8,16.2,0.9260768600471826,3.0,0.0,0.0,0.0,0.0,0.0
910.0,2026-09-11 22:00,1014.4,16.3,0.92613180915866,4.0,0.0,0.0,0.0,0.0,0.0
911.0,2026-09-11 23:00,1013.9,16.4,0.9143620490434257,4.0,0.0,0.0,0.0,0.0,0.0
912.0,2026-09-12 00:00,1013.7,16.8,0.9087686119090767,2.0,0.0,0.0,0.0,0.0,0.0
913.0,2026-09-12 01:00,1013.1,17.0,0.8973254065896696,4.0,0.0,0.0,0.0,0.0,0.0
914.0,2026-09-12 02:00,1012.9,16.9,0.8915065858089316,4.0,0.0,0.0,0.0,0.0,0.0
915.0,2026-09-12 03:00,1012.7,16.6,0.8912691318196373,4.0,0.0,0.0,0.0,0.0,0.0
916.0,2026-09-12 04:00,1012.7,16.5,0.8854627360062293,4.0,0.0,0.0,0.0,0.0,0.0
917.0,2026-09-12 05:00,1012.9,16.5,0.8854627360062293,3.0,0.0,0.0,0.0,0.0,0.0
918.0,2026-09-12 06:00,1013.0,16.4,0.8911104051473652,3.0,0.0,0.0,0.0,0.0,0.0
919.0,2026-09-12 07:00,1012.8,16.3,0.8910309142527234,3.0,0.0,0.0,0.0,0.0,0.0
920.0,2026-09-12 08:00,1013.0,16.2,0.8909513381609734,3.0,0.0,0.0,0.0,0.0,0.0
921.0,2026-09-12 09:00,1013.2,16.2,0.8909513381609734,4.0,0.0,0.0,0.0,0.0,0.0
922.0,2026-09-12 10:00,1013.2,16.2,0.8909513381609734,4.0,0.0,0.0,0.0,0.0,0.0
923.0,2026-09-12 11:00,1013.3,16.2,0.8852124883984177,4.0,0.0,0.0,0.0,0.0,0.0
924.0,2026-09-12 12:00,1013.2,16.2,0.8795061866317074,5.0,0.0,0.0,0.0,0.0,0.0
925.0,2026-09-12 13:00,1013.3,16.1,0.8794187093963343,4.0,0.0,0.0,0.0,0.0,0.0
926.0,2026-09-12 14:00,1013.5,16.0,0.8850452112281308,4.0,0.0,0.0,0.0,0.0,0.0
927.0,2026-09-12 15:00,1014.5,16.1,0.8794187093963343,4.0,0.0,0.0,0.0,0.0,0.0
928.0,2026-09-12 16:00,1015.3,16.2,0.8738322750656273,3.0,0.0,0.0,0.0,0.0,0.0
929.0,2026-09-12 17:00,1015.5,16.3,0.8795935710186665,4.0,0.0,0.0,0.0,0.0,0.0
930.0,2026-09-12 18:00,1015.8,16.3,0.8795935710186665,5.0,0.0,0.0,0.0,0.0,0.0
931.0,2026-09-12 19:00,1016.3,16.5,0.8517752397819288,5.0,0.0,0.0,0.0,0.0,0.0
932.0,2026-09-12 20:00,1016.2,16.6,0.8518809679112959,5.0,0.0,0.0,0.0,0.0,0.0
933.0,2026-09-12 21:00,1016.4,16.7,0.8410250592928644,4.0,0.0,0.0,0.0,0.0,0.0
934.0,2026-09-12 22:00,1016.5,16.9,0.8304267813171429,5.0,0.0,0.0,0.0,0.0,0.0
935.0,2026-09-12 23:00,1016.2,16.9,0.819726112666785,5.0,0.0,0.0,0.0,0.0,0.0
936.0,2026-09-13 00:00,1015.8,17.1,0.8094120142815455,6.0,0.0,0.0,0.0,0.0,0.0
937.0,2026-09-13 01:00,1015.8,17.1,0.8146799547517187,6.0,0.0,0.0,0.0,0.0,0.0
938.0,2026-09-13 02:00,1015.8,17.0,0.8198521413065889,7.0,0.0,0.0,0.0,0.0,0.0
939.0,2026-09-13 03:00,1015.6,16.7,0.84649021066195,8.0,0.0,0.0,0.0,0.0,0.0
940.0,2026-09-13 04:00,1016.1,16.5,0.8797680617579738,9.0,0.0,0.0,0.0,0.0,0.0
941.0,2026-09-13 05:00,1016.7,16.4,0.8911104051473652,8.0,0.0,0.0,0.0,0.0,0.0
942.0,2026-09-13 06:00,1016.9,16.3,0.9025988854935225,7.0,0.0,0.0,0.0,0.0,0.0
943.0,2026-09-13 07:00,1017.0,16.2,0.9142353949558086,7.0,0.0,0.0,0.0,0.0,0.0
944.0,2026-09-13 08:00,1017.3,16.1,0.9141719642448332,7.0,0.0,0.0,0.0,0.0,0.0
945.0,2026-09-13 09:00,1017.5,16.0,0.9141084642906876,7.0,0.0,0.0,0.0,0.0,0.0
946.0,2026-09-13 10:00,1017.3,15.8,0.9258564578455536,7.0,0.0,0.0,0.0,0.0,0.0
947.0,2026-09-13 11:00,1017.1,15.9,0.9259116494345963,7.0,0.0,0.0,0.0,0.0,0.0
948.0,2026-09-13 12:00,1017.2,16.0,0.9141084642906876,7.0,0.0,0.0,0.0,0.0,0.0
949.0,2026-09-13 13:00,1017.4,16.0,0.9141084642906876,7.0,0.0,0.0,0.0,0.0,0.0
950.0,2026-09-13 14:00,1017.5,15.9,0.9081618496369518,7.0,0.0,0.0,0.0,0.0,0.0
951.0,2026-09-13 15:00,1017.9,15.9,0.9081618496369518,7.0,0.0,0.0,0.0,0.0,0.0
952.0,2026-09-13 16:00,1018.2,16.0,0.9023839445818631,6.0,0.0,0.0,0.0,0.0,0.0
953.0,2026-09-13 17:00,1018.2,16.2,0.9025273159768378,8.0,0.0,0.0,0.0,0.0,0.0
954.0,2026-09-13 18:00,1018.3,16.3,0.8910309142527234,8.0,0.0,0.0,0.0,0.0,0.0
955.0,2026-09-13 19:00,1018.3,16.4,0.8796808626849223,8.0,0.0,0.0,0.0,0.0,0.0
956.0,2026-09-13 20:00,1018.2,16.5,0.87410563156481,8.0,0.0,0.0,0.0,0.0,0.0
957.0,2026-09-13 21:00,1017.9,16.6,0.8855459741956512,8.0,0.0,0.0,0.0,0.0,0.0
958.0,2026-09-13 22:00,1017.5,16.7,0.8856291237499003,8.0,0.0,0.0,0.0,0.0,0.0
959.0,2026-09-13 23:00,1016.9,16.7,0.8856291237499003,9.0,0.0,0.0,0.0,0.0,0.0
960.0,2026-09-14 00:00,1016.7,16.8,0.8743781232969751,9.0,0.0,0.0,0.0,0.0,0.0
961.0,2026-09-14 01:00,1016.3,16.8,0.8743781232969751,8.0,0.0,0.0,0.0,0.0,0.0
962.0,2026-09-14 02:00,1015.9,16.7,0.8686645863213858,9.0,0.0,0.0,0.0,0.0,0.0
963.0,2026-09-14 03:00,1015.8,16.4,0.8627783546050133,9.0,0.0,0.0,0.0,0.0,0.0
964.0,2026-09-14 04:00,1015.6,16.2,0.8795061866317074,9.0,0.0,0.0,0.0,0.0,0.0
965.0,2026-09-14 05:00,1015.6,16.2,0.8852124883984177,10.0,0.0,0.0,0.0,0.0,0.0
966.0,2026-09-14 06:00,1015.4,16.2,0.8852124883984177,10.0,0.0,0.0,0.0,0.0,0.0
967.0,2026-09-14 07:00,1015.1,16.0,0.8907919299106308,9.0,0.0,0.0,0.0,0.0,0.0
968.0,2026-09-14 08:00,1014.9,15.9,0.8964956120580871,9.0,0.0,0.0,0.0,0.0,0.0
969.0,2026-09-14 09:00,1014.8,15.8,0.9022402626415142,8.0,0.0,0.0,0.0,0.0,0.0
970.0,2026-09-14 10:00,1014.8,15.8,0.9022402626415142,8.0,0.0,0.0,0.0,0.0,0.0
971.0,2026-09-14 11:00,1014.7,15.9,0.8907120975137757,7.0,0.0,0.0,0.0,0.0,0.0
972.0,2026-09-14 12:00,1014.5,15.8,0.8906321794432869,6.0,0.0,0.0,0.0,0.0,0.0
973.0,2026-09-14 13:00,1014.4,15.7,0.8905521755795275,7.0,0.0,0.0,0.0,0.0,0.0
974.0,2026-09-14 14:00,1014.2,15.6,0.9020962692772673,6.0,0.0,0.0,0.0,0.0,0.0
975.0,2026-09-14 15:00,1014.5,15.5,0.9137899224009894,6.0,0.0,0.0,0.0,0.0,0.0
976.0,2026-09-14 16:00,1014.9,15.6,0.9079582737521789,7.0,0.0,0.0,0.0,0.0,0.0
977.0,2026-09-14 17:00,1014.8,15.6,0.9197829215105783,7.0,0.0,0.0,0.0,0.0,0.0
978.0,2026-09-14 18:00,1015.0,15.7,0.9139175479782663,7.0,0.0,0.0,0.0,0.0,0.0
979.0,2026-09-14 19:00,1014.9,15.8,0.9139812562566745,7.0,0.0,0.0,0.0,0.0,0.0
980.0,2026-09-14 20:00,1014.6,15.9,0.9140448949943625,7.0,0.0,0.0,0.0,0.0,0.0
981.0,2026-09-14 21:00,1014.0,16.0,0.9082295608427713,7.0,0.0,0.0,0.0,0.0,0.0
982.0,2026-09-14 22:00,1013.6,16.1,0.9082971985117843,7.0,0.0,0.0,0.0,0.0,0.0
983.0,2026-09-14 23:00,1013.1,16.2,0.8967228943386988,7.0,0.0,0.0,0.0,0.0,0.0
984.0,2026-09-15 00:00,1012.5,16.3,0.9025988854935225,8.0,0.0,0.0,0.0,0.0,0.0
985.0,2026-09-15 01:00,1012.3,16.4,0.8911104051473652,8.0,0.0,0.0,0.0,0.0,0.0
986.0,2026-09-15 02:00,1012.2,16.3,0.8910309142527234,8.0,0.0,0.0,0.0,0.0,0.0
987.0,2026-09-15 03:00,1012.1,16.3,0.8795935710186665,8.0,0.0,0.0,0.0,0.0,0.0
988.0,2026-09-15 04:00,1012.4,16.3,0.873923490202961,8.0,0.0,0.0,0.0,0.0,0.0
989.0,2026-09-15 05:00,1012.8,16.3,0.873923490202961,7.0,0.0,0.0,0.0,0.0,0.0
990.0,2026-09-15 06:00,1012.7,16.2,0.8738322750656273,7.0,0.0,0.0,0.0,0.0,0.0
991.0,2026-09-15 07:00,1012.6,16.1,0.8851288944387629,7.0,0.0,0.0,0.0,0.0,0.0
992.0,2026-09-15 08:00,1012.2,15.9,0.8907120975137757,8.0,0.0,0.0,0.0,0.0,0.0
993.0,2026-09-15 09:00,1012.4,15.8,0.8906321794432869,7.0,0.0,0.0,0.0,0.0,0.0
994.0,2026-09-15 10:00,1012.3,15.8,0.8906321794432869,7.0,0.0,0.0,0.0,0.0,0.0
995.0,2026-09-15 11:00,1012.3,15.7,0.8905521755795275,7.0,0.0,0.0,0.0,0.0,0.0
996.0,2026-09-15 12:00,1012.2,15.6,0.8904720858026575,6.0,0.0,0.0,0.0,0.0,0.0
997.0,2026-09-15 13:00,1012.3,15.6,0.8789799260084725,6.0,0.0,0.0,0.0,0.0,0.0
998.0,2026-09-15 14:00,1012.4,15.6,0.8847095833970671,7.0,0.0,0.0,0.0,0.0,0.0
999.0,2026-09-15 15:00,1012.9,15.6,0.8904720858026575,7.0,0.0,0.0,0.0,0.0,0.0
1000.0,2026-09-15 16:00,1013.5,15.6,0.8847095833970671,6.0,0.0,0.0,0.0,0.0,0.0
1001.0,2026-09-15 17:00,1013.8,15.6,0.8847095833970671,6.0,0.0,0.0,0.0,0.0,0.0
1002.0,2026-09-15 18:00,1014.2,15.7,0.8847936248515107,6.0,0.0,0.0,0.0,0.0,0.0
1003.0,2026-09-15 19:00,1014.5,15.7,0.8847936248515107,5.0,0.0,0.0,0.0,0.0,0.0
1004.0,2026-09-15 20:00,1014.4,15.7,0.8905521755795275,4.0,0.0,0.0,0.0,0.0,0.0
1005.0,2026-09-15 21:00,1014.2,15.7,0.8847936248515107,5.0,0.0,0.0,0.0,0.0,0.0
1006.0,2026-09-15 22:00,1014.0,15.7,0.8905521755795275,4.0,0.0,0.0,0.0,0.0,0.0
1007.0,2026-09-15 23:00,1013.7,15.6,0.8962675939685737,4.0,0.0,0.0,0.0,0.0,0.0
1008.0,2026-09-16 00:00,1013.5,15.5,0.8961914238891036,4.0,0.0,0.0,0.0,0.0,0.0
1009.0,2026-09-16 01:00,1013.4,15.4,0.9019519636075642,4.0,0.0,0.0,0.0,0.0,0.0
1010.0,2026-09-16 02:00,1013.5,15.4,0.8961151715925393,5.0,0.0,0.0,0.0,0.0,0.0
1011.0,2026-09-16 03:00,1013.4,15.6,0.8847095833970671,5.0,0.0,0.0,0.0,0.0,0.0
1012.0,2026-09-16 04:00,1013.6,15.7,0.8733747495338142,5.0,0.0,0.0,0.0,0.0,0.0
1013.0,2026-09-16 05:00,1014.1,15.9,0.8622841778092571,4.0,0.0,0.0,0.0,0.0,0.0
1014.0,2026-09-16 06:00,1014.2,16.1,0.8569007877491686,5.0,0.0,0.0,0.0,0.0,0.0
1015.0,2026-09-16 07:00,1013.9,16.3,0.8626797262043775,6.0,0.0,0.0,0.0,0.0,0.0
1016.0,2026-09-16 08:00,1013.8,16.3,0.8571057312875529,6.0,0.0,0.0,0.0,0.0,0.0
1017.0,2026-09-16 09:00,1014.0,16.3,0.8571057312875529,5.0,0.0,0.0,0.0,0.0,0.0
1018.0,2026-09-16 10:00,1013.8,16.2,0.8625809944642021,4.0,0.0,0.0,0.0,0.0,0.0
1019.0,2026-09-16 11:00,1013.5,16.0,0.8623832204065863,4.0,0.0,0.0,0.0,0.0,0.0
1020.0,2026-09-16 12:00,1013.5,15.8,0.8734664483942219,5.0,0.0,0.0,0.0,0.0,0.0
1021.0,2026-09-16 13:00,1013.8,15.7,0.8790678694090343,5.0,0.0,0.0,0.0,0.0,0.0
1022.0,2026-09-16 14:00,1014.5,15.2,0.8901508651601611,5.0,0.0,0.0,0.0,0.0,0.0
1023.0,2026-09-16 15:00,1015.2,15.2,0.8901508651601611,5.0,0.0,0.0,0.0,0.0,0.0
1024.0,2026-09-16 16:00,1015.8,15.4,0.8788037582206677,5.0,0.0,0.0,0.0,0.0,0.0
1025.0,2026-09-16 17:00,1016.4,15.4,0.8845412307474384,5.0,0.0,0.0,0.0,0.0,0.0
1026.0,2026-09-16 18:00,1016.9,15.5,0.8788918889887527,5.0,0.0,0.0,0.0,0.0,0.0
1027.0,2026-09-16 19:00,1017.3,15.6,0.8732829535308032,4.0,0.0,0.0,0.0,0.0,0.0
1028.0,2026-09-16 20:00,1017.2,16.0,0.84572345067309,2.0,0.0,0.0,0.0,0.0,0.0
1029.0,2026-09-16 21:00,1016.9,16.2,0.8459430908723048,3.0,0.0,0.0,0.0,0.0,0.0
1030.0,2026-09-16 22:00,1016.7,16.3,0.8571057312875529,2.0,0.0,0.0,0.0,0.0,0.0
1031.0,2026-09-16 23:00,1016.5,16.5,0.8573102480036355,2.0,0.0,0.0,0.0,0.0,0.0
1032.0,2026-09-17 00:00,1016.3,16.5,0.87410563156481,3.0,0.0,0.0,0.0,0.0,0.0
1033.0,2026-09-17 01:00,1016.1,16.7,0.8686645863213858,4.0,0.0,0.0,0.0,0.0,0.0
1034.0,2026-09-17 02:00,1016.2,16.7,0.8686645863213858,4.0,0.0,0.0,0.0,0.0,0.0
1035.0,2026-09-17 03:00,1016.2,16.6,0.8912691318196373,5.0,0.0,0.0,0.0,0.0,0.0
1036.0,2026-09-17 04:00,1016.3,16.7,0.8856291237499003,4.0,0.0,0.0,0.0,0.0,0.0
1037.0,2026-09-17 05:00,1016.6,16.8,0.8857121847915206,4.0,0.0,0.0,0.0,0.0,0.0
1038.0,2026-09-17 06:00,1016.6,16.7,0.9028843915663559,4.0,0.0,0.0,0.0,0.0,0.0
1039.0,2026-09-17 07:00,1016.5,16.7,0.8971000713971368,4.0,0.0,0.0,0.0,0.0,0.0
1040.0,2026-09-17 08:00,1016.7,16.7,0.9145515133163944,4.0,0.0,0.0,0.0,0.0,0.0
1041.0,2026-09-17 09:00,1016.9,16.7,0.9204346322424904,4.0,0.0,0.0,0.0,0.0,0.0
1042.0,2026-09-17 10:00,1016.9,16.7,0.9263510024686976,4.0,0.0,0.0,0.0,0.0,0.0
1043.0,2026-09-17 11:00,1017.1,16.7,0.9263510024686976,3.0,0.0,0.0,0.0,0.0,0.0
1044.0,2026-09-17 12:00,1017.4,16.7,0.9323007842241369,3.0,0.0,0.0,0.0,0.0,0.0
1045.0,2026-09-17 13:00,1017.7,16.7,0.9323007842241369,2.0,0.0,0.0,0.0,0.0,0.0
1046.0,2026-09-17 14:00,1018.3,16.7,0.9323007842241369,2.0,0.0,0.0,0.0,0.0,0.0
1047.0,2026-09-17 15:00,1018.8,16.6,0.9382380143867836,3.0,0.0,0.0,0.0,0.0,0.0
1048.0,2026-09-17 16:00,1019.3,16.6,0.9382380143867836,2.0,0.0,0.0,0.0,0.0,0.0
1049.0,2026-09-17 17:00,1019.7,16.8,0.93235117058094,3.0,0.0,0.0,0.0,0.0,0.0
1050.0,2026-09-17 18:00,1020.3,16.8,0.93235117058094,3.0,0.0,0.0,0.0,0.0,0.0
1051.0,2026-09-17 19:00,1020.8,17.0,0.9324517767923287,3.0,0.0,0.0,0.0,0.0,0.0
1052.0,2026-09-17 20:00,1021.1,17.5,0.9034517206805005,1.0,0.0,0.0,0.0,0.0,0.0
1053.0,2026-09-17 21:00,1020.9,17.5,0.9092364626357303,1.0,0.0,0.0,0.0,0.0,0.0
1054.0,2026-09-17 22:00,1020.5,17.6,0.897773906352482,2.0,0.0,0.0,0.0,0.0,0.0
1055.0,2026-09-17 23:00,1020.2,17.7,0.8978483762445899,2.0,0.0,0.0,0.0,0.0,0.0
1056.0,2026-09-18 00:00,1020.2,17.7,0.869605131687505,2.0,0.0,0.0,0.0,0.0,0.0
1057.0,2026-09-18 01:00,1020.1,17.7,0.8808072744862814,2.0,0.0,0.0,0.0,0.0,0.0
1058.0,2026-09-18 02:00,1020.0,17.0,0.9089026455390058,3.0,0.0,0.0,0.0,0.0,0.0
1059.0,2026-09-18 03:00,1020.3,16.6,0.9262962944375325,3.0,0.0,0.0,0.0,0.0,0.0
1060.0,2026-09-18 04:00,1020.5,16.5,0.9203167226090682,3.0,0.0,0.0,0.0,0.0,0.0
1061.0,2026-09-18 05:00,1020.9,16.5,0.9262415262667393,4.0,0.0,0.0,0.0,0.0,0.0
1062.0,2026-09-18 06:00,1021.1,16.6,0.9262962944375325,4.0,0.0,0.0,0.0,0.0,0.0
1063.0,2026-09-18 07:00,1021.1,16.6,0.9086342874515683,5.0,0.0,0.0,0.0,0.0,0.0
1064.0,2026-09-18 08:00,1021.2,16.6,0.8970247981281797,4.0,0.0,0.0,0.0,0.0,0.0
1065.0,2026-09-18 09:00,1021.1,16.4,0.9026703777019419,4.0,0.0,0.0,0.0,0.0,0.0
1066.0,2026-09-18 10:00,1020.9,16.1,0.9082971985117843,4.0,0.0,0.0,0.0,0.0,0.0
1067.0,2026-09-18 11:00,1020.9,15.6,0.9257458920627266,5.0,0.0,0.0,0.0,0.0,0.0
1068.0,2026-09-18 12:00,1021.0,15.6,0.9377739495453784,5.0,0.0,0.0,0.0,0.0,0.0
1069.0,2026-09-18 13:00,1021.1,15.7,0.9378205883006052,5.0,0.0,0.0,0.0,0.0,0.0
1070.0,2026-09-18 14:00,1021.3,15.4,0.9437547826780753,5.0,0.0,0.0,0.0,0.0,0.0
1071.0,2026-09-18 15:00,1021.5,15.4,0.9316406717021116,4.0,0.0,0.0,0.0,0.0,0.0
1072.0,2026-09-18 16:00,1021.7,15.6,0.9257458920627266,5.0,0.0,0.0,0.0,0.0,0.0
1073.0,2026-09-18 17:00,1021.8,15.4,0.9316406717021116,5.0,0.0,0.0,0.0,0.0,0.0
1074.0,2026-09-18 18:00,1021.9,15.6,0.931742846322167,4.0,0.0,0.0,0.0,0.0,0.0
1075.0,2026-09-18 19:00,1021.9,16.0,0.9082295608427713,5.0,0.0,0.0,0.0,0.0,0.0
1076.0,2026-09-18 20:00,1021.6,16.0,0.8965714544218653,5.0,0.0,0.0,0.0,0.0,0.0
1077.0,2026-09-18 21:00,1020.8,15.9,0.8964956120580871,7.0,0.0,0.0,0.0,0.0,0.0
1078.0,2026-09-18 22:00,1020.5,16.0,0.8907919299106308,7.0,0.0,0.0,0.0,0.0,0.0
1079.0,2026-09-18 23:00,1019.9,16.1,0.896647215143908,6.0,0.0,0.0,0.0,0.0,0.0
1080.0,2026-09-19 00:00,1019.3,15.9,0.9081618496369518,7.0,0.0,0.0,0.0,0.0,0.0
1081.0,2026-09-19 01:00,1019.3,15.7,0.9139175479782663,7.0,0.0,0.0,0.0,0.0,0.0
1082.0,2026-09-19 02:00,1019.0,15.6,0.9138537700596067,7.0,0.0,0.0,0.0,0.0,0.0
1083.0,2026-09-19 03:00,1018.8,15.4,0.9256350822187421,7.0,0.0,0.0,0.0,0.0,0.0
1084.0,2026-09-19 04:00,1019.0,15.4,0.9256350822187421,7.0,0.0,0.0,0.0,0.0,0.0
1085.0,2026-09-19 05:00,1019.2,15.3,0.9315894994293292,7.0,0.0,0.0,0.0,0.0,0.0
1086.0,2026-09-19 06:00,1019.3,15.4,0.9256350822187421,6.0,0.0,0.0,0.0,0.0,0.0
1087.0,2026-09-19 07:00,1019.0,15.4,0.9196635817576888,7.0,0.0,0.0,0.0,0.0,0.0
1088.0,2026-09-19 08:00,1018.9,15.4,0.9137260049025345,7.0,0.0,0.0,0.0,0.0,0.0
1089.0,2026-09-19 09:00,1018.5,15.3,0.9136620174641863,7.0,0.0,0.0,0.0,0.0,0.0
1090.0,2026-09-19 10:00,1018.2,15.0,0.9194241141092921,7.0,0.0,0.0,0.0,0.0,0.0
1091.0,2026-09-19 11:00,1017.8,15.1,0.9194840797760179,7.0,0.0,0.0,0.0,0.0,0.0
1092.0,2026-09-19 12:00,1017.5,15.1,0.92546840828865,7.0,0.0,0.0,0.0,0.0,0.0
1093.0,2026-09-19 13:00,1017.4,15.1,0.9194840797760179,7.0,0.0,0.0,0.0,0.0,0.0
1094.0,2026-09-19 14:00,1017.3,15.1,0.9194840797760179,7.0,0.0,0.0,0.0,0.0,0.0
1095.0,2026-09-19 15:00,1017.6,15.0,0.9194241141092921,7.0,0.0,0.0,0.0,0.0,0.0
1096.0,2026-09-19 16:00,1017.9,14.8,0.9253011812271773,6.0,0.0,0.0,0.0,0.0,0.0
