t,lead_h,record_utc,z,airspeed,temperature_C,pressure_hPa,density_kg_m3,humidity,wind_x,wind_y,ice_mass_kg
0.05,0.005,2026-09-05 23:00,-0.10202932678456987,0.7901487520693515,16.69991606308065,1015.5974354507239,1.2128061857875172,0.9087070025810892,-0.0,0.0,0.0
0.1,0.01,2026-09-05 23:00,-0.09535007587712156,1.0782925937893073,16.69983212616131,1015.5948709014476,1.21280344886439,0.9087125190768728,-0.0,0.0,0.0
0.15000000000000002,0.015000000000000001,2026-09-05 23:00,-0.08135663166464921,1.3613068489767597,16.699748189241973,1015.5923063521715,1.2128007119399893,0.9087180355726564,-0.0,0.0,0.0
0.2,0.02,2026-09-05 23:00,-0.06094073663297872,1.6190377934007547,16.699664252322634,1015.5897418028951,1.212797975014314,0.90872355206844,-0.0,0.0,0.0
0.25,0.025,2026-09-05 23:00,-0.037526126870416884,1.8321365944346122,16.69958031540324,1015.587177253619,1.2127952380873657,0.9087290685642236,-0.0,0.0,0.0
0.3,0.03,2026-09-05 23:00,-0.015532890099194674,1.9988110406220119,16.6994963784839,1015.5846127043428,1.2127925011591432,0.9087345850600073,-0.0,0.0,0.0
0.35,0.034999999999999996,2026-09-05 23:00,0.0015132237090544143,2.3049644905003315,16.69940260561043,1015.5818663692995,1.2127895917860658,0.9087401015557909,-0.16882896864536875,0.17809548700264702,0.0
0.39999999999999997,0.04,2026-09-05 23:00,0.01270973210651638,3.451263237803472,16.69924589138651,1015.5779567679929,1.2127855789257074,0.9087456180515745,-1.0300419082011192,1.1109244114716887,0.0
0.44999999999999996,0.04499999999999999,2026-09-05 23:00,0.020248241963663573,3.7877777221026756,16.699112954153122,1015.5744866079225,1.212781982920389,0.9087511345473581,-1.2112584513295206,1.3353215750528067,0.0
0.49999999999999994,0.04999999999999999,2026-09-05 23:00,0.027182110444499745,4.017757469756641,16.698983947088664,1015.571089084769,1.212778455816487,0.9087566510431418,-1.3214394946141124,1.4886288960416525,0.0
0.5499999999999999,0.05499999999999999,2026-09-05 23:00,0.036219983956464405,4.230784247095234,16.698841263991426,1015.5674388058179,1.2127746889425268,0.9087621675389255,-1.4269626821720736,1.6420598776491113,0.0
0.6,0.06,2026-09-05 23:00,0.04878825414228571,4.4407669641783665,16.698675633315872,1015.5633644180019,1.2127705197498517,0.9087676840347091,-1.5350776565214836,1.8037188808374505,0.0
0.65,0.065,2026-09-05 23:00,0.06466590111160564,4.635262568243563,16.69848849169125,1015.558892474134,1.212765973425462,0.9087732005304927,-1.635110357203268,1.9608833876972884,0.0
0.7000000000000001,0.07,2026-09-05 23:00,0.08232691054110812,4.801315236628689,16.698289758210592,1015.5542062969034,1.2127612238708352,0.9087787170262763,-1.7177825033005962,2.1014717378937355,0.0
0.7500000000000001,0.07500000000000001,2026-09-05 23:00,0.09977000377971047,4.934080180980144,16.698092441185224,1015.5495463016119,1.212756499147359,0.90878423352206,-1.7799443807320685,2.220130873677103,0.0
0.8000000000000002,0.08000000000000002,2026-09-05 23:00,0.11540498697317048,5.035931704016901,16.69790687687515,1015.5451035183114,1.2127519804698235,0.9087897500178436,-1.8230581988110592,2.317065146869509,0.0
0.8500000000000002,0.08500000000000002,2026-09-05 23:00,0.12861024169669313,5.113123764860006,16.697737105800115,1015.5409526210298,1.2127477386762682,0.9087952665136272,-1.851098535421472,2.3958817753047827,0.0
0.9000000000000002,0.09000000000000004,2026-09-05 23:00,0.13979585078785278,5.173092796120016,16.697580462421627,1015.5370443454676,1.2127437270345276,0.9088007830094108,-1.8690584751863768,2.4619214705077552,0.0
0.9500000000000003,0.09500000000000003,2026-09-05 23:00,0.15004788130491367,5.222972770494788,16.697429887303883,1015.5332482218874,1.212739821778916,0.9088062995051944,-1.8818036269247276,2.5208330469711155,0.0
1.0000000000000002,0.10000000000000002,2026-09-05 23:00,0.16058065683181982,5.268569373394627,16.697277487343626,1015.5294183737308,1.212735884527925,0.908811816000978,-1.8930864168388615,2.5772009759958845,0.0
1.0500000000000003,0.10500000000000004,2026-09-05 23:00,0.17224907924127747,5.313329217647509,16.697117705678636,1015.5254521021799,1.2127318178588786,0.9088173324967617,-1.9049006068962941,2.6335116197435755,0.0
1.1000000000000003,0.11000000000000003,2026-09-05 23:00,0.18529611841891613,5.357852739909434,16.696948963004672,1015.5213202198828,1.212727594083479,0.9088228489925453,-1.917468783317845,2.6899333337196425,0.0
1.1500000000000004,0.11500000000000003,2026-09-05 23:00,0.1993847071685239,5.4005664847207635,16.696773450258434,1015.5170632190623,1.2127232516131627,0.9088283654883289,-1.9298545093206334,2.7449996642959955,0.0
1.2000000000000004,0.12000000000000005,2026-09-05 23:00,0.21384450083681464,5.439217733060111,16.69659552468022,1015.5127616280553,1.2127188668388962,0.9088338819841125,-1.9408127973558411,2.796725501093515,0.0
1.2500000000000004,0.12500000000000006,2026-09-05 23:00,0.2279948400169459,5.472222751344403,16.696419610556177,1015.5084972138659,1.2127145173270468,0.9088393984798961,-1.9494475676821064,2.8435485563135052,0.0
1.3000000000000005,0.13000000000000006,2026-09-05 23:00,0.24140359019571603,5.499235395549638,16.696248516760704,1015.5043218880913,1.2127102523226292,0.9088449149756798,-1.955490678020289,2.8847843102042816,0.0
1.3500000000000005,0.13500000000000004,2026-09-05 23:00,0.25399562011922444,5.520991997798989,16.696082731646868,1015.5002446757936,1.212706080387395,0.9088504314714634,-1.9592540061114039,2.920615327605126,0.0
1.4000000000000006,0.14000000000000007,2026-09-05 23:00,0.2660015777815009,5.538817245020033,16.695920756002693,1015.4962378692428,1.2127019752372312,0.9088559479672471,-1.9613966837300492,2.9517882108980764,0.0
1.4500000000000006,0.14500000000000007,2026-09-05 23:00,0.2778014208793746,5.554094512095188,16.695760120103216,1015.4922558245391,1.2126978935730568,0.9088614644630307,-1.96264370503783,2.9792078991417825,0.0
1.5000000000000007,0.15000000000000005,2026-09-05 23:00,0.28974547066224815,5.567844450995036,16.695598546860253,1015.4882564581629,1.2126937954730894,0.9088669809588144,-1.9635585058808651,3.003587439010883,0.0
1.5500000000000007,0.15500000000000005,2026-09-05 23:00,0.3020258432379605,5.580499025863989,16.69543478751916,1015.4842166916529,1.2126896590442322,0.908872497454598,-1.9644304632511378,3.025258422306993,0.0
1.6000000000000008,0.16000000000000006,2026-09-05 23:00,0.3146357483604678,5.591928532246039,16.695268886216525,1015.4801373408496,1.2126854850602886,0.9088780139503816,-1.965287711313218,3.0441720790774585,0.0
1.6500000000000008,0.1650000000000001,2026-09-05 23:00,0.32741259177330323,5.601685260469881,16.69510189981503,1015.4760379379696,1.2126812920501195,0.9088835304461652,-1.9659977466524614,3.060042951421053,0.0
1.7000000000000008,0.1700000000000001,2026-09-05 23:00,0.3401300803778,5.6093214403752985,16.694935299219708,1015.4719456671181,1.2126771058015478,0.9088890469419488,-1.9663939856695853,3.0725422563948275,0.0
1.7500000000000009,0.1750000000000001,2026-09-05 23:00,0.35259374995162407,5.614622188878666,16.694770348448174,1015.4678838887528,1.2126729484752519,0.9088945634377325,-1.966374007704199,3.0814538455857834,0.0
1.800000000000001,0.1800000000000001,2026-09-05 23:00,0.36470318094459,5.617675007372356,16.694607700227323,1015.4638646658876,1.2126688315147984,0.9089000799335161,-1.965942718267078,3.0867462057760022,0.0
1.850000000000001,0.18500000000000008,2026-09-05 23:00,0.3764649486281899,5.618797026157312,16.69444731181801,1015.4598872085044,1.2126647541708813,0.9089055964292997,-1.9652022167927714,3.0885595447383873,0.0
1.900000000000001,0.19000000000000009,2026-09-05 23:00,0.3879625032900071,5.618392866662313,16.69428864079339,1015.455941491833,1.2126607069337096,0.9089111129250833,-1.9643081167612018,3.0871375584647955,0.0
1.950000000000001,0.1950000000000001,2026-09-05 23:00,0.3993039713806404,5.616815558972409,16.69413098433148,1015.4520145268752,1.2126566774814513,0.9089166294208669,-1.9634174124498958,3.0827439445204976,0.0
2.000000000000001,0.2000000000000001,2026-09-05 23:00,0.4105723997450061,5.6142789197394345,16.693973802627738,1015.4480963374231,1.2126526563502862,0.9089221459166505,-1.9626486288198637,3.075597754797726,0.0
2.0500000000000007,0.20500000000000007,2026-09-05 23:00,0.4217965046423465,5.610841343499491,16.693816909026566,1015.4441834738631,1.212648640267781,0.9089276624124342,-1.9620651061383387,3.0658458399077593,0.0
2.1000000000000005,0.21000000000000008,2026-09-05 23:00,0.4329482562325,5.606452656662241,16.69366048572192,1015.4402793033046,1.212644632428151,0.9089331789082178,-1.9616812421209704,3.0535723973762594,0.0
2.1500000000000004,0.21500000000000002,2026-09-05 23:00,0.4439622018351964,5.601032866124868,16.693504958156097,1015.436391688309,1.212640640290228,0.9089386954040014,-1.9614833149285884,3.0388319460286275,0.0
2.2,0.22000000000000003,2026-09-05 23:00,0.45476447810823895,5.5945444087935465,16.693350806441003,1015.4325295017485,1.2126366722713071,0.908944211899785,-1.961453473026819,3.0216870151493445,0.0
2.25,0.225,2026-09-05 23:00,0.46529855026843747,5.58703078019314,16.69319839805263,1015.4286995348467,1.2126327348139652,0.9089497283955686,-1.961587449138274,3.0022352267912438,0.0
2.3,0.22999999999999998,2026-09-05 23:00,0.47553882553048715,5.57861180426196,16.693047899344094,1015.4249048618648,1.2126288308347037,0.9089552448913524,-1.961901416304253,2.980618623855292,0.0
2.3499999999999996,0.23499999999999996,2026-09-05 23:00,0.48548976732525806,5.569451229694484,16.692899281303085,1015.4211449465241,1.2126249598248915,0.908960761387136,-1.9624285262758092,2.9570165580125605,0.0
2.3999999999999995,0.23999999999999994,2026-09-05 23:00,0.49517405486740274,5.559716579541417,16.69275239651472,1015.4174170643685,1.2126211192000707,0.9089662778829196,-1.963209162272598,2.931629016404007,0.0
2.4499999999999993,0.24499999999999994,2026-09-05 23:00,0.5046166169694496,5.549548311249321,16.692607082941663,1015.413718220719,1.212617306119424,0.9089717943787032,-1.9642800729692593,2.9046588074279116,0.0
2.499999999999999,0.24999999999999992,2026-09-05 23:00,0.5138313916740482,5.539047515807686,16.6924632499867,1015.4100467411795,1.212613518994615,0.9089773108744869,-1.9656666021865616,2.8762991484545486,0.0
2.549999999999999,0.2549999999999999,2026-09-05 23:00,0.5228151439111712,5.528282181268756,16.692320918677865,1015.4064030142952,1.2126097581943216,0.9089828273702705,-1.9673800554364,2.8467294862019905,0.0
2.5999999999999988,0.2599999999999999,2026-09-05 23:00,0.5315491063760295,5.517305040935723,16.692180211002494,1015.4027892944202,1.212606025857237,0.9089883438660541,-1.969419899072114,2.816118627983556,0.0
2.6499999999999986,0.26499999999999985,2026-09-05 23:00,0.5400061407478838,5.506173135322588,16.6920413033597,1015.3992088414764,1.2126023250760027,0.9089938603618377,-1.9717788330595045,2.7846318315343543,0.0
2.6999999999999984,0.26999999999999985,2026-09-05 23:00,0.548159568858494,5.494960840766797,16.69190436915767,1015.395664860104,1.2125986588908286,0.9089993768576213,-1.9744482345060634,2.7524379378878727,0.0
2.7499999999999982,0.2749999999999998,2026-09-05 23:00,0.555990035857209,5.48376277161282,16.691769534202763,1015.3921596752169,1.2125950295073755,0.909004893353405,-1.9774219562643878,2.719713650759468,0.0
2.799999999999998,0.2799999999999998,2026-09-05 23:00,0.563488280254447,5.472687978714769,16.691636858694835,1015.388694399265,1.2125914379810927,0.9090104098491886,-1.9806975504021065,2.686643869391227,0.0
2.849999999999998,0.2849999999999998,2026-09-05 23:00,0.5706536602316433,5.461849957452677,16.69150634680568,1015.3852691092611,1.212587884385155,0.9090159263449722,-1.9842751338906888,2.6534187012039037,0.0
2.8999999999999977,0.28999999999999976,2026-09-05 23:00,0.5774898934732815,5.451357361304476,16.691377974370255,1015.3818833585357,1.2125843682959374,0.9090214428407558,-1.9881549039453055,2.620228818875943,0.0
2.9499999999999975,0.29499999999999976,2026-09-05 23:00,0.584000193292245,5.441308652161297,16.691251720502123,1015.3785367610128,1.2125808893472947,0.9090269593365394,-1.9923345541900639,2.5872609946334335,0.0
2.9999999999999973,0.29999999999999977,2026-09-05 23:00,0.5901837465055122,5.431791488789912,16.69112759048687,1015.3752294143019,1.2125774476319349,0.909032475832323,-1.996807585578991,2.5546951119116965,0.0
3.049999999999997,0.30499999999999977,2026-09-05 23:00,0.5960345698353765,5.42288560470968,16.691005623215858,1015.3719620370725,1.2125740438317438,0.9090379923281067,-2.001562954722946,2.522703092581108,0.0
3.099999999999997,0.30999999999999966,2026-09-05 23:00,0.6015426789386602,5.414666914116912,16.690885883587327,1015.3687358286213,1.2125706790845636,0.9090435088238903,-2.006585918787002,2.4914493791454544,0.0
3.149999999999997,0.31499999999999967,2026-09-05 23:00,0.606696656217063,5.40721072666083,16.69076844581565,1015.3655521604155,1.2125673546915723,0.9090490253196739,-2.01185953520121,2.4610921464804694,0.0
3.1999999999999966,0.3199999999999997,2026-09-05 23:00,0.6114863714337637,5.400592908606295,16.690653375747445,1015.3624122492832,1.2125640718072503,0.9090545418154576,-2.0173661584684885,2.4317843694814734,0.0
3.2499999999999964,0.3249999999999996,2026-09-05 23:00,0.6159048092010181,5.394889003446157,16.690540718982618,1015.3593169378797,1.2125608312311154,0.9090600583112413,-2.023088423224633,2.4036741531709676,0.0
3.2999999999999963,0.3299999999999996,2026-09-05 23:00,0.619948505657608,5.390172163370933,16.690430498036278,1015.3562666422434,1.2125576333579666,0.9090655748070249,-2.029009501196109,2.376904156491618,0.0
3.349999999999996,0.33499999999999963,2026-09-05 23:00,0.623616717866446,5.386510976571545,16.69032271773756,1015.3532614515678,1.2125544782725362,0.9090710913028085,-2.035112729278864,2.3516103215871813,0.0
3.399999999999996,0.33999999999999964,2026-09-05 23:00,0.6269098975135236,5.383967982744772,16.690217375150496,1015.3503013115452,1.2125513659234188,0.9090766077985921,-2.0413809132486347,2.3279203320635924,0.0
3.4499999999999957,0.3449999999999996,2026-09-05 23:00,0.6298281836650468,5.382599140175733,16.690114469371167,1015.3473862054286,1.2125482962948408,0.9090821242943757,-2.0477956642920785,2.3059522330193643,0.0
3.4999999999999956,0.34999999999999953,2026-09-05 23:00,0.6323704760605802,5.382454043538807,16.69001400755127,1015.344516265348,1.2125452695122627,0.9090876407901594,-2.054337037476862,2.28581349871693,0.0
3.5499999999999954,0.35499999999999954,2026-09-05 23:00,0.6345343178876878,5.383576468146603,16.689916005660052,1015.3416917863926,1.2125422858557384,0.909093157285943,-2.060983573672318,2.267600620482347,0.0
3.599999999999995,0.3599999999999995,2026-09-05 23:00,0.6363164657434791,5.38600485233064,16.68982048477966,1015.3389131581451,1.2125393456949667,0.9090986737817266,-2.0677126764552525,2.2513990992869934,0.0
3.649999999999995,0.3649999999999995,2026-09-05 23:00,0.637713789921098,5.389772527970976,16.689727465253156,1015.3361807565343,1.212536449386691,0.9091041902775102,-2.0745011454903524,2.2372836252645083,0.0
3.699999999999995,0.3699999999999995,2026-09-05 23:00,0.6387240949234984,5.39490773012625,16.689636961351255,1015.3334948452756,1.2125335971812023,0.9091097067732938,-2.0813256657004953,2.2253182261917956,0.0
3.7499999999999947,0.3749999999999995,2026-09-05 23:00,0.639346561965215,5.40143354878977,16.689548978396147,1015.3308555227093,1.2125307891719013,0.9091152232690775,-2.088163107540833,2.215556244989647,0.0
3.7999999999999945,0.37999999999999945,2026-09-05 23:00,0.6395817171219033,5.409367990440076,16.689463512968302,1015.3282627256345,1.212528025298938,0.9091207397648611,-2.0949905915861864,2.208040116818137,0.0
3.8499999999999943,0.38499999999999945,2026-09-05 23:00,0.6394310499304,5.4187241908693045,16.689380555385696,1015.325716275117,1.2125253053926666,0.9091262562606447,-2.101785377947419,2.2028010251625045,0.0
3.899999999999994,0.38999999999999946,2026-09-05 23:00,0.6388969336975251,5.429510444442054,16.689300090221877,1015.3232158860692,1.2125226291827342,0.9091317727564283,-2.108524907527942,2.1998587842400115,0.0
3.949999999999994,0.39499999999999935,2026-09-05 23:00,0.6379825762013094,5.441730964693394,16.689222096626224,1015.3207611731647,1.2125199963036892,0.9091372892522119,-2.1151868580968687,2.1992217971431662,0.0
3.999999999999994,0.39999999999999936,2026-09-05 23:00,0.6366911270543497,5.455386864047728,16.689146554126296,1015.3183517580734,1.212517406396718,0.9091428057479956,-2.1217487640838955,2.2008866205966475,0.0
4.049999999999994,0.40499999999999936,2026-09-05 23:00,0.6350249774471435,5.470476827821503,16.689073447179396,1015.3159873535711,1.2125148591894315,0.9091483222437792,-2.1281877189848717,2.2048376769767017,0.0
4.099999999999993,0.40999999999999936,2026-09-05 23:00,0.63298559250485,5.486997685574949,16.689002766262206,1015.313667783683,1.2125123545149799,0.9091538387395629,-2.134480336555454,2.211047284522809,0.0
4.149999999999993,0.4149999999999993,2026-09-05 23:00,0.6305738191867986,5.5049449958736965,16.68893450586944,1015.3113929466946,1.2125098922769626,0.9091593552353465,-2.140602949899685,2.2194759765181282,0.0
4.199999999999993,0.4199999999999993,2026-09-05 23:00,0.6277904350659372,5.524313846162572,16.688868660946866,1015.3091627492315,1.2125074723868874,0.9091648717311301,-2.146531936357972,2.230072993459268,0.0
4.249999999999993,0.4249999999999993,2026-09-05 23:00,0.6246366577778287,5.545100058569088,16.68880522357989,1015.3069770450625,1.2125050947061171,0.9091703882269138,-2.152244027786084,2.2427768072584313,0.0
4.299999999999993,0.4299999999999992,2026-09-05 23:00,0.6211144114588553,5.56730190679006,16.688744181261654,1015.3048356030926,1.212502759015503,0.9091759047226974,-2.157716498675755,2.2575155697095215,0.0
4.3499999999999925,0.4349999999999992,2026-09-05 23:00,0.6172262874987824,5.590922353580566,16.688685517147974,1015.3027381120769,1.2125004650198588,0.909181421218481,-2.162927192699674,2.2742074437221858,0.0
4.399999999999992,0.4399999999999992,2026-09-05 23:00,0.6129752710365363,5.615971778566836,16.688629211835632,1015.3006842134766,1.2124982123791261,0.9091869377142646,-2.167854416999481,2.2927608426692716,0.0
4.449999999999992,0.44499999999999923,2026-09-05 23:00,0.6083643790833858,5.6424712153989915,16.68857524571399,1015.2986735449298,1.2124960007496208,0.9091924542100482,-2.172476775284099,2.3130746446723727,0.0
4.499999999999992,0.4499999999999992,2026-09-05 23:00,0.6033963545027425,5.67045624544394,16.688523600954454,1015.2967057770076,1.2124938298188972,0.9091979707058319,-2.1767730147371895,2.3350384540364573,0.0
4.549999999999992,0.4549999999999992,2026-09-05 23:00,0.598073500695353,5.699981864077951,16.68847426258486,1015.2947806330761,1.2124916993245947,0.9092034872016155,-2.1807219345424373,2.3585329567597113,0.0
4.599999999999992,0.4599999999999992,2026-09-05 23:00,0.5923976622617498,5.731128808745713,16.68842721861529,1015.2928978916195,1.2124896090566406,0.9092090036973991,-2.1843023631561373,2.3834303771255225,0.0
4.6499999999999915,0.46499999999999914,2026-09-05 23:00,0.5863702937891753,5.764012006594109,16.688382459591026,1015.2910573779743,1.2124875588494077,0.9092145201931827,-2.187493176243833,2.4095950059641402,0.0
4.699999999999991,0.46999999999999914,2026-09-05 23:00,0.5799925331370301,5.798791992778584,16.68833997811589,1015.2892589555285,1.212485548573367,0.9092200366889663,-2.190273309737724,2.4368837509400922,0.0
4.749999999999991,0.4749999999999991,2026-09-05 23:00,0.573265207585244,5.8356904295287055,16.68829976881267,1015.2875025249846,1.2124835781343886,0.90922555318475,-2.192621724917366,2.465146658585164,0.0
4.799999999999991,0.4799999999999991,2026-09-05 23:00,0.5661887357489277,5.875011299796323,16.688261828960265,1015.2857880361366,1.212481647484913,0.9092310696805336,-2.1945172982151817,2.4942273714536074,0.0
4.849999999999991,0.48499999999999904,2026-09-05 23:00,0.5587629244400107,5.917170040876094,16.688226159814405,1015.2841155122754,1.2124797566471046,0.9092365861763172,-2.195938626912722,2.52396350150613,0.0
4.899999999999991,0.48999999999999905,2026-09-05 23:00,0.5509866809642686,5.96273389471564,16.688192768477677,1015.2824850847531,1.2124779057456452,0.9092421026721008,-2.1968637532635915,2.5541869122699667,0.0
4.94999999999999,0.49499999999999905,2026-09-05 23:00,0.5428576604010966,6.012478103365531,16.68816167019196,1015.2808970353468,1.212476095047921,0.9092476191678844,-2.197269808306026,2.5847239005154625,0.0
4.99999999999999,0.49999999999999906,2026-09-05 23:00,0.5343718460389677,6.06746409752879,16.688132891065948,1015.2793518466635,1.2124743250118444,0.909253135663668,-2.197132561787285,2.6153952505082105,0.0
5.04999999999999,0.504999999999999,2026-09-06 00:00,0.5255230254155556,6.129146688819223,16.688106471480694,1015.2778502650847,1.2124725963455687,0.9092586521594518,-2.1964258375877246,2.646016100018141,0.0
5.09999999999999,0.509999999999999,2026-09-06 00:00,0.5163020774858154,6.199514641093455,16.68808247072286,1015.2763933863897,1.212470910088719,0.9092641686552354,-2.195120714081697,2.67639550436663,0.0
5.14999999999999,0.514999999999999,2026-09-06 00:00,0.5066959198542642,6.2812541665248975,16.688060973828158,1015.2749827822298,1.2124692677323787,0.909269685151019,-2.1931843666077238,2.7063354992461517,0.0
5.1999999999999895,0.5199999999999989,2026-09-06 00:00,0.49668584576513874,6.377873215050466,16.688042102390398,1015.2736206998944,1.212467671408607,0.9092752016468026,-2.1905782948903596,2.735629304455545,0.0
5.249999999999989,0.5249999999999989,2026-09-06 00:00,0.4862447247993281,6.493572531327389,16.68802603275725,1015.2723103985883,1.212466124209466,0.9092807181425863,-2.1872554361575576,2.764057976024887,0.0
5.299999999999989,0.5299999999999989,2026-09-06 00:00,0.47533196321612975,6.632267638202455,16.688013028788248,1015.2710567548315,1.212464630761362,0.9092862346383699,-2.1831551191142515,2.7913840607357847,0.0
5.349999999999989,0.5349999999999989,2026-09-06 00:00,0.4638839128692711,6.794475713520464,16.68800350419616,1015.2698674146054,1.2124631983180871,0.9092917511341535,-2.178193635739345,2.817339166440799,0.0
5.399999999999989,0.5399999999999988,2026-09-06 00:00,0.45179572932620876,6.970813984571033,16.68799814046986,1015.2687549726913,1.2124618388283557,0.9092972676299371,-2.172246292298244,2.841599609892723,0.0
5.449999999999989,0.5449999999999988,2026-09-06 00:00,0.43889434110100345,7.1452213160882465,16.687998062573968,1015.2677402198113,1.212460572016366,0.9093027841257207,-2.1651185204027117,2.8637461329974463,0.0
5.4999999999999885,0.5499999999999988,2026-09-06 00:00,0.42493985482433766,7.313615202197122,16.68800482981544,1015.266851973895,1.2124594252217367,0.9093083006215044,-2.1565338985827793,2.883243953260417,0.0
5.549999999999988,0.5549999999999988,2026-09-06 00:00,0.4096840525638058,7.474572533610644,16.688020055610764,1015.2661200530598,1.2124584267329954,0.909313817117288,-2.146166581778918,2.8994821990392414,0.0
5.599999999999988,0.5599999999999988,2026-09-06 00:00,0.39293151309989505,7.627085644745137,16.688045010197868,1015.265567933345,1.2124575988219723,0.9093193336130716,-2.1336805198585447,2.9118258486558237,0.0
5.649999999999988,0.5649999999999988,2026-09-06 00:00,0.3745759981669356,7.770365082543865,16.688080384125612,1015.2652083777186,1.212456953597028,0.9093248501088552,-2.1187538920838778,2.9196509464208114,0.0
5.699999999999988,0.5699999999999987,2026-09-06 00:00,0.35418522534622066,7.97483233366758,16.688128987229618,1015.2650933161509,1.2124565403241974,0.9093303666046388,-2.100655989044589,2.921759541906187,0.0
5.749999999999988,0.5749999999999987,2026-09-06 00:00,0.33131341129519143,8.219302146643699,16.688193717101626,1015.2652763009786,1.2124564098086537,0.9093358831004225,-2.0784400500065265,2.9166276545170517,0.0
5.799999999999987,0.5799999999999987,2026-09-06 00:00,0.3072617238538504,8.456835667791683,16.688266116150658,1015.2656010275674,1.2124564137644527,0.9093413995962061,-2.052885553202719,2.9051461290528753,0.0
5.849999999999987,0.5849999999999987,2026-09-06 00:00,0.28302682183082223,8.68737119390134,16.68833970609444,1015.2659477700657,1.2124564386078294,0.9093469160919897,-2.024649489622932,2.888087906460015,0.0
5.899999999999987,0.5899999999999987,2026-09-06 00:00,0.2592978324641797,8.911021785702363,16.68841000760591,1015.2662337448206,1.2124564058020115,0.9093524325877733,-1.9942384020814674,2.86605826138479,0.0
5.949999999999987,0.5949999999999988,2026-09-06 00:00,0.23653259391104117,9.128026726693621,16.688474044737177,1015.2664039518969,1.212456263168588,0.909357949083557,-1.9620507248598762,2.8395455182493627,0.0
5.999999999999987,0.5999999999999986,2026-09-06 00:00,0.21535525138355857,9.25559310412215,16.688527760544275,1015.2663834126042,1.2124559395752836,0.9093634655793407,-1.9289685735284654,2.809775410774741,0.0
6.0499999999999865,0.6049999999999986,2026-09-06 00:00,0.19818027163643076,9.253352715438304,16.688555460993314,1015.2658820778386,1.212455159852537,0.9093689820751243,-1.899528002031273,2.783375168444958,0.0
6.099999999999986,0.6099999999999987,2026-09-06 00:00,0.18629717412085536,9.24959776905252,16.688548764207837,1015.264745036122,1.2124537770354364,0.9093744985709079,-1.8775500442403323,2.7660758401128778,0.0
6.149999999999986,0.6149999999999987,2026-09-06 00:00,0.1813821359051351,9.251210810286082,16.688496775036867,1015.2627709271618,1.2124516000925478,0.9093800150666915,-1.8680130502727441,2.7654237043656686,0.0
6.199999999999986,0.6199999999999987,2026-09-06 00:00,0.18532165974141268,9.266862821301455,16.688387231212516,1015.2597331254485,1.2124484140223752,0.9093855315624751,-1.8756420892767331,2.788688565399711,0.0
6.249999999999986,0.6249999999999986,2026-09-06 00:00,0.19937144575906712,9.302610990453214,16.688211970684108,1015.2554807859728,1.2124440757151178,0.9093910480582588,-1.9016482372082035,2.8379482945480397,0.0
6.299999999999986,0.6299999999999986,2026-09-06 00:00,0.22326675968987228,9.356770876518642,16.687972714224202,1015.2500457158806,1.2124386153421849,0.9093965645540424,-1.94190754702356,2.9072376260443207,0.0
6.349999999999985,0.6349999999999985,2026-09-06 00:00,0.2551630062090583,9.42077987373395,16.687681451702474,1015.2436495118012,1.2124322431285461,0.909402081049826,-1.9893083853919893,2.9859547381099683,0.0
6.399999999999985,0.6399999999999985,2026-09-06 00:00,0.29209590188099593,9.484126698172973,16.687357450961258,1015.2366482762374,1.2124252969066038,0.9094075975456096,-2.037134797948733,3.0639379160146265,0.0
6.449999999999985,0.6449999999999985,2026-09-06 00:00,0.3306635495123589,9.53861146412863,16.68702282433236,1015.2294506774786,1.2124181643805663,0.9094131140413932,-2.0807920446335033,3.134129674923724,0.0
6.499999999999985,0.6499999999999985,2026-09-06 00:00,0.3676646437916638,9.580073197685469,16.686698380300186,1015.222441281564,1.212411210391454,0.9094186305371769,-2.1178515286472432,3.1927171323592387,0.0
6.549999999999985,0.6549999999999985,2026-09-06 00:00,0.4005167498610471,9.60800831552193,16.686400904691368,1015.2159303062045,1.2124047292477969,0.9094241470329605,-2.147416054538736,3.2382204503705867,0.0
6.5999999999999845,0.6599999999999985,2026-09-06 00:00,0.42741841762079374,9.62423278413497,16.686142106931584,1015.2101341486228,1.212398926251232,0.9094296635287441,-2.1694690857901633,3.2705304159531376,0.0
6.649999999999984,0.6649999999999985,2026-09-06 00:00,0.44732475357943563,9.631524299787982,16.685928778828497,1015.2051783224691,1.2123939204817396,0.9094351800245277,-2.184419777071858,3.2902256410435076,0.0
6.699999999999984,0.6699999999999984,2026-09-06 00:00,0.45984075870784935,9.632656321654371,16.685763487875818,1015.2011102726415,1.2123897569543785,0.9094406965203113,-2.192847014035348,3.298183149057566,0.0
6.749999999999984,0.6749999999999984,2026-09-06 00:00,0.46511297338692675,9.629838227053504,16.68564528156105,1015.1979123926161,1.212386418968456,0.909446213016095,-2.195391066320886,3.29540934437187,0.0
6.799999999999984,0.6799999999999984,2026-09-06 00:00,0.46375484708500253,9.624443972264674,16.68557017246269,1015.1955109897671,1.2123838366127686,0.9094517295118786,-2.1927421346796643,3.2830161484598985,0.0
6.849999999999984,0.6849999999999984,2026-09-06 00:00,0.456872682016585,9.616889579154698,16.685530969616252,1015.1937731685227,1.2123818838084817,0.9094572460076623,-2.185741735344963,3.262364950503898,0.0
6.8999999999999835,0.6899999999999984,2026-09-06 00:00,0.44604165368544896,9.606945255932688,16.68551743438104,1015.1925097101469,1.212380381041236,0.9094627625034459,-2.175475202639782,3.2351933653490863,0.0
6.949999999999983,0.6949999999999984,2026-09-06 00:00,0.43296784880237904,9.59436653523726,16.685518477193455,1015.1915156699279,1.212379133876588,0.9094682789992296,-2.163131345227493,3.2033919966156708,0.0
6.999999999999983,0.6999999999999984,2026-09-06 00:00,0.4192482021261162,9.579236215485142,16.685523717977503,1015.1905992144751,1.212377960318666,0.9094737954950132,-2.1499025163423195,3.1688441015646975,0.0
7.049999999999983,0.7049999999999982,2026-09-06 00:00,0.40630511175875555,9.562082792847885,16.685523911145538,1015.1895894759814,1.2123766982617767,0.9094793119907968,-2.1369728685603224,3.133398485489187,0.0
7.099999999999983,0.7099999999999982,2026-09-06 00:00,0.39538667928886784,9.543920225366277,16.685510944037276,1015.1883365235113,1.2123752054632064,0.9094848284865804,-2.1255166540869763,3.0988582141785597,0.0
7.149999999999983,0.7149999999999982,2026-09-06 00:00,0.38754185084452286,9.526199075954704,16.68547799850279,1015.1867143495464,1.2123733623766018,0.909490344982364,-2.1166344348690918,3.06688027843202,0.0
7.199999999999982,0.7199999999999982,2026-09-06 00:00,0.38353836886202686,9.510569640351083,16.685420084216332,1015.1846307266222,1.2123710815031488,0.9094958614781476,-2.111201149961397,3.0387530089199597,0.0
7.249999999999982,0.7249999999999982,2026-09-06 00:00,0.38373517641038,9.498420253169146,16.685334868047903,1015.1820425354374,1.2123683219337025,0.9095013779739313,-2.1096577623424237,3.0151036927099044,0.0
7.299999999999982,0.7299999999999982,2026-09-06 00:00,0.3879174457122406,9.490290295946929,16.685223746378142,1015.1789755826361,1.2123651081504954,0.9095068944697149,-2.111802096081966,2.9956211360681797,0.0
7.349999999999982,0.7349999999999982,2026-09-06 00:00,0.39515221416775126,9.485413585353504,16.6850927834638,1015.1755419426997,1.212361546480106,0.9095124109654985,-2.1166830159477046,2.9789416121492476,0.0
7.399999999999982,0.7399999999999982,2026-09-06 00:00,0.4039108371927499,9.482008415448663,16.68495191549482,1015.171925247572,1.21235781113782,0.9095179274612821,-2.1228199471346505,2.9630008855980665,0.0
7.4499999999999815,0.7449999999999981,2026-09-06 00:00,0.4123638908636315,9.478154119477924,16.684813033726584,1015.1683452603693,1.2123541106182114,0.9095234439570657,-2.1285737615382594,2.9455840832425633,0.0
7.499999999999981,0.7499999999999981,2026-09-06 00:00,0.4187082534821026,9.472579774755632,16.684687858450218,1015.1650185839255,1.2123506504184645,0.9095289604528494,-2.1324594506457006,2.924770084118427,0.0
7.549999999999981,0.7549999999999981,2026-09-06 00:00,0.4214435406465827,9.464954195012366,16.684586142164278,1015.1621254538481,1.2123476015339172,0.909534476948633,-2.133320482386764,2.8991635216899105,0.0
7.599999999999981,0.7599999999999981,2026-09-06 00:00,0.41955420178662356,9.45566050931947,16.684514485947545,1015.1597878644535,1.2123450797051958,0.9095399934444166,-2.130378411316252,2.8679432191364698,0.0
7.649999999999981,0.7649999999999981,2026-09-06 00:00,0.41265712977231145,9.445276414974066,16.684475379996286,1015.1580518374394,1.2123431285956068,0.9095455099402002,-2.123268048509282,2.8308850547470925,0.0
7.699999999999981,0.7699999999999981,2026-09-06 00:00,0.40103962260667464,9.434113806103065,16.684466956873507,1015.1568828617994,1.2123417154645246,0.9095510264359838,-2.112039269776901,2.7883360808280253,0.0
7.7499999999999805,0.7749999999999981,2026-09-06 00:00,0.3854201222082322,9.42211739376635,16.684484546706813,1015.1561946351436,1.2123407584349757,0.9095565429317676,-2.0969904111049513,2.740967118681721,0.0
7.79999999999998,0.779999999999998,2026-09-06 00:00,0.3666820174697863,9.408992795374557,16.684522407468194,1015.1558810405611,1.2123401568310535,0.9095620594275512,-2.078503812452522,2.6895408105670153,0.0
7.84999999999998,0.784999999999998,2026-09-06 00:00,0.3457257449959158,9.39433075525338,16.684574686319934,1015.155833912894,1.2123398080334031,0.9095675759233348,-2.056975479974427,2.634813378557134,0.0
7.89999999999998,0.7899999999999979,2026-09-06 00:00,0.3234355197623864,9.377697547032808,16.684635635864595,1015.1559470350038,1.2123396112706792,0.9095730924191184,-2.032838197744846,2.5775608354427253,0.0
7.94999999999998,0.7949999999999979,2026-09-06 00:00,0.3006903717517312,9.358761692650539,16.684699542407316,1015.1561148118034,1.2123394663616154,0.909578608914902,-2.0066318132100296,2.5186631342746884,0.0
7.99999999999998,0.7999999999999979,2026-09-06 00:00,0.27835780565535934,9.337472051616137,16.68476076716763,1015.1562330318249,1.2123392744375723,0.9095841254106857,-1.9790675839204637,2.4591762488358584,0.0
8.04999999999998,0.8049999999999979,2026-09-06 00:00,0.2572467497721614,9.314220832638332,16.684814052111506,1015.1562045194016,1.2123389433049423,0.9095896419064693,-1.9510445048580325,2.40034139401613,0.0
8.09999999999998,0.8099999999999979,2026-09-06 00:00,0.23802749980983542,9.28989059846733,16.684855040316904,1015.155948751877,1.2123383965692802,0.9095951584022529,-1.9235876083528314,2.3434994765247104,0.0
8.14999999999998,0.8149999999999981,2026-09-06 00:00,0.2211401757791139,9.265710649481816,16.68488087100377,1015.1554128568513,1.2123375840687194,0.9096006748980365,-1.897692188170741,2.289898164244443,0.0
8.199999999999982,0.8199999999999981,2026-09-06 00:00,0.20671589862640866,9.242925874735326,16.684890691885926,1015.154581081523,1.21233649085784,0.9096061913938202,-1.8740861608200774,2.240413292137823,0.0
8.249999999999982,0.8249999999999982,2026-09-06 00:00,0.19453423676507886,9.22238410722485,16.684885935768648,1015.1534799049373,1.212335142057867,0.9096117078896038,-1.8529698764947757,2.1952596653925,0.0
8.299999999999983,0.8299999999999982,2026-09-06 00:00,0.18403864865471495,9.20421979124375,16.68487022017206,1015.1521761831173,1.2123336010969812,0.9096172243853874,-1.8338355079764546,2.1538101867121697,0.0
8.349999999999984,0.8349999999999984,2026-09-06 00:00,0.17442485154771373,9.18778113570939,16.68484877293389,1015.1507665334923,1.2123319596390916,0.909622740881171,-1.8154630041644693,2.1146274342952203,0.0
8.399999999999984,0.8399999999999985,2026-09-06 00:00,0.16479958507318865,9.171804124288569,16.684827400246604,1015.149358262744,1.2123303194895332,0.9096282573769546,-1.796117789518438,2.0757225471554244,0.0
8.449999999999985,0.8449999999999985,2026-09-06 00:00,0.15437910394115226,9.154687514272009,16.684811196454632,1015.1480455219455,1.2123287699726646,0.9096337738727382,-1.7738791421450322,2.034946943540874,0.0
8.499999999999986,0.8499999999999986,2026-09-06 00:00,0.1426707735665537,9.134711815428016,16.684803363682704,1015.1468874914857,1.2123273672351107,0.9096392903685219,-1.7469783203112557,1.9903738561310014,0.0
8.549999999999986,0.8549999999999986,2026-09-06 00:00,0.12957892128607548,9.110178638136103,16.684804523803166,1015.1458956650405,1.2123261221815205,0.9096448068643055,-1.7140540600989749,1.9405688912020027,0.0
8.599999999999987,0.8599999999999988,2026-09-06 00:00,0.11540714470635355,9.079573597667792,16.684812703431646,1015.1450335720168,1.2123250002111388,0.9096503233600891,-1.6743134707679634,1.884744895895317,0.0
8.649999999999988,0.8649999999999988,2026-09-06 00:00,0.10077432225146116,9.041866339208529,16.684823879858243,1015.1442268668869,1.2123239307898364,0.9096558398558728,-1.6276682732015804,1.822887506883884,0.0
8.699999999999989,0.8699999999999989,2026-09-06 00:00,0.08648774539249374,8.9970060437508,16.684832805688416,1015.1433785695808,1.2123228219091684,0.9096613563516565,-1.5749607705375719,1.7559827759150362,0.0
8.74999999999999,0.874999999999999,2026-09-06 00:00,0.07341103265888822,8.9466161572126,16.684833867401835,1015.1423849328953,1.212321575140326,0.9096668728474401,-1.5183724863413297,1.686450074474775,0.0
8.79999999999999,0.879999999999999,2026-09-06 00:00,0.06234206146928781,8.894755158108199,16.684821878795276,1015.1411501066723,1.2123200995465517,0.9096723893432237,-1.4619609938954121,1.6187195651698225,0.0
8.84999999999999,0.8849999999999991,2026-09-06 00:00,0.05389875002924701,8.848207661019329,16.6847928234003,1015.1395998591032,1.2123183247010265,0.9096779058390073,-1.411880594370096,1.559467987654106,0.0
8.899999999999991,0.8899999999999991,2026-09-06 00:00,0.04840706498257229,8.815187742036128,16.684744582433723,1015.1376950307528,1.2123162134512169,0.9096834223347909,-1.3752833038485035,1.51641938777755,0.0
8.949999999999992,0.8949999999999992,2026-09-06 00:00,0.04579341219750231,8.801668163948387,16.684677634257525,1015.1354444619936,1.2123137741836945,0.9096889388305746,-1.3571306082779544,1.4948769539648528,0.0
8.999999999999993,0.8999999999999992,2026-09-06 00:00,0.04549876472261745,8.807149167639832,16.684595612546673,1015.1329153089938,1.2123110706114713,0.9096944553263582,-1.356445574606633,1.4936565647531719,0.0
9.049999999999994,0.9049999999999994,2026-09-06 00:00,0.0464512387158536,8.82381776930951,16.684505484546378,1015.1302363381276,1.2123082248997794,0.9096999718221418,-1.3655036502792155,1.5042211802441166,0.0
9.099999999999994,0.9099999999999995,2026-09-06 00:00,0.047155332978337676,8.83980066585008,16.684416971014343,1015.127587205357,1.212305407495266,0.9097054883179254,-1.3726382896283074,1.5137259269422196,0.0
9.149999999999995,0.9149999999999995,2026-09-06 00:00,0.04593659629263356,8.842488136863956,16.6843409558835,1015.1251690640497,1.2123028092406103,0.909711004813709,-1.3651566045709467,1.5081406479389845,0.0
9.199999999999996,0.9199999999999996,2026-09-06 00:00,0.041274943243174746,8.817789057883447,16.68428731970897,1015.1231645236356,1.212300603385622,0.9097165213094927,-1.328851324153584,1.4716081471892037,0.0
9.249999999999996,0.9249999999999996,2026-09-06 00:00,0.032113879474508035,8.79004820466601,16.68426292970412,1015.1217005024872,1.212298910343975,0.9097220378052763,-1.2410054722518835,1.378556788764103,0.0
9.299999999999997,0.9299999999999997,2026-09-06 00:00,0.018398127687573936,8.83891200080931,16.684268145171416,1015.1207836425621,1.2122977364179799,0.9097275543010599,-1.0433026712851048,1.1632263042806272,0.0
9.349999999999998,0.9349999999999997,2026-09-06 00:00,0.001262236859964442,8.106005256685352,16.684295591542366,1015.1202776509995,1.212296952301267,0.9097330707968435,-0.08355836493004505,0.09356255916072553,0.0
9.399999999999999,0.9399999999999998,2026-09-06 00:00,-0.020349215785351774,8.316543170723024,16.684219859162624,1015.1178647360764,1.2122943590032267,0.9097385872926271,-0.0,0.0,0.0
9.45,0.9449999999999998,2026-09-06 00:00,-0.045435727004745206,8.60847185654398,16.684135922243286,1015.1153001868003,1.2122916218418023,0.9097441037884108,-0.0,0.0,0.0
9.5,0.95,2026-09-06 00:00,-0.0720018798866435,8.89734476702522,16.684051985323947,1015.1127356375241,1.212288884679103,0.9097496202841944,-0.0,0.0,0.0
9.55,0.9550000000000001,2026-09-06 00:00,-0.09856226100415495,9.181525880485289,16.68396804840461,1015.1101710882481,1.2122861475151294,0.9097551367799781,-0.0,0.0,0.0
9.600000000000001,0.9600000000000001,2026-09-06 00:00,-0.12404708323015964,9.459960696506672,16.68388411148527,1015.1076065389717,1.2122834103498805,0.9097606532757617,-0.0,0.0,0.0
9.650000000000002,0.9650000000000003,2026-09-06 00:00,-0.1477170779019277,9.732016133195216,16.683800174565874,1015.1050419896956,1.2122806731833575,0.9097661697715453,-0.0,0.0,0.0
9.700000000000003,0.9700000000000003,2026-09-06 00:00,-0.16872859770658472,9.82587262490611,16.683716237646536,1015.1024774404193,1.2122779360155596,0.909771686267329,-0.0,0.0,0.0
9.750000000000004,0.9750000000000004,2026-09-06 00:00,-0.18437550562826535,9.6647354114937,16.683632300727197,1015.0999128911432,1.2122751988464868,0.9097772027631126,-0.0,0.0,0.0
9.800000000000004,0.9800000000000004,2026-09-06 00:00,-0.19459146925972146,9.51221935420414,16.68354836380786,1015.097348341867,1.2122724616761398,0.9097827192588962,-0.0,0.0,0.0
9.850000000000005,0.9850000000000005,2026-09-06 00:00,-0.20138153037972878,9.372025247073276,16.68346442688852,1015.0947837925908,1.2122697245045173,0.9097882357546798,-0.0,0.0,0.0
9.900000000000006,0.9900000000000005,2026-09-06 00:00,-0.20812642180016738,9.247733665576932,16.68338048996918,1015.0922192433146,1.2122669873316207,0.9097937522504634,-0.0,0.0,0.0
9.950000000000006,0.9950000000000007,2026-09-06 00:00,-0.21821633341303723,9.361745601616894,16.683296553049786,1015.0896546940384,1.2122642501574494,0.9097992687462471,-0.0,0.0,0.0
10.000000000000007,1.0000000000000007,2026-09-06 00:00,-0.23148869651597712,9.625018481199367,16.683212616130447,1015.0870901447622,1.212261512982003,0.9098047852420307,-0.0,0.0,0.0
