t,msg,x,y,z,Vx,Vz,roll,pitch,yaw,alt_mm,mode
0.05,HIL_STATE,0.03985258260659635,0.0,-0.023404070548000686,0.7970516521319269,-0.4680814109600137,0.0,4.0,0.0,-23,TAKEOFF
0.1,HIL_STATE,0.09500153020862645,0.0,-0.06905177691527085,1.1029789520406021,-0.9129541273454034,0.0,4.0,0.0,-69,TAKEOFF
0.15000000000000002,HIL_STATE,0.16658414569118976,0.0,-0.13100314712738295,1.431652309651266,-1.2390274042422418,0.0,14.999999999999998,0.0,-131,TAKEOFF
0.2,HIL_STATE,0.25623310417343786,0.0,-0.2059295791346203,1.7929791696449617,-1.4985286401447464,0.0,14.999999999999998,0.0,-205,TAKEOFF
0.25,HIL_STATE,0.35675161059490756,0.0,-0.22866379071444348,2.010370128429394,-0.4546842315964641,0.0,14.999999999999998,0.0,-228,TAKEOFF
0.3,HIL_STATE,0.46139731996981515,0.0,-0.2251210652884294,2.092914187498151,0.07085450852028152,0.0,14.999999999999998,0.0,-225,TAKEOFF
0.35,HIL_STATE,0.5688206394503652,0.0,-0.20356531955259355,2.1484663896110003,0.4311149147167168,0.0,14.999999999999998,0.0,-203,TAKEOFF
0.39999999999999997,HIL_STATE,0.6790980462196927,0.0,-0.17623532732664168,2.20554813538655,0.5465998445190373,0.0,14.999999999999998,0.0,-176,TAKEOFF
0.44999999999999996,HIL_STATE,0.7925314588352809,0.0,-0.15643234767092648,2.2686682523117625,0.39605959311430405,0.0,14.999999999999998,0.0,-156,TAKEOFF
0.49999999999999994,HIL_STATE,0.9089603619676205,0.0,-0.15241776244609917,2.328578062646793,0.08029170449654621,0.0,14.999999999999998,0.0,-152,TAKEOFF
0.5499999999999999,HIL_STATE,1.027981632484731,0.0,-0.1641237802092707,2.3804254103422124,-0.23412035526343067,0.0,14.999999999999998,0.0,-164,TAKEOFF
0.6,HIL_STATE,1.1491693202509614,0.0,-0.18321378206670522,2.423753755324606,-0.38180003714869026,0.0,14.999999999999998,0.0,-183,TAKEOFF
0.65,HIL_STATE,1.2718581335996697,0.0,-0.19813976715482107,2.4537762669741663,-0.2985197017623171,0.0,14.999999999999998,0.0,-198,TAKEOFF
0.7000000000000001,HIL_STATE,1.3951703006448195,0.0,-0.20245431142791673,2.4662433409029956,-0.08629088546191321,0.0,14.999999999999998,0.0,-202,TAKEOFF
0.7500000000000001,HIL_STATE,1.5184702573949338,0.0,-0.19531894240353062,2.4659991350022854,0.1427073804877219,0.0,14.999999999999998,0.0,-195,TAKEOFF
0.8000000000000002,HIL_STATE,1.6416192689519926,0.0,-0.17970247563124497,2.4629802311411786,0.3123293354457132,0.0,14.999999999999998,0.0,-179,TAKEOFF
0.8500000000000002,HIL_STATE,1.764884075095898,0.0,-0.1615003976647239,2.4652961228781103,0.36404155933042115,0.0,14.999999999999998,0.0,-161,TAKEOFF
0.9000000000000002,HIL_STATE,1.8885892232077715,0.0,-0.14670116636870542,2.474102962237467,0.29598462592036945,0.0,14.999999999999998,0.0,-146,TAKEOFF
0.9500000000000003,HIL_STATE,2.0128815594450793,0.0,-0.1387279233779974,2.48584672474616,0.1594648598141609,0.0,14.999999999999998,0.0,-138,TAKEOFF
1.0000000000000002,HIL_STATE,2.1377231286930365,0.0,-0.13720520049682308,2.49683138495914,0.030454457623486197,0.0,14.999999999999998,0.0,-137,TAKEOFF
1.0500000000000003,HIL_STATE,2.2629472620141113,0.0,-0.13856924208534976,2.5044826664214983,-0.027280831770533365,0.0,14.999999999999998,0.0,-138,TAKEOFF
1.1000000000000003,HIL_STATE,2.388281172190003,0.0,-0.1380570294207554,2.5066782035178328,0.010244253291887336,0.0,14.999999999999998,0.0,-138,TAKEOFF
1.1500000000000004,HIL_STATE,2.5134205750928773,0.0,-0.13203856157514143,2.502788058057493,0.12036935691227962,0.0,14.999999999999998,0.0,-132,TAKEOFF
1.2000000000000004,HIL_STATE,2.6381845462441214,0.0,-0.11945793979610365,2.495279423024884,0.2516124355807555,0.0,14.999999999999998,0.0,-119,TAKEOFF
1.2500000000000004,HIL_STATE,2.762618416525651,0.0,-0.10197937390998657,2.4886774056305994,0.3495713177223417,0.0,14.999999999999998,0.0,-101,TAKEOFF
1.3000000000000005,HIL_STATE,2.8869301493091677,0.0,-0.08292490374910351,2.4862346556703327,0.38108940321766127,0.0,14.999999999999998,0.0,-82,TAKEOFF
1.3500000000000005,HIL_STATE,3.011329466694668,0.0,-0.06562437563087256,2.4879863477100095,0.3460105623646189,0.0,14.999999999999998,0.0,-65,TAKEOFF
1.4000000000000006,HIL_STATE,3.1359152980926304,0.0,-0.0519538672940802,2.491716627959241,0.2734101667358472,0.0,14.999999999999998,0.0,-51,TAKEOFF
1.4500000000000006,HIL_STATE,3.2606628566525626,0.0,-0.04168248552353375,2.4949511711986427,0.20542763541092893,0.0,14.999999999999998,0.0,-41,TAKEOFF
1.5000000000000007,HIL_STATE,3.385460659873488,0.0,-0.03283301711861587,2.495956064418507,0.17698936809835758,0.0,14.999999999999998,0.0,-32,TAKEOFF
1.5500000000000007,HIL_STATE,3.5101567235046884,0.0,-0.02278502076808242,2.493921272624011,0.20095992701066903,0.0,14.999999999999998,0.0,-22,TAKEOFF
1.6000000000000008,HIL_STATE,3.6346195620334782,0.0,-0.00953357734213301,2.4892567705757997,0.26502886851898816,0.0,14.999999999999998,0.0,-9,TAKEOFF
1.6500000000000008,HIL_STATE,3.758805476008231,0.0,0.0074841798408540015,2.4837182794950534,0.34035514365974023,0.0,14.999999999999998,0.0,7,TAKEOFF
1.7000000000000008,HIL_STATE,3.8827837694856817,0.0,0.027302724127838015,2.4795658695490204,0.39637088573968027,0.0,14.999999999999998,0.0,27,TAKEOFF
1.7500000000000009,HIL_STATE,4.006691364154946,0.0,0.04802166135749459,2.4781518933852946,0.41437874459313145,0.0,14.999999999999998,0.0,48,TAKEOFF
1.800000000000001,HIL_STATE,4.1306520859077756,0.0,0.06773817262767809,2.4792144350565914,0.39433022540366997,0.0,14.999999999999998,0.0,67,TAKEOFF
1.850000000000001,HIL_STATE,4.254720717291368,0.0,0.08537299389474591,2.4813726276718575,0.3526964253413563,0.0,14.999999999999998,0.0,85,TAKEOFF
1.900000000000001,HIL_STATE,4.378875935858479,0.0,0.10103818395889985,2.483104371342204,0.31330380128307866,0.0,14.999999999999998,0.0,101,TAKEOFF
1.950000000000001,HIL_STATE,4.503045419591051,0.0,0.11583348095803608,2.483389674651455,0.2959059399827245,0.0,14.999999999999998,0.0,115,TAKEOFF
2.000000000000001,HIL_STATE,4.627142278429371,0.0,0.13122555991122925,2.4819371767663987,0.30784157906386317,0.0,14.999999999999998,0.0,131,TAKEOFF
2.0500000000000007,HIL_STATE,4.751104040438867,0.0,0.14833643732430923,2.479235240189911,0.3422175482615998,0.0,14.999999999999998,0.0,148,TAKEOFF
2.1000000000000005,HIL_STATE,4.874923155150232,0.0,0.16746987578777342,2.4763822942272915,0.3826687692692835,0.0,14.999999999999998,0.0,167,TAKEOFF
2.1500000000000004,HIL_STATE,4.9986510166863045,0.0,0.18805624691674142,2.474557230721445,0.41172742257935996,0.0,14.999999999999998,0.0,188,TAKEOFF
2.2,HIL_STATE,5.122369801537783,0.0,0.20898891412199128,2.4743756970295574,0.41865334410499694,0.0,14.999999999999998,0.0,208,TAKEOFF
2.25,HIL_STATE,5.246150612223407,0.0,0.22915831094394498,2.4756162137124824,0.4033879364390739,0.0,14.999999999999998,0.0,229,TAKEOFF
2.3,HIL_STATE,5.370024559712225,0.0,0.24792631999796172,2.4774789497763483,0.37536018108033464,0.0,14.999999999999998,0.0,247,TAKEOFF
2.3499999999999996,HIL_STATE,5.493978609755281,0.0,0.2653379999903553,2.479081000861119,0.34823359984787183,0.0,14.999999999999998,0.0,265,TAKEOFF
2.3999999999999995,HIL_STATE,5.617970309013126,0.0,0.2820057578679344,2.4798339851568882,0.33335515755158207,0.0,14.999999999999998,0.0,282,TAKEOFF
2.4499999999999993,HIL_STATE,5.741950645053903,0.0,0.2987542784343488,2.479606720815538,0.3349704113282884,0.0,14.999999999999998,0.0,298,TAKEOFF
2.499999999999999,HIL_STATE,5.865886946602132,0.0,0.316212182846719,2.478726030964585,0.3491580882474037,0.0,14.999999999999998,0.0,316,TAKEOFF
2.549999999999999,HIL_STATE,5.989778084428523,0.0,0.33453878564934575,2.4778227565278077,0.3665320560525354,0.0,14.999999999999998,0.0,334,TAKEOFF
2.5999999999999988,HIL_STATE,6.11365461064171,0.0,0.3533912847912208,2.477530524263746,0.3770499828375003,0.0,14.999999999999998,0.0,353,TAKEOFF
2.6499999999999986,HIL_STATE,6.237563370593712,0.0,0.3721184232640391,2.478175199040035,0.37454276945636616,0.0,14.999999999999998,0.0,372,TAKEOFF
2.6999999999999984,HIL_STATE,6.361545931419316,0.0,0.39006865746042596,2.479651216512089,0.35900468392773716,0.0,14.999999999999998,0.0,390,TAKEOFF
2.7499999999999982,HIL_STATE,6.485623066211147,0.0,0.4068634197759541,2.4815426958366245,0.3358952463105619,0.0,14.999999999999998,0.0,406,TAKEOFF
2.799999999999998,HIL_STATE,6.609791388083473,0.0,0.42251819903730575,2.483366437446527,0.313095585227033,0.0,14.999999999999998,0.0,422,TAKEOFF
2.849999999999998,HIL_STATE,6.734030428962629,0.0,0.43737467583002404,2.4847808175831085,0.29712953585436613,0.0,14.999999999999998,0.0,437,TAKEOFF
2.8999999999999977,HIL_STATE,6.858315117906266,0.0,0.4518956216359605,2.4856937788727533,0.2904189161187287,0.0,14.999999999999998,0.0,451,TAKEOFF
2.9499999999999975,HIL_STATE,6.982628625139499,0.0,0.466430030850276,2.4862701446646636,0.29068818428631055,0.0,14.999999999999998,0.0,466,TAKEOFF
2.9999999999999973,HIL_STATE,7.106970859236519,0.0,0.4810569098228986,2.4868446819403918,0.29253757945245185,0.0,14.999999999999998,0.0,481,TAKEOFF
3.049999999999997,HIL_STATE,7.231359063392343,0.0,0.49556811276668555,2.487764083116488,0.29022405887573893,0.0,14.999999999999998,0.0,495,TAKEOFF
3.099999999999997,HIL_STATE,7.355820560934608,0.0,0.5095814684142125,2.4892299508452833,0.2802671129505376,0.0,14.999999999999998,0.0,509,TAKEOFF
3.149999999999997,HIL_STATE,7.480381977949687,0.0,0.5227186646927795,2.4912283403015802,0.26274392557134113,0.0,14.999999999999998,0.0,522,TAKEOFF
3.1999999999999966,HIL_STATE,7.605060613581658,0.0,0.5347612695580034,2.4935727126394185,0.24085209730447907,0.0,14.999999999999998,0.0,534,TAKEOFF
3.2499999999999964,HIL_STATE,7.7298613079632315,0.0,0.5457178761690844,2.4960138876314706,0.21913213222162078,0.0,14.999999999999998,0.0,545,TAKEOFF
3.2999999999999963,HIL_STATE,7.85477883888517,0.0,0.555782594160083,2.498350618438763,0.2012943598199732,0.0,14.999999999999998,0.0,555,TAKEOFF
3.349999999999996,HIL_STATE,7.979803908125071,0.0,0.5652160488293827,2.5005013847980258,0.18866909338599452,0.0,14.999999999999998,0.0,565,TAKEOFF
3.399999999999996,HIL_STATE,8.104930114928077,0.0,0.5742113234916179,2.5025241360601274,0.17990549324470353,0.0,14.999999999999998,0.0,574,TAKEOFF
3.4499999999999957,HIL_STATE,8.230159186858275,0.0,0.582806757149819,2.5045814386039407,0.1719086731640227,0.0,14.999999999999998,0.0,582,TAKEOFF
3.4999999999999956,HIL_STATE,8.355502375179878,0.0,0.5908790882865279,2.5068637664320494,0.16144662273417792,0.0,14.999999999999998,0.0,590,TAKEOFF
3.5499999999999954,HIL_STATE,8.480977696007717,0.0,0.5982104154809175,2.509506416556773,0.1466265438877909,0.0,14.999999999999998,0.0,598,TAKEOFF
3.599999999999995,HIL_STATE,8.606604748363965,0.0,0.6045902286383021,2.512541047124976,0.12759626314769432,0.0,14.999999999999998,0.0,604,TAKEOFF
3.649999999999995,HIL_STATE,8.732399731122392,0.0,0.6099026880218362,2.515899655168524,0.10624918767068242,0.0,14.999999999999998,0.0,609,TAKEOFF
3.699999999999995,HIL_STATE,8.858372642041612,0.0,0.6141617751515889,2.5194582183843988,0.0851817425950533,0.0,14.999999999999998,0.0,614,TAKEOFF
3.7499999999999947,HIL_STATE,8.984527335729835,0.0,0.6174847025513596,2.523093873764463,0.06645854799541479,0.0,14.999999999999998,0.0,617,TAKEOFF
3.7999999999999945,HIL_STATE,9.110864005363451,0.0,0.6200229077426237,2.526733392672316,0.05076410382528269,0.0,14.999999999999998,0.0,620,TAKEOFF
3.8499999999999943,HIL_STATE,9.237382909489298,0.0,0.6218868282222575,2.530378082516949,0.03727840959267694,0.0,14.999999999999998,0.0,621,TAKEOFF
3.899999999999994,HIL_STATE,9.364087764192174,0.0,0.6230991200912873,2.5340970940575116,0.024245837380596894,0.0,14.999999999999998,0.0,623,TAKEOFF
3.949999999999994,HIL_STATE,9.490987387358626,0.0,0.6235939168815203,2.537992463329023,0.009895935804659238,0.0,14.999999999999998,0.0,623,TAKEOFF
3.999999999999994,HIL_STATE,9.618095028881246,0.0,0.6232568038093171,2.542152830452407,-0.0067422614440632005,0.0,14.999999999999998,0.0,623,TAKEOFF
4.049999999999994,HIL_STATE,9.745425891509283,0.0,0.6219831211316036,2.546617252560748,-0.025473653554270247,0.0,14.999999999999998,0.0,621,TAKEOFF
4.099999999999993,HIL_STATE,9.87298479324031,0.0,0.6197294404503738,2.5511780346205386,-0.04507361362459463,0.0,14.999999999999998,0.0,619,TAKEOFF
4.149999999999993,HIL_STATE,10.000757393408218,0.0,0.6165275121005859,2.5554520033581607,-0.06403856699575833,0.0,14.999999999999998,0.0,616,TAKEOFF
4.199999999999993,HIL_STATE,10.128728755635924,0.0,0.6124650513602015,2.5594272445541053,-0.08124921480768867,0.0,14.999999999999998,0.0,612,TAKEOFF
4.249999999999993,HIL_STATE,10.256884062394255,0.0,0.6076389473492468,2.563106135166604,-0.0965220802190924,0.0,14.999999999999998,0.0,607,TAKEOFF
4.299999999999993,HIL_STATE,10.385210534066061,0.0,0.6021113597178731,2.5665294334361466,-0.11055175262747477,0.0,14.999999999999998,0.0,602,TAKEOFF
4.3499999999999925,HIL_STATE,10.513699310169567,0.0,0.595890348855164,2.5697755220701257,-0.12442021725418137,0.0,14.999999999999998,0.0,595,TAKEOFF
4.399999999999992,HIL_STATE,10.642346223850728,0.0,0.588940642625502,2.5729382736232145,-0.13899412459323915,0.0,14.999999999999998,0.0,588,TAKEOFF
4.449999999999992,HIL_STATE,10.771151097245466,0.0,0.5812141125065203,2.5760974678947783,-0.15453060237963548,0.0,14.999999999999998,0.0,581,TAKEOFF
4.499999999999992,HIL_STATE,10.900115971710546,0.0,0.5726815956475829,2.5792974893015983,-0.1706503371787473,0.0,14.999999999999998,0.0,572,TAKEOFF
4.549999999999992,HIL_STATE,11.029243136824949,0.0,0.563350165052755,2.5825433022880455,-0.18662861189655727,0.0,14.999999999999998,0.0,563,TAKEOFF
4.599999999999992,HIL_STATE,11.158533782347194,0.0,0.5532599667755419,2.5858129104448846,-0.20180396554426305,0.0,14.999999999999998,0.0,553,TAKEOFF
4.6499999999999915,HIL_STATE,11.287987684295786,0.0,0.542466173734002,2.58907803897183,-0.21587586083079946,0.0,14.999999999999998,0.0,542,TAKEOFF
4.699999999999991,HIL_STATE,11.417603799510145,0.0,0.5310181515194635,2.5923223042871726,-0.22896044429076792,0.0,14.999999999999998,0.0,531,TAKEOFF
4.749999999999991,HIL_STATE,11.547381247085093,0.0,0.5189468172861502,2.5955489514989867,-0.24142668466626704,0.0,14.999999999999998,0.0,518,TAKEOFF
4.799999999999991,HIL_STATE,11.67732007465184,0.0,0.5062645362124932,2.598776551334922,-0.2536456214731395,0.0,14.999999999999998,0.0,506,TAKEOFF
4.849999999999991,HIL_STATE,11.80742143766192,0.0,0.49297456964916386,2.6020272602016017,-0.2657993312665876,0.0,14.999999999999998,0.0,492,TAKEOFF
4.899999999999991,HIL_STATE,11.937687186903524,0.0,0.47908306043888993,2.605314984832068,-0.27783018420547817,0.0,14.999999999999998,0.0,479,TAKEOFF
4.94999999999999,HIL_STATE,12.068119147788261,0.0,0.46460702869990583,2.608639217694727,-0.2895206347796816,0.0,14.999999999999998,0.0,464,TAKEOFF
4.99999999999999,HIL_STATE,12.19871845932236,0.0,0.44957548339180414,2.611986230681958,-0.30063090616203386,0.0,14.999999999999998,0.0,449,TAKEOFF
5.04999999999999,HIL_STATE,12.329485228981506,0.0,0.4340249264560177,2.6153353931829186,-0.3110111387157291,0.0,14.999999999999998,0.0,434,TAKEOFF
5.09999999999999,HIL_STATE,12.460418552323334,0.0,0.41799297336139085,2.618666466836562,-0.32063906189253644,0.0,14.999999999999998,0.0,417,TAKEOFF
5.14999999999999,HIL_STATE,12.591516765443355,0.0,0.4015137153742953,2.621964262400422,-0.3295851597419106,0.0,14.999999999999998,0.0,401,TAKEOFF
5.1999999999999895,HIL_STATE,12.722777726028424,0.0,0.384616543954635,2.6252192117013644,-0.3379434283932061,0.0,14.999999999999998,0.0,384,TAKEOFF
5.249999999999989,HIL_STATE,12.854198963861156,0.0,0.3673279424639409,2.6284247566546677,-0.3457720298138826,0.0,14.999999999999998,0.0,367,TAKEOFF
5.299999999999989,HIL_STATE,12.985777651493018,0.0,0.34967444605354403,2.6315737526372436,-0.35306992820793703,0.0,14.999999999999998,0.0,349,TAKEOFF
5.349999999999989,HIL_STATE,13.117510448521562,0.0,0.33168495615162225,2.634655940570889,-0.35978979803843586,0.0,14.999999999999998,0.0,331,TAKEOFF
5.399999999999989,HIL_STATE,13.249393320148005,0.0,0.3133914786801517,2.63765743252885,-0.3658695494294102,0.0,14.999999999999998,0.0,313,TAKEOFF
5.449999999999989,HIL_STATE,13.381421415717552,0.0,0.2948284156263548,2.640561911390944,-0.37126126107593793,0.0,14.999999999999998,0.0,294,TAKEOFF
5.4999999999999885,HIL_STATE,13.513589041549386,0.0,0.2760311963317796,2.6433525166366643,-0.3759443858915046,0.0,14.999999999999998,0.0,276,TAKEOFF
5.549999999999988,HIL_STATE,13.645889710338675,0.0,0.25703509346947934,2.646013375785804,-0.37992205724600503,0.0,14.999999999999998,0.0,257,TAKEOFF
5.599999999999988,HIL_STATE,13.778316222005985,0.0,0.2378746972048662,2.648530233346189,-0.38320792529226255,0.0,14.999999999999998,0.0,237,TAKEOFF
5.649999999999988,HIL_STATE,13.910860733563469,0.0,0.21858404636899026,2.6508902311496594,-0.3858130167175186,0.0,14.999999999999998,0.0,218,TAKEOFF
5.699999999999988,HIL_STATE,14.043514797442375,0.0,0.19919710443846939,2.6530812775781287,-0.3877388386104172,0.0,14.999999999999998,0.0,199,TAKEOFF
5.749999999999988,HIL_STATE,14.17626937203547,0.0,0.1797482144193553,2.655091491861913,-0.3889778003822819,0.0,14.999999999999998,0.0,179,TAKEOFF
5.799999999999987,HIL_STATE,14.309114822534326,0.0,0.16027230568204448,2.656909009977104,-0.389518174746216,0.0,14.999999999999998,0.0,160,TAKEOFF
5.849999999999987,HIL_STATE,14.442040931039823,0.0,0.14080482267916417,2.658522170109959,-0.38934966005760596,0.0,14.999999999999998,0.0,140,TAKEOFF
5.899999999999987,HIL_STATE,14.575036926545776,0.0,0.12138148615429377,2.6599199101190547,-0.38846673049740793,0.0,14.999999999999998,0.0,121,TAKEOFF
5.949999999999987,HIL_STATE,14.708091534872958,0.0,0.10203803582838301,2.661092166543651,-0.38686900651821504,0.0,14.999999999999998,0.0,102,TAKEOFF
5.999999999999987,HIL_STATE,14.841193041630778,0.0,0.08281005879203095,2.6620301351564013,-0.38455954072704135,0.0,14.999999999999998,0.0,82,TAKEOFF
6.0499999999999865,HIL_STATE,14.974329359824257,0.0,0.06373293118228007,2.662726363869571,-0.3815425521950173,0.0,14.999999999999998,0.0,63,TAKEOFF
6.099999999999986,HIL_STATE,15.10748809650804,0.0,0.04484183936303164,2.6631747336756777,-0.3778218363849686,0.0,14.999999999999998,0.0,44,TAKEOFF
6.149999999999986,HIL_STATE,15.240656617098857,0.0,0.02617182327990243,2.6633704118163206,-0.3734003216625842,0.0,14.999999999999998,0.0,26,TAKEOFF
6.199999999999986,HIL_STATE,15.373822109123722,0.0,0.007757795636707188,2.663309840497293,-0.3682805528639048,0.0,14.999999999999998,0.0,7,TAKEOFF
6.249999999999986,HIL_STATE,15.506971648207832,0.0,-0.010365481748205209,2.6629907816821947,-0.36246554769824796,0.0,14.999999999999998,0.0,-10,TAKEOFF
6.299999999999986,HIL_STATE,15.640092268278385,0.0,-0.02816345727054594,2.6624124014110433,-0.3559595104468146,0.0,14.999999999999998,0.0,-28,TAKEOFF
6.349999999999985,HIL_STATE,15.773171036307795,0.0,-0.04560186435926098,2.661575360588198,-0.3487681417743008,0.0,14.999999999999998,0.0,-45,TAKEOFF
6.399999999999985,HIL_STATE,15.90619513047217,0.0,-0.0626467923274814,2.6604818832874915,-0.3408985593644083,0.0,14.999999999999998,0.0,-62,TAKEOFF
6.449999999999985,HIL_STATE,16.03915191992212,0.0,-0.07926474291432678,2.6591357889989795,-0.33235901173690763,0.0,14.999999999999998,0.0,-79,TAKEOFF
6.499999999999985,HIL_STATE,16.172029044467543,0.0,-0.09542267262103683,2.657542490908465,-0.32315859413420106,0.0,14.999999999999998,0.0,-95,TAKEOFF
6.549999999999985,HIL_STATE,16.304814493026623,0.0,-0.11108802771174847,2.6557089711816104,-0.3133071018142328,0.0,14.999999999999998,0.0,-111,TAKEOFF
6.5999999999999845,HIL_STATE,16.437496680269767,0.0,-0.12622878026740691,2.6536437448629218,-0.3028150511131689,0.0,14.999999999999998,0.0,-126,TAKEOFF
6.649999999999984,HIL_STATE,16.57006452122606,0.0,-0.1408134711906537,2.6513568191258794,-0.2916938184649357,0.0,14.999999999999998,0.0,-140,TAKEOFF
6.699999999999984,HIL_STATE,16.702507503645684,0.0,-0.1548112620345271,2.6488596483924147,-0.2799558168774681,0.0,14.999999999999998,0.0,-154,TAKEOFF
6.749999999999984,HIL_STATE,16.834815757722396,0.0,-0.16819199418339953,2.6461650815342077,-0.2676146429774487,0.0,14.999999999999998,0.0,-168,TAKEOFF
6.799999999999984,HIL_STATE,16.966980122534398,0.0,-0.18092625238460472,2.6432872962400533,-0.25468516402410396,0.0,14.999999999999998,0.0,-180,TAKEOFF
6.849999999999984,HIL_STATE,17.098992208391092,0.0,-0.19298542989630374,2.6402417171339096,-0.24118355023398036,0.0,14.999999999999998,0.0,-192,TAKEOFF
6.8999999999999835,HIL_STATE,17.230844454235086,0.0,-0.2043417938356779,2.637044916879907,-0.22712727878748312,0.0,14.999999999999998,0.0,-204,TAKEOFF
6.949999999999983,HIL_STATE,17.362530179328253,0.0,-0.21496855076718532,2.6337145018633152,-0.21253513863014828,0.0,14.999999999999998,0.0,-214,TAKEOFF
6.999999999999983,HIL_STATE,17.494043628591534,0.0,-0.22483991350337018,2.6302689852655896,-0.19742725472369743,0.0,14.999999999999998,0.0,-224,TAKEOFF
7.049999999999983,HIL_STATE,17.625380011110682,0.0,-0.23393117026651603,2.6267276503829926,-0.1818251352629171,0.0,14.999999999999998,0.0,-233,TAKEOFF
7.099999999999983,HIL_STATE,17.756535531426657,0.0,-0.24221875691625466,2.6231104063194945,-0.16575173299477278,0.0,14.999999999999998,0.0,-242,TAKEOFF
7.149999999999983,HIL_STATE,17.887507413292802,0.0,-0.24968033221867195,2.61943763732291,-0.1492315060483456,0.0,14.999999999999998,0.0,-249,TAKEOFF
7.199999999999982,HIL_STATE,18.018293915617445,0.0,-0.2562948554536995,2.615730046492847,-0.1322904647005509,0.0,14.999999999999998,0.0,-256,TAKEOFF
7.249999999999982,HIL_STATE,18.148894340344885,0.0,-0.26204266524376835,2.6120084945487787,-0.11495619580137642,0.0,14.999999999999998,0.0,-262,TAKEOFF
7.299999999999982,HIL_STATE,18.27930903208077,0.0,-0.26690555838871177,2.608293834717693,-0.097257862898868,0.0,14.999999999999998,0.0,-266,TAKEOFF
7.349999999999982,HIL_STATE,18.409539369348053,0.0,-0.2708668676298517,2.60460674534561,-0.07922618482279828,0.0,14.999999999999998,0.0,-270,TAKEOFF
7.399999999999982,HIL_STATE,18.539587747463443,0.0,-0.27391153749873526,2.6009675623078206,-0.060893397377671854,0.0,14.999999999999998,0.0,-273,TAKEOFF
7.4499999999999815,HIL_STATE,18.66943970144778,0.0,-0.27603098094672723,2.597039079686724,-0.042388868959839725,0.0,14.999999999999998,0.0,-276,TAKEOFF
7.499999999999981,HIL_STATE,18.799073461512183,0.0,-0.27721965893914635,2.592675201288079,-0.023773559848382878,0.0,14.999999999999998,0.0,-277,TAKEOFF
7.549999999999981,HIL_STATE,18.92847126180728,0.0,-0.2774699155850572,2.587956005901956,-0.005005132918217137,0.0,14.999999999999998,0.0,-277,TAKEOFF
7.599999999999981,HIL_STATE,19.057618799616627,0.0,-0.27677098509056264,2.5829507561868956,0.013978609889890838,0.0,14.999999999999998,0.0,-276,TAKEOFF
7.649999999999981,HIL_STATE,19.186504998585274,0.0,-0.2751127551832113,2.5777239793729447,0.03316459814702672,0.0,14.999999999999998,0.0,-275,TAKEOFF
7.699999999999981,HIL_STATE,19.315122123744953,0.0,-0.2724937402487758,2.572342503193547,0.05238029868871044,0.0,14.999999999999998,0.0,-272,TAKEOFF
7.7499999999999805,HIL_STATE,19.44346550197969,0.0,-0.26891852681248335,2.5668675646947863,0.07150426872584986,0.0,14.999999999999998,0.0,-268,TAKEOFF
7.79999999999998,HIL_STATE,19.571533034641167,0.0,-0.26439325536938896,2.5613506532295305,0.09050542886188732,0.0,14.999999999999998,0.0,-264,TAKEOFF
7.84999999999998,HIL_STATE,19.699324662247808,0.0,-0.25892177395752913,2.5558325521327956,0.1094296282371968,0.0,14.999999999999998,0.0,-258,TAKEOFF
7.89999999999998,HIL_STATE,19.826841939223154,0.0,-0.2525041073550187,2.550345539506945,0.1283533320502079,0.0,14.999999999999998,0.0,-252,TAKEOFF
7.94999999999998,HIL_STATE,19.9540878063001,0.0,-0.24513764023122864,2.5449173415389157,0.14732934247580146,0.0,14.999999999999998,0.0,-245,TAKEOFF
7.99999999999998,HIL_STATE,20.081066545611034,0.0,-0.236820155323994,2.539574786218668,0.16634969814469266,0.0,14.999999999999998,0.0,-236,TAKEOFF
8.04999999999998,HIL_STATE,20.207783822134978,0.0,-0.2275531551098388,2.5343455304788707,0.18534000428310385,0.0,14.999999999999998,0.0,-227,TAKEOFF
8.09999999999998,HIL_STATE,20.33424669086414,0.0,-0.21734396998397998,2.529257374583285,0.20418370251717677,0.0,14.999999999999998,0.0,-217,TAKEOFF
8.14999999999998,HIL_STATE,20.460463485923146,0.0,-0.2062058815108971,2.5243359011800823,0.22276176946165752,0.0,14.999999999999998,0.0,-206,TAKEOFF
8.199999999999982,HIL_STATE,20.58644358039692,0.0,-0.19415646132982678,2.519601889475498,0.24098840362140683,0.0,14.999999999999998,0.0,-194,TAKEOFF
8.249999999999982,HIL_STATE,20.712197074203534,0.0,-0.18121508510820306,2.515069876132244,0.2588275244324744,0.0,14.999999999999998,0.0,-181,TAKEOFF
8.299999999999983,HIL_STATE,20.83773449928209,0.0,-0.1674008203150179,2.510748501571088,0.2762852958637032,0.0,14.999999999999998,0.0,-167,TAKEOFF
8.349999999999984,HIL_STATE,20.963066616070332,0.0,-0.15273156769541463,2.5066423357648837,0.29338505239206586,0.0,14.999999999999998,0.0,-152,TAKEOFF
8.399999999999984,HIL_STATE,21.08820432640562,0.0,-0.13722467012508716,2.5027542067057467,0.31013795140654915,0.0,14.999999999999998,0.0,-137,TAKEOFF
8.449999999999985,HIL_STATE,21.213158673401225,0.0,-0.12089852555998554,2.499086939912083,0.3265228913020325,0.0,14.999999999999998,0.0,-120,TAKEOFF
8.499999999999986,HIL_STATE,21.337940865192614,0.0,-0.10377435199613676,2.495643835827814,0.34248347127697565,0.0,14.999999999999998,0.0,-103,TAKEOFF
8.549999999999986,HIL_STATE,21.46256225997805,0.0,-0.08587728680626275,2.4924278957087465,0.3579413037974801,0.0,14.999999999999998,0.0,-85,TAKEOFF
8.599999999999987,HIL_STATE,21.58703428001242,0.0,-0.06723639309590076,2.4894404006874105,0.37281787420723955,0.0,14.999999999999998,0.0,-67,TAKEOFF
8.649999999999988,HIL_STATE,21.711368264202765,0.0,-0.047883676648711584,2.4866796838068823,0.38705432894378367,0.0,14.999999999999998,0.0,-47,TAKEOFF
8.699999999999989,HIL_STATE,21.835575301296753,0.0,-0.027852638223225944,2.4841407418798,0.4006207685097128,0.0,14.999999999999998,0.0,-27,TAKEOFF
8.74999999999999,HIL_STATE,21.95966609409162,0.0,-0.007177025742612909,2.4818158558973598,0.4135122496122607,0.0,14.999999999999998,0.0,-7,TAKEOFF
8.79999999999999,HIL_STATE,22.083650888497708,0.0,0.01410971818458965,2.4796958881217552,0.4257348785440511,0.0,14.999999999999998,0.0,14,TAKEOFF
8.84999999999999,HIL_STATE,22.207539470580155,0.0,0.035974184671679836,2.477771641648962,0.43728932974180373,0.0,14.999999999999998,0.0,35,TAKEOFF
8.899999999999991,HIL_STATE,22.331341206060497,0.0,0.058382153789241734,2.4760347096068487,0.44815938235123787,0.0,14.999999999999998,0.0,58,TAKEOFF
8.949999999999992,HIL_STATE,22.45506508333934,0.0,0.08129765175376139,2.4744775455768067,0.45830995929039314,0.0,14.999999999999998,0.0,81,TAKEOFF
8.999999999999993,HIL_STATE,22.57871972731686,0.0,0.10468237378817127,2.4730928795504106,0.4676944406881976,0.0,14.999999999999998,0.0,104,TAKEOFF
9.049999999999994,HIL_STATE,22.702313371903795,0.0,0.1284957220216904,2.4718728917387294,0.4762669646703825,0.0,14.999999999999998,0.0,128,TAKEOFF
9.099999999999994,HIL_STATE,22.82585380284012,0.0,0.15269540846028315,2.4708086187264584,0.483993728771855,0.0,14.999999999999998,0.0,152,TAKEOFF
9.149999999999995,HIL_STATE,22.94934829786442,0.0,0.17723833024479985,2.4698899004860992,0.4908584356903342,0.0,14.999999999999998,0.0,177,TAKEOFF
9.199999999999996,HIL_STATE,23.072803592205823,0.0,0.20208133836185554,2.469105886828019,0.49686016234111424,0.0,14.999999999999998,0.0,202,TAKEOFF
9.249999999999996,HIL_STATE,23.196225885096048,0.0,0.22718161146946247,2.4684458578044755,0.5020054621521388,0.0,14.999999999999998,0.0,227,TAKEOFF
9.299999999999997,HIL_STATE,23.319620884788126,0.0,0.2524965534764351,2.4678999938415562,0.5062988401394534,0.0,14.999999999999998,0.0,252,TAKEOFF
9.349999999999998,HIL_STATE,23.44299387452016,0.0,0.277983352584487,2.4674597946406434,0.5097359821610371,0.0,14.999999999999998,0.0,277,TAKEOFF
9.399999999999999,HIL_STATE,23.566349776476088,0.0,0.3035984728768711,2.4671180391185685,0.5123024058476825,0.0,14.999999999999998,0.0,303,TAKEOFF
9.45,HIL_STATE,23.689693196334634,0.0,0.3292973482528115,2.4668683971709484,0.5139775075188076,0.0,14.999999999999998,0.0,329,TAKEOFF
9.5,HIL_STATE,23.81302844359814,0.0,0.355034428407922,2.4667049452701013,0.5147416031022095,0.0,14.999999999999998,0.0,355,TAKEOFF
9.55,HIL_STATE,23.936359535965863,0.0,0.38076355399754275,2.4666218473545163,0.5145825117924157,0.0,14.999999999999998,0.0,380,TAKEOFF
9.600000000000001,HIL_STATE,24.059690203576977,0.0,0.4064384950571329,2.4666133522222533,0.5134988211918039,0.0,14.999999999999998,0.0,406,TAKEOFF
9.650000000000002,HIL_STATE,24.183023908262758,0.0,0.43201343294288624,2.4666740937155867,0.5114987577150667,0.0,14.999999999999998,0.0,432,TAKEOFF
9.700000000000003,HIL_STATE,24.306363885368196,0.0,0.45744321522180187,2.4667995421087916,0.5085956455783125,0.0,14.999999999999998,0.0,457,TAKEOFF
9.750000000000004,HIL_STATE,24.42971320552508,0.0,0.4826833318839652,2.4669864031376916,0.5048023332432667,0.0,14.999999999999998,0.0,482,TAKEOFF
9.800000000000004,HIL_STATE,24.553074845879575,0.0,0.5076896897067044,2.467232807089894,0.500127156454782,0.0,14.999999999999998,0.0,507,TAKEOFF
9.850000000000005,HIL_STATE,24.676451757907515,0.0,0.5324183418197832,2.4675382405588153,0.4945730422615767,0.0,14.999999999999998,0.0,532,TAKEOFF
9.900000000000006,HIL_STATE,24.799846922409827,0.0,0.5568253314600392,2.4679032900462636,0.4881397928051191,0.0,14.999999999999998,0.0,556,TAKEOFF
9.950000000000006,HIL_STATE,24.92326338925883,0.0,0.5808667404163682,2.4683293369800263,0.4808281791265809,0.0,14.999999999999998,0.0,580,TAKEOFF
10.000000000000007,HIL_STATE,25.046704306413094,0.0,0.6044989318410504,2.4688183430852937,0.4726438284936437,0.0,14.999999999999998,0.0,604,TAKEOFF
10.050000000000008,HIL_STATE,25.170172946586646,0.0,0.6276788921000609,2.4693728034710363,0.46359920518021014,0.0,14.999999999999998,0.0,627,TAKEOFF
10.100000000000009,HIL_STATE,25.293672739481593,0.0,0.6503645429876459,2.469995857898938,0.45371301775169987,0.0,14.999999999999998,0.0,650,TAKEOFF
10.15000000000001,HIL_STATE,25.417207313496434,0.0,0.6725149229626889,2.4706914802968316,0.44300759950086016,0.0,14.999999999999998,0.0,672,TAKEOFF
10.20000000000001,HIL_STATE,25.540780545553474,0.0,0.6940902052474526,2.471464641140795,0.43150564569527405,0.0,14.999999999999998,0.0,694,TAKEOFF
10.25000000000001,HIL_STATE,25.664396613620134,0.0,0.7150515963779761,2.4723213613332296,0.4192278226104709,0.0,14.999999999999998,0.0,715,TAKEOFF
10.300000000000011,HIL_STATE,25.788060045211516,0.0,0.7353612068045775,2.473268631827626,0.4061922085320282,0.0,14.999999999999998,0.0,735,TAKEOFF
10.350000000000012,HIL_STATE,25.911775756797265,0.0,0.75498198718355,2.4743142317149873,0.39241560757945004,0.0,14.999999999999998,0.0,754,TAKEOFF
10.400000000000013,HIL_STATE,26.035549082462712,0.0,0.773877784249395,2.4754665133089064,0.3779159413168988,0.0,14.999999999999998,0.0,773,TAKEOFF
10.450000000000014,HIL_STATE,26.15938579367275,0.0,0.7920135108739452,2.4767342242007975,0.3627145324910046,0.0,14.999999999999998,0.0,792,TAKEOFF
10.500000000000014,HIL_STATE,26.283292114078137,0.0,0.8093553745868453,2.4781264081076975,0.3468372742580009,0.0,14.999999999999998,0.0,809,TAKEOFF
10.550000000000015,HIL_STATE,26.40727473333892,0.0,0.8258710888123701,2.4796523852156254,0.3303142845104973,0.0,14.999999999999998,0.0,825,TAKEOFF
10.600000000000016,HIL_STATE,26.531340822239816,0.0,0.8415300068915015,2.4813217780179175,0.3131783615826259,0.0,14.999999999999998,0.0,841,TAKEOFF
10.650000000000016,HIL_STATE,26.655498048929356,0.0,0.856303159567276,2.4831445337907994,0.29546305351549046,0.0,14.999999999999998,0.0,856,TAKEOFF
10.700000000000017,HIL_STATE,26.779754594062204,0.0,0.87016322115254,2.485130902656998,0.2772012317052798,0.0,14.999999999999998,0.0,870,TAKEOFF
10.750000000000018,HIL_STATE,26.904119161742035,0.0,0.8830844577652679,2.4872913535965964,0.258424732254559,0.0,14.999999999999998,0.0,883,TAKEOFF
10.800000000000018,HIL_STATE,27.02860098362123,0.0,0.8950427120576451,2.4896364375839144,0.23916508584754353,0.0,14.999999999999998,0.0,895,TAKEOFF
10.85000000000002,HIL_STATE,27.153209814916295,0.0,0.9060154553392886,2.4921766259012417,0.21945486563287198,0.0,14.999999999999998,0.0,906,TAKEOFF
10.90000000000002,HIL_STATE,27.27795592274125,0.0,0.9159819031591444,2.4949221564990554,0.19932895639711573,0.0,14.999999999999998,0.0,915,TAKEOFF
10.95000000000002,HIL_STATE,27.4028500683717,0.0,0.9249231611077653,2.4978829126089983,0.17882515897241866,0.0,14.999999999999998,0.0,924,TAKEOFF
11.000000000000021,HIL_STATE,27.527903485441925,0.0,0.9328223563201471,2.5010683414045514,0.15798390424763592,0.0,14.999999999999998,0.0,932,TAKEOFF
11.050000000000022,HIL_STATE,27.653127855642115,0.0,0.9396647199151952,2.5044874040037852,0.13684727190096116,0.0,14.999999999999998,0.0,939,TAKEOFF
11.100000000000023,HIL_STATE,27.778535282531276,0.0,0.9454376096422037,2.5081485377832577,0.11545779454017133,0.0,14.999999999999998,0.0,945,TAKEOFF
11.150000000000023,HIL_STATE,27.904138263062052,0.0,0.9501304879073262,2.512059610615538,0.09385756530245185,0.0,14.999999999999998,0.0,950,TAKEOFF
11.200000000000024,HIL_STATE,28.02994965572482,0.0,0.9537348862755629,2.516227853255375,0.07208796736473311,0.0,14.999999999999998,0.0,953,TAKEOFF
11.250000000000025,HIL_STATE,28.155982644075106,0.0,0.956244387473468,2.5206597670057085,0.05019002395810049,0.0,14.999999999999998,0.0,956,TAKEOFF
11.300000000000026,HIL_STATE,28.282250694796755,0.0,0.957654641734491,2.525361014432993,0.02820508522046133,0.0,14.999999999999998,0.0,957,TAKEOFF
11.350000000000026,HIL_STATE,28.408767510172783,0.0,0.9579634140682448,2.530336307520598,0.006175446675075323,0.0,14.999999999999998,0.0,957,TAKEOFF
11.400000000000027,HIL_STATE,28.535546975593448,0.0,0.9571706425608754,2.5355893084133188,-0.01585543014738966,0.0,14.999999999999998,0.0,957,TAKEOFF
11.450000000000028,HIL_STATE,28.66260293097402,0.0,0.9552819277511084,2.5411191076114568,-0.03777429619533941,0.0,14.999999999999998,0.0,955,TAKEOFF
11.500000000000028,HIL_STATE,28.78994868318641,0.0,0.9523157853951202,2.546915044247743,-0.059322847119765654,0.0,14.999999999999998,0.0,952,TAKEOFF
11.55000000000003,HIL_STATE,28.91756981973105,0.0,0.9482885051360007,2.552422730892783,-0.08054560518238965,0.0,14.999999999999998,0.0,948,TAKEOFF
11.60000000000003,HIL_STATE,29.045447428831423,0.0,0.943212922257604,2.5575521820074907,-0.1015116575679332,0.0,14.999999999999998,0.0,943,TAKEOFF
11.65000000000003,HIL_STATE,29.17356719981086,0.0,0.9370986683040889,2.562395419588737,-0.12228507907030046,0.0,14.999999999999998,0.0,937,TAKEOFF
11.700000000000031,HIL_STATE,29.301918778962502,0.0,0.9299530392563252,2.5670315830328363,-0.14291258095527506,0.0,14.999999999999998,0.0,929,TAKEOFF
11.750000000000032,HIL_STATE,29.43049512378314,0.0,0.9217834719979145,2.571526896412726,-0.16339134516821358,0.0,14.999999999999998,0.0,921,TAKEOFF
11.800000000000033,HIL_STATE,29.55929186261395,0.0,0.9126001471402744,2.5759347766162244,-0.18366649715280312,0.0,14.999999999999998,0.0,912,TAKEOFF
11.850000000000033,HIL_STATE,29.68830670718213,0.0,0.9024173981073091,2.580296891363595,-0.20365498065930535,0.0,14.999999999999998,0.0,902,TAKEOFF
11.900000000000034,HIL_STATE,29.8175389696688,0.0,0.8912534487909703,2.584645249733391,-0.2232789863267765,0.0,14.999999999999998,0.0,891,TAKEOFF
11.950000000000035,HIL_STATE,29.94698920799186,0.0,0.8791289557561051,2.5890047664611613,-0.24248986069730663,0.0,14.999999999999998,0.0,879,TAKEOFF
12.000000000000036,HIL_STATE,30.076658982476545,0.0,0.8660653541344784,2.5933954896937372,-0.2612720324325334,0.0,14.999999999999998,0.0,866,TAKEOFF

# summary
end_t,12.000000000000036,final_z,0.8660653541344784,final_x,30.076658982476545
